method,comfort_target,satisfaction,energy,sat_std,eng_std,kWh,kWh_std,degree_hours,dh_std,MO,MO_std,graph_condition,seed
PolicyGRID,0.5,93.01,34.25,0.21,0.0,3.767,0.0,0.0,0.0,0.8824,0.0018,Validated,42
PID,0.5,93.9,50.0,0.05,0.0,5.5,0.0,0.0,0.0,0.8621,0.0004,Validated,42
DDPC_Behavioral,0.5,82.11,45.77,0.04,3.05,5.035,0.335,0.0,0.0,0.7723,0.0052,Validated,42
DDPC_Subspace,0.5,82.07,42.2,0.11,5.45,4.642,0.599,0.0,0.0,0.7782,0.0104,Validated,42
DDPC_Neural,0.5,91.53,81.8,0.1,0.14,8.998,0.016,0.0,0.0,0.787,0.0011,Validated,42
DDPC_PETS,0.5,89.23,34.43,0.27,2.31,3.787,0.254,0.0,0.0,0.8509,0.002,Validated,42
MPC_Linear,0.5,82.85,19.64,0.71,1.01,2.161,0.111,0.047,0.067,0.8241,0.0042,Validated,42
C-MBPO,0.5,79.77,10.86,0.29,0.0,1.194,0.0,0.08,0.056,0.8141,0.0024,Validated,42
PolicyGRID,0.8,91.81,24.8,0.39,0.0,2.728,0.0,0.006,0.004,0.8716,0.0028,Validated,42
PID,0.8,93.5,50.0,0.19,0.0,5.5,0.0,0.0,0.0,0.8132,0.0013,Validated,42
DDPC_Behavioral,0.8,75.55,4.06,0.52,0.35,0.447,0.038,0.956,0.063,0.8126,0.0046,Validated,42
DDPC_Subspace,0.8,75.66,2.28,0.3,0.27,0.25,0.03,0.976,0.162,0.8184,0.0023,Validated,42
DDPC_Neural,0.8,91.58,82.09,0.03,0.48,9.03,0.052,0.0,0.0,0.7095,0.0011,Validated,42
DDPC_PETS,0.8,89.03,31.59,0.45,1.71,3.474,0.189,0.0,0.0,0.8326,0.004,Validated,42
MPC_Linear,0.8,82.75,19.86,0.25,0.67,2.184,0.073,0.014,0.013,0.8202,0.0036,Validated,42
C-MBPO,0.8,78.32,10.86,0.77,0.0,1.194,0.0,0.111,0.024,0.8135,0.0056,Validated,42
PolicyGRID,1.0,91.18,18.49,0.4,0.0,2.035,0.0,0.052,0.035,0.878,0.0026,Validated,42
PID,1.0,93.91,50.0,0.18,0.0,5.5,0.0,0.0,0.0,0.7854,0.0012,Validated,42
DDPC_Behavioral,1.0,70.98,2.28,1.06,0.83,0.251,0.092,3.387,0.665,0.8034,0.0098,Validated,42
DDPC_Subspace,1.0,71.76,1.81,1.02,0.07,0.199,0.008,3.084,0.276,0.8101,0.0067,Validated,42
DDPC_Neural,1.0,91.5,82.27,0.07,0.32,9.049,0.036,0.0,0.0,0.6568,0.0015,Validated,42
DDPC_PETS,1.0,89.09,32.3,0.02,0.4,3.553,0.044,0.0,0.0,0.816,0.0015,Validated,42
MPC_Linear,1.0,82.63,20.45,0.01,0.86,2.249,0.094,0.0,0.0,0.8155,0.0029,Validated,42
C-MBPO,1.0,78.82,10.86,0.13,0.0,1.194,0.0,0.082,0.044,0.8243,0.0008,Validated,42
PolicyGRID,1.5,79.49,4.93,1.06,0.0,0.542,0.0,5.522,0.924,0.8767,0.005,Validated,42
PID,1.5,93.89,50.0,0.14,0.0,5.5,0.0,0.0,0.0,0.7085,0.0006,Validated,42
DDPC_Behavioral,1.5,72.7,0.42,1.34,0.0,0.046,0.0,2.641,0.776,0.8682,0.0064,Validated,42
DDPC_Subspace,1.5,68.91,0.42,1.8,0.0,0.046,0.0,4.894,1.028,0.8501,0.0086,Validated,42
DDPC_Neural,1.5,91.67,81.65,0.12,0.07,8.981,0.007,0.0,0.0,0.5318,0.0007,Validated,42
DDPC_PETS,1.5,88.79,31.58,0.65,1.24,3.474,0.137,0.0,0.0,0.781,0.0077,Validated,42
MPC_Linear,1.5,82.9,19.97,0.42,1.02,2.197,0.112,0.004,0.005,0.8139,0.0038,Validated,42
C-MBPO,1.5,79.14,10.86,0.12,0.0,1.194,0.0,0.067,0.048,0.8439,0.0006,Validated,42
PolicyGRID,2.0,81.67,4.93,1.34,0.0,0.542,0.0,3.984,0.254,0.9105,0.004,Validated,42
PID,2.0,93.87,50.0,0.12,0.0,5.5,0.0,0.0,0.0,0.6316,0.0004,Validated,42
DDPC_Behavioral,2.0,67.09,0.42,3.74,0.0,0.046,0.0,5.253,1.78,0.8984,0.0112,Validated,42
DDPC_Subspace,2.0,67.66,0.42,2.51,0.0,0.046,0.0,5.351,1.469,0.9001,0.0075,Validated,42
DDPC_Neural,2.0,91.67,82.41,0.17,0.47,9.065,0.052,0.0,0.0,0.3982,0.0029,Validated,42
DDPC_PETS,2.0,89.24,31.94,0.45,0.44,3.513,0.049,0.0,0.0,0.7442,0.0019,Validated,42
MPC_Linear,2.0,82.8,20.18,0.19,1.28,2.22,0.141,0.026,0.035,0.8071,0.0089,Validated,42
C-MBPO,2.0,79.36,10.86,0.62,0.0,1.194,0.0,0.141,0.184,0.8621,0.0018,Validated,42
PolicyGRID,0.5,92.85,34.25,0.5,0.0,3.767,0.0,0.0,0.0,0.8811,0.0042,Validated,123
PID,0.5,93.7,50.0,0.11,0.0,5.5,0.0,0.0,0.0,0.8605,0.0009,Validated,123
DDPC_Behavioral,0.5,82.16,58.23,0.05,4.89,6.406,0.538,0.0,0.0,0.751,0.0087,Validated,123
DDPC_Subspace,0.5,82.09,43.21,0.03,3.16,4.753,0.347,0.0,0.0,0.7766,0.0058,Validated,123
DDPC_Neural,0.5,91.46,81.47,0.07,0.45,8.962,0.05,0.0,0.0,0.787,0.0005,Validated,123
DDPC_PETS,0.5,88.93,30.95,0.5,0.21,3.404,0.023,0.0,0.0,0.8545,0.0043,Validated,123
MPC_Linear,0.5,82.55,19.89,0.36,0.05,2.188,0.005,0.045,0.032,0.8213,0.0029,Validated,123
C-MBPO,0.5,79.32,10.59,0.73,0.0,1.165,0.0,0.107,0.094,0.8109,0.006,Validated,123
PolicyGRID,0.8,92.47,24.8,0.23,0.0,2.728,0.0,0.011,0.014,0.8763,0.0017,Validated,123
PID,0.8,93.57,50.0,0.25,0.0,5.5,0.0,0.0,0.0,0.8137,0.0018,Validated,123
DDPC_Behavioral,0.8,75.79,2.88,0.63,1.2,0.317,0.132,0.92,0.261,0.8176,0.0075,Validated,123
DDPC_Subspace,0.8,76.38,2.34,0.97,0.96,0.257,0.105,0.718,0.276,0.8234,0.0096,Validated,123
DDPC_Neural,0.8,91.54,81.94,0.15,0.26,9.013,0.029,0.0,0.0,0.7097,0.0004,Validated,123
DDPC_PETS,0.8,88.87,34.11,0.35,1.25,3.752,0.137,0.0,0.0,0.8244,0.001,Validated,123
MPC_Linear,0.8,83.2,21.58,0.45,1.43,2.373,0.157,0.0,0.0,0.8186,0.0051,Validated,123
C-MBPO,0.8,79.24,10.59,0.43,0.0,1.165,0.0,0.088,0.043,0.8209,0.0031,Validated,123
PolicyGRID,1.0,91.0,18.49,0.34,0.0,2.035,0.0,0.022,0.021,0.8768,0.0022,Validated,123
PID,1.0,93.83,50.0,0.1,0.0,5.5,0.0,0.0,0.0,0.7849,0.0007,Validated,123
DDPC_Behavioral,1.0,72.05,1.35,1.23,0.07,0.148,0.008,2.655,0.374,0.8136,0.0082,Validated,123
DDPC_Subspace,1.0,71.57,1.61,0.38,0.32,0.178,0.035,3.534,0.084,0.8095,0.0018,Validated,123
DDPC_Neural,1.0,91.4,81.57,0.16,0.34,8.972,0.037,0.0,0.0,0.6586,0.0016,Validated,123
DDPC_PETS,1.0,89.11,32.93,0.39,1.37,3.623,0.151,0.0,0.0,0.8139,0.0028,Validated,123
MPC_Linear,1.0,82.46,20.29,0.07,0.46,2.232,0.051,0.025,0.022,0.8149,0.0015,Validated,123
C-MBPO,1.0,78.57,10.59,0.45,0.0,1.165,0.0,0.066,0.049,0.8236,0.0029,Validated,123
PolicyGRID,1.5,82.46,4.93,1.94,0.0,0.542,0.0,4.233,1.448,0.8908,0.0092,Validated,123
PID,1.5,93.65,50.0,0.26,0.0,5.5,0.0,0.0,0.0,0.7073,0.0012,Validated,123
DDPC_Behavioral,1.5,66.44,0.42,2.8,0.0,0.046,0.0,5.501,2.138,0.8384,0.0133,Validated,123
DDPC_Subspace,1.5,68.45,0.42,3.63,0.0,0.046,0.0,4.821,1.84,0.848,0.0172,Validated,123
DDPC_Neural,1.5,91.48,81.9,0.1,0.37,9.009,0.04,0.0,0.0,0.5296,0.0024,Validated,123
DDPC_PETS,1.5,89.17,30.68,0.51,0.89,3.374,0.098,0.0,0.0,0.7875,0.0028,Validated,123
MPC_Linear,1.5,83.02,19.84,0.23,0.75,2.182,0.082,0.014,0.02,0.8152,0.0038,Validated,123
C-MBPO,1.5,79.23,10.59,0.53,0.0,1.165,0.0,0.072,0.102,0.8457,0.0025,Validated,123
PolicyGRID,2.0,76.16,4.93,1.32,0.0,0.542,0.0,6.232,1.186,0.894,0.004,Validated,123
PID,2.0,93.66,50.0,0.17,0.0,5.5,0.0,0.0,0.0,0.631,0.0005,Validated,123
DDPC_Behavioral,2.0,63.93,0.42,2.33,0.0,0.046,0.0,7.763,1.224,0.8889,0.007,Validated,123
DDPC_Subspace,2.0,66.27,0.42,3.03,0.0,0.046,0.0,6.157,1.303,0.8959,0.0091,Validated,123
DDPC_Neural,2.0,91.47,81.95,0.16,0.2,9.015,0.022,0.0,0.0,0.4007,0.0009,Validated,123
DDPC_PETS,2.0,88.91,29.52,0.19,0.48,3.247,0.053,0.0,0.0,0.7601,0.0039,Validated,123
MPC_Linear,2.0,82.82,19.81,0.09,0.47,2.179,0.051,0.006,0.005,0.8098,0.0031,Validated,123
C-MBPO,2.0,79.25,10.59,0.95,0.0,1.165,0.0,0.134,0.177,0.8636,0.0028,Validated,123
PolicyGRID,0.5,93.26,34.25,0.23,0.0,3.767,0.0,0.0,0.0,0.8844,0.0019,Validated,456
PID,0.5,93.83,50.0,0.17,0.0,5.5,0.0,0.0,0.0,0.8616,0.0014,Validated,456
DDPC_Behavioral,0.5,82.31,44.66,0.06,2.73,4.913,0.301,0.0,0.0,0.7759,0.0052,Validated,456
DDPC_Subspace,0.5,82.14,38.95,0.02,0.89,4.284,0.097,0.0,0.0,0.7845,0.0014,Validated,456
DDPC_Neural,0.5,91.42,81.94,0.02,0.25,9.013,0.028,0.0,0.0,0.7858,0.0003,Validated,456
DDPC_PETS,0.5,89.19,31.37,0.04,1.23,3.451,0.136,0.0,0.0,0.8559,0.0019,Validated,456
MPC_Linear,0.5,82.76,20.82,0.77,1.18,2.291,0.129,0.003,0.003,0.8213,0.0077,Validated,456
C-MBPO,0.5,78.76,10.76,0.16,0.0,1.183,0.0,0.13,0.089,0.8059,0.0013,Validated,456
PolicyGRID,0.8,91.89,24.8,0.37,0.0,2.728,0.0,0.003,0.003,0.8722,0.0026,Validated,456
PID,0.8,93.97,50.0,0.18,0.0,5.5,0.0,0.0,0.0,0.8166,0.0013,Validated,456
DDPC_Behavioral,0.8,75.82,3.85,0.33,0.38,0.423,0.042,1.225,0.195,0.8152,0.0022,Validated,456
DDPC_Subspace,0.8,75.44,4.41,0.48,1.1,0.485,0.121,1.075,0.224,0.8108,0.0065,Validated,456
DDPC_Neural,0.8,91.53,81.87,0.08,0.5,9.006,0.055,0.0,0.0,0.7098,0.0011,Validated,456
DDPC_PETS,0.8,89.26,33.48,0.5,0.98,3.683,0.107,0.0,0.0,0.8289,0.0015,Validated,456
MPC_Linear,0.8,83.11,19.6,0.18,0.29,2.156,0.032,0.0,0.0,0.8235,0.0019,Validated,456
C-MBPO,0.8,79.0,10.76,0.81,0.0,1.183,0.0,0.142,0.094,0.8187,0.0058,Validated,456
PolicyGRID,1.0,91.45,18.49,0.6,0.0,2.035,0.0,0.034,0.009,0.8797,0.0039,Validated,456
PID,1.0,93.71,50.0,0.33,0.0,5.5,0.0,0.0,0.0,0.7841,0.0022,Validated,456
DDPC_Behavioral,1.0,71.13,1.8,0.52,0.3,0.198,0.033,3.155,0.311,0.806,0.0042,Validated,456
DDPC_Subspace,1.0,72.48,1.15,0.43,0.33,0.127,0.036,2.407,0.039,0.8171,0.0018,Validated,456
DDPC_Neural,1.0,91.62,82.34,0.09,0.41,9.058,0.045,0.0,0.0,0.6573,0.0019,Validated,456
DDPC_PETS,1.0,88.83,30.54,0.22,1.05,3.359,0.116,0.001,0.001,0.8205,0.0041,Validated,456
MPC_Linear,1.0,83.06,21.34,0.46,1.02,2.348,0.112,0.003,0.001,0.8152,0.0044,Validated,456
C-MBPO,1.0,79.37,10.76,0.58,0.0,1.183,0.0,0.086,0.08,0.8283,0.0038,Validated,456
PolicyGRID,1.5,78.25,4.93,0.84,0.0,0.542,0.0,6.213,0.882,0.8708,0.004,Validated,456
PID,1.5,93.9,50.0,0.08,0.0,5.5,0.0,0.0,0.0,0.7085,0.0004,Validated,456
DDPC_Behavioral,1.5,68.28,0.42,2.9,0.0,0.046,0.0,4.766,1.812,0.8471,0.0138,Validated,456
DDPC_Subspace,1.5,66.69,0.42,3.16,0.0,0.046,0.0,6.198,1.999,0.8396,0.015,Validated,456
DDPC_Neural,1.5,91.69,82.43,0.0,0.48,9.068,0.053,0.0,0.0,0.5278,0.0025,Validated,456
DDPC_PETS,1.5,89.3,31.35,0.19,1.57,3.448,0.172,0.0,0.0,0.7846,0.0073,Validated,456
MPC_Linear,1.5,82.45,20.43,0.69,1.25,2.248,0.137,0.036,0.028,0.8094,0.0067,Validated,456
C-MBPO,1.5,79.01,10.76,0.48,0.0,1.183,0.0,0.126,0.042,0.8438,0.0023,Validated,456
PolicyGRID,2.0,81.84,4.93,2.98,0.0,0.542,0.0,4.386,1.515,0.9111,0.0089,Validated,456
PID,2.0,93.74,50.0,0.03,0.0,5.5,0.0,0.0,0.0,0.6312,0.0001,Validated,456
DDPC_Behavioral,2.0,67.13,0.42,2.5,0.0,0.046,0.0,5.439,1.503,0.8985,0.0075,Validated,456
DDPC_Subspace,2.0,67.27,0.42,1.25,0.0,0.046,0.0,5.551,0.955,0.8989,0.0038,Validated,456
DDPC_Neural,2.0,91.57,81.81,0.08,0.22,8.999,0.024,0.0,0.0,0.402,0.0018,Validated,456
DDPC_PETS,2.0,89.23,30.96,0.32,0.64,3.406,0.07,0.0,0.0,0.7509,0.0042,Validated,456
MPC_Linear,2.0,82.54,20.27,0.41,0.45,2.229,0.05,0.012,0.018,0.8057,0.0041,Validated,456
C-MBPO,2.0,79.4,10.76,0.3,0.0,1.183,0.0,0.031,0.014,0.8629,0.0009,Validated,456
PolicyGRID,0.5,93.6,48.22,0.29,0.0,5.304,0.0,0.0,0.0,0.8628,0.0024,Obs-Only,42
PID,0.5,93.76,50.0,0.18,0.0,5.5,0.0,0.0,0.0,0.861,0.0015,Obs-Only,42
DDPC_Behavioral,0.5,82.11,44.35,0.11,6.81,4.879,0.749,0.0,0.0,0.7748,0.0128,Obs-Only,42
DDPC_Subspace,0.5,82.15,38.84,0.06,1.04,4.272,0.114,0.0,0.0,0.7848,0.0023,Obs-Only,42
DDPC_Neural,0.5,91.64,81.98,0.1,0.55,9.018,0.06,0.0,0.0,0.7876,0.001,Obs-Only,42
DDPC_PETS,0.5,89.06,33.24,0.55,2.86,3.656,0.314,0.0,0.0,0.8516,0.0012,Obs-Only,42
MPC_Linear,0.5,82.65,19.68,0.26,0.98,2.164,0.108,0.033,0.027,0.8224,0.0014,Obs-Only,42
C-MBPO,0.5,78.57,10.89,0.53,0.0,1.197,0.0,0.235,0.127,0.8042,0.0043,Obs-Only,42
PolicyGRID,0.8,93.87,47.15,0.1,0.0,5.187,0.0,0.0,0.0,0.8239,0.0007,Obs-Only,42
PID,0.8,94.0,50.0,0.17,0.0,5.5,0.0,0.0,0.0,0.8168,0.0013,Obs-Only,42
DDPC_Behavioral,0.8,75.51,3.52,0.46,0.26,0.388,0.029,1.022,0.221,0.8138,0.0039,Obs-Only,42
DDPC_Subspace,0.8,74.88,2.97,0.41,0.88,0.327,0.097,1.313,0.286,0.8108,0.0054,Obs-Only,42
DDPC_Neural,0.8,91.66,82.15,0.19,0.49,9.036,0.054,0.0,0.0,0.7099,0.0027,Obs-Only,42
DDPC_PETS,0.8,88.87,32.01,0.35,1.74,3.522,0.191,0.0,0.0,0.8302,0.0023,Obs-Only,42
MPC_Linear,0.8,82.62,19.86,0.69,0.67,2.184,0.073,0.018,0.014,0.8193,0.0033,Obs-Only,42
C-MBPO,0.8,79.04,10.89,0.77,0.0,1.197,0.0,0.17,0.182,0.8186,0.0055,Obs-Only,42
PolicyGRID,1.0,93.47,46.44,0.21,0.0,5.108,0.0,0.0,0.0,0.795,0.0013,Obs-Only,42
PID,1.0,94.14,50.0,0.11,0.0,5.5,0.0,0.0,0.0,0.7869,0.0007,Obs-Only,42
DDPC_Behavioral,1.0,72.06,1.66,0.88,0.38,0.183,0.042,2.771,0.221,0.8126,0.007,Obs-Only,42
DDPC_Subspace,1.0,73.94,1.18,1.81,0.1,0.13,0.011,2.53,0.865,0.8265,0.0117,Obs-Only,42
DDPC_Neural,1.0,91.62,81.75,0.02,0.26,8.993,0.028,0.0,0.0,0.6594,0.001,Obs-Only,42
DDPC_PETS,1.0,88.94,31.95,0.5,0.93,3.514,0.102,0.0,0.0,0.8163,0.0003,Obs-Only,42
MPC_Linear,1.0,82.63,20.45,0.16,0.86,2.249,0.094,0.016,0.017,0.8155,0.004,Obs-Only,42
C-MBPO,1.0,78.68,10.89,0.61,0.0,1.197,0.0,0.126,0.102,0.8233,0.004,Obs-Only,42
PolicyGRID,1.5,93.48,44.66,0.21,0.0,4.913,0.0,0.0,0.0,0.7346,0.001,Obs-Only,42
PID,1.5,93.7,50.0,0.13,0.0,5.5,0.0,0.0,0.0,0.7076,0.0006,Obs-Only,42
DDPC_Behavioral,1.5,68.56,0.42,2.31,0.0,0.046,0.0,4.682,1.529,0.8485,0.0109,Obs-Only,42
DDPC_Subspace,1.5,65.17,0.42,4.0,0.0,0.046,0.0,7.124,2.509,0.8323,0.019,Obs-Only,42
DDPC_Neural,1.5,91.68,81.46,0.14,0.15,8.961,0.017,0.0,0.0,0.5328,0.0015,Obs-Only,42
DDPC_PETS,1.5,88.73,31.52,0.39,0.86,3.468,0.095,0.0,0.0,0.781,0.0028,Obs-Only,42
MPC_Linear,1.5,82.65,19.97,0.7,1.02,2.197,0.112,0.005,0.006,0.8127,0.0022,Obs-Only,42
C-MBPO,1.5,77.98,10.89,0.21,0.0,1.197,0.0,0.335,0.061,0.8382,0.001,Obs-Only,42
PolicyGRID,2.0,93.67,42.88,0.3,0.0,4.717,0.0,0.0,0.0,0.6808,0.0009,Obs-Only,42
PID,2.0,93.77,50.0,0.19,0.0,5.5,0.0,0.0,0.0,0.6313,0.0006,Obs-Only,42
DDPC_Behavioral,2.0,66.54,0.42,0.54,0.0,0.046,0.0,6.027,1.029,0.8967,0.0016,Obs-Only,42
DDPC_Subspace,2.0,69.75,0.42,3.32,0.0,0.046,0.0,4.239,1.9,0.9063,0.0099,Obs-Only,42
DDPC_Neural,2.0,91.61,81.62,0.12,0.34,8.978,0.037,0.0,0.0,0.4035,0.0026,Obs-Only,42
DDPC_PETS,2.0,89.28,32.68,0.15,2.18,3.595,0.24,0.0,0.0,0.7391,0.0149,Obs-Only,42
MPC_Linear,2.0,82.32,20.18,0.34,1.28,2.22,0.141,0.015,0.018,0.8057,0.0086,Obs-Only,42
C-MBPO,2.0,78.8,10.89,0.75,0.0,1.197,0.0,0.125,0.061,0.8602,0.0022,Obs-Only,42
PolicyGRID,0.5,93.88,48.22,0.18,0.0,5.304,0.0,0.0,0.0,0.8651,0.0015,Obs-Only,123
PID,0.5,93.62,50.0,0.2,0.0,5.5,0.0,0.0,0.0,0.8599,0.0016,Obs-Only,123
DDPC_Behavioral,0.5,82.29,49.0,0.09,7.63,5.39,0.839,0.0,0.0,0.7681,0.0137,Obs-Only,123
DDPC_Subspace,0.5,82.05,44.18,0.07,2.94,4.859,0.323,0.0,0.0,0.7746,0.0056,Obs-Only,123
DDPC_Neural,0.5,91.46,82.09,0.11,0.25,9.029,0.027,0.0,0.0,0.7859,0.0005,Obs-Only,123
DDPC_PETS,0.5,88.48,31.22,0.33,0.83,3.434,0.091,0.0,0.001,0.8503,0.0018,Obs-Only,123
MPC_Linear,0.5,82.23,19.88,0.54,0.06,2.187,0.007,0.02,0.019,0.8186,0.0044,Obs-Only,123
C-MBPO,0.5,79.06,10.62,0.55,0.0,1.168,0.0,0.073,0.049,0.8087,0.0046,Obs-Only,123
PolicyGRID,0.8,93.78,47.15,0.22,0.0,5.187,0.0,0.0,0.0,0.8232,0.0016,Obs-Only,123
PID,0.8,93.8,50.0,0.14,0.0,5.5,0.0,0.0,0.0,0.8154,0.001,Obs-Only,123
DDPC_Behavioral,0.8,75.76,3.68,0.33,0.33,0.405,0.037,1.518,0.185,0.8152,0.0031,Obs-Only,123
DDPC_Subspace,0.8,76.0,2.74,0.69,0.69,0.301,0.076,0.785,0.3,0.8195,0.0063,Obs-Only,123
DDPC_Neural,0.8,91.63,82.09,0.06,0.35,9.03,0.038,0.0,0.0,0.7098,0.0013,Obs-Only,123
DDPC_PETS,0.8,89.07,32.19,0.35,1.02,3.54,0.112,0.0,0.0,0.8312,0.0005,Obs-Only,123
MPC_Linear,0.8,83.12,21.58,0.19,1.43,2.373,0.157,0.0,0.0,0.8181,0.0049,Obs-Only,123
C-MBPO,0.8,79.56,10.62,0.91,0.0,1.168,0.0,0.017,0.012,0.8231,0.0065,Obs-Only,123
PolicyGRID,1.0,93.68,46.44,0.29,0.0,5.108,0.0,0.0,0.0,0.7964,0.0019,Obs-Only,123
PID,1.0,94.01,50.0,0.14,0.0,5.5,0.0,0.0,0.0,0.7861,0.0009,Obs-Only,123
DDPC_Behavioral,1.0,73.28,1.22,0.34,0.56,0.134,0.062,2.41,0.555,0.8221,0.0004,Obs-Only,123
DDPC_Subspace,1.0,73.05,1.02,1.5,0.18,0.112,0.02,2.68,0.755,0.8212,0.0102,Obs-Only,123
DDPC_Neural,1.0,91.56,81.96,0.22,0.5,9.016,0.055,0.0,0.0,0.6583,0.0019,Obs-Only,123
DDPC_PETS,1.0,89.08,31.15,0.48,0.78,3.427,0.086,0.0,0.0,0.82,0.0011,Obs-Only,123
MPC_Linear,1.0,82.83,20.29,0.34,0.46,2.232,0.051,0.003,0.001,0.8174,0.0031,Obs-Only,123
C-MBPO,1.0,78.42,10.62,0.62,0.0,1.168,0.0,0.178,0.17,0.8226,0.0041,Obs-Only,123
PolicyGRID,1.5,93.44,44.66,0.33,0.0,4.913,0.0,0.0,0.0,0.7344,0.0016,Obs-Only,123
PID,1.5,93.45,50.0,0.16,0.0,5.5,0.0,0.0,0.0,0.7064,0.0008,Obs-Only,123
DDPC_Behavioral,1.5,69.11,0.42,3.3,0.0,0.046,0.0,4.634,2.219,0.8511,0.0157,Obs-Only,123
DDPC_Subspace,1.5,71.3,0.42,2.57,0.0,0.046,0.0,3.143,1.057,0.8615,0.0122,Obs-Only,123
DDPC_Neural,1.5,91.51,81.59,0.06,0.26,8.975,0.029,0.0,0.0,0.5313,0.0016,Obs-Only,123
DDPC_PETS,1.5,89.17,31.85,0.34,1.14,3.504,0.126,0.0,0.0,0.7813,0.0046,Obs-Only,123
MPC_Linear,1.5,82.49,19.84,0.71,0.75,2.182,0.082,0.006,0.008,0.8127,0.0048,Obs-Only,123
C-MBPO,1.5,78.6,10.62,0.8,0.0,1.168,0.0,0.148,0.153,0.8426,0.0038,Obs-Only,123
PolicyGRID,2.0,93.23,42.88,0.48,0.0,4.717,0.0,0.0,0.0,0.6795,0.0014,Obs-Only,123
PID,2.0,93.92,50.0,0.1,0.0,5.5,0.0,0.0,0.0,0.6318,0.0003,Obs-Only,123
DDPC_Behavioral,2.0,69.23,0.42,3.23,0.0,0.046,0.0,4.503,2.182,0.9048,0.0097,Obs-Only,123
DDPC_Subspace,2.0,67.46,0.42,0.8,0.0,0.046,0.0,5.796,0.704,0.8995,0.0024,Obs-Only,123
DDPC_Neural,2.0,91.64,82.15,0.14,0.65,9.036,0.072,0.0,0.0,0.3999,0.0045,Obs-Only,123
DDPC_PETS,2.0,89.51,32.21,0.17,1.33,3.543,0.146,0.0,0.0,0.7431,0.0089,Obs-Only,123
MPC_Linear,2.0,82.96,19.81,0.37,0.47,2.179,0.051,0.004,0.005,0.8102,0.0022,Obs-Only,123
C-MBPO,2.0,79.42,10.62,0.36,0.0,1.168,0.0,0.048,0.01,0.8639,0.0011,Obs-Only,123
PolicyGRID,0.5,93.93,48.22,0.2,0.0,5.304,0.0,0.0,0.0,0.8655,0.0017,Obs-Only,456
PID,0.5,93.9,50.0,0.24,0.0,5.5,0.0,0.0,0.0,0.8622,0.002,Obs-Only,456
DDPC_Behavioral,0.5,82.24,52.13,0.04,1.29,5.734,0.142,0.0,0.0,0.7623,0.002,Obs-Only,456
DDPC_Subspace,0.5,82.19,35.86,0.12,4.73,3.944,0.52,0.0,0.0,0.7903,0.0091,Obs-Only,456
DDPC_Neural,0.5,91.58,82.07,0.12,0.55,9.028,0.061,0.0,0.0,0.7869,0.0013,Obs-Only,456
DDPC_PETS,0.5,88.78,31.29,0.26,0.69,3.442,0.075,0.0,0.0,0.8527,0.0012,Obs-Only,456
MPC_Linear,0.5,83.05,20.82,0.32,1.18,2.291,0.129,0.025,0.034,0.8237,0.0044,Obs-Only,456
C-MBPO,0.5,78.86,10.78,0.15,0.0,1.185,0.0,0.081,0.01,0.8067,0.0012,Obs-Only,456
PolicyGRID,0.8,93.52,47.15,0.21,0.0,5.187,0.0,0.0,0.0,0.8213,0.0015,Obs-Only,456
PID,0.8,93.88,50.0,0.07,0.0,5.5,0.0,0.0,0.0,0.8159,0.0005,Obs-Only,456
DDPC_Behavioral,0.8,75.56,3.83,0.37,0.71,0.421,0.078,1.398,0.164,0.8133,0.0023,Obs-Only,456
DDPC_Subspace,0.8,75.44,3.05,0.09,0.8,0.335,0.088,0.978,0.393,0.8146,0.0026,Obs-Only,456
DDPC_Neural,0.8,91.73,82.09,0.11,0.44,9.03,0.048,0.0,0.0,0.7106,0.0015,Obs-Only,456
DDPC_PETS,0.8,89.17,33.02,0.28,2.39,3.632,0.262,0.0,0.0,0.8296,0.0059,Obs-Only,456
MPC_Linear,0.8,82.76,19.6,0.39,0.29,2.156,0.032,0.002,0.001,0.821,0.0036,Obs-Only,456
C-MBPO,0.8,79.61,10.78,0.37,0.0,1.185,0.0,0.072,0.045,0.823,0.0027,Obs-Only,456
PolicyGRID,1.0,93.68,46.44,0.07,0.0,5.108,0.0,0.0,0.0,0.7963,0.0005,Obs-Only,456
PID,1.0,93.66,50.0,0.15,0.0,5.5,0.0,0.0,0.0,0.7838,0.001,Obs-Only,456
DDPC_Behavioral,1.0,71.77,1.7,1.45,0.56,0.187,0.062,2.758,0.686,0.8106,0.0109,Obs-Only,456
DDPC_Subspace,1.0,72.29,1.59,1.48,0.19,0.175,0.021,2.477,0.716,0.8143,0.009,Obs-Only,456
DDPC_Neural,1.0,91.43,82.14,0.04,0.15,9.035,0.017,0.0,0.0,0.6568,0.0003,Obs-Only,456
DDPC_PETS,1.0,89.47,33.54,0.06,1.71,3.69,0.188,0.0,0.0,0.8141,0.0056,Obs-Only,456
MPC_Linear,1.0,82.59,21.34,0.78,1.02,2.348,0.112,0.0,0.0,0.8121,0.0026,Obs-Only,456
C-MBPO,1.0,78.99,10.78,0.63,0.0,1.185,0.0,0.119,0.065,0.8257,0.0041,Obs-Only,456
PolicyGRID,1.5,93.58,44.66,0.17,0.0,4.913,0.0,0.0,0.0,0.7351,0.0008,Obs-Only,456
PID,1.5,93.81,50.0,0.14,0.0,5.5,0.0,0.0,0.0,0.7081,0.0007,Obs-Only,456
DDPC_Behavioral,1.5,67.26,0.42,1.12,0.0,0.046,0.0,5.179,0.494,0.8423,0.0053,Obs-Only,456
DDPC_Subspace,1.5,68.87,0.42,2.82,0.0,0.046,0.0,4.531,1.251,0.8499,0.0134,Obs-Only,456
DDPC_Neural,1.5,91.75,81.97,0.11,0.33,9.016,0.037,0.0,0.0,0.5305,0.0018,Obs-Only,456
DDPC_PETS,1.5,88.54,30.9,0.55,0.62,3.399,0.068,0.0,0.0,0.7833,0.001,Obs-Only,456
MPC_Linear,1.5,82.08,20.43,0.41,1.25,2.248,0.137,0.005,0.003,0.8076,0.0052,Obs-Only,456
C-MBPO,1.5,79.09,10.78,0.52,0.0,1.185,0.0,0.065,0.064,0.8441,0.0025,Obs-Only,456
PolicyGRID,2.0,93.41,42.88,0.18,0.0,4.717,0.0,0.0,0.0,0.6801,0.0006,Obs-Only,456
PID,2.0,93.7,50.0,0.16,0.0,5.5,0.0,0.0,0.0,0.6311,0.0005,Obs-Only,456
DDPC_Behavioral,2.0,70.17,0.42,3.45,0.0,0.046,0.0,3.845,2.353,0.9076,0.0104,Obs-Only,456
DDPC_Subspace,2.0,69.06,0.42,0.87,0.0,0.046,0.0,4.309,0.307,0.9043,0.0026,Obs-Only,456
DDPC_Neural,2.0,91.64,81.79,0.14,0.3,8.996,0.033,0.0,0.0,0.4024,0.0021,Obs-Only,456
DDPC_PETS,2.0,89.02,31.75,0.27,0.91,3.493,0.1,0.0,0.0,0.7448,0.0056,Obs-Only,456
MPC_Linear,2.0,82.43,20.27,0.2,0.45,2.229,0.05,0.028,0.018,0.8054,0.0034,Obs-Only,456
C-MBPO,2.0,79.67,10.78,0.48,0.0,1.185,0.0,0.059,0.042,0.8636,0.0014,Obs-Only,456
PolicyGRID,0.5,91.51,48.61,0.04,0.0,5.347,0.0,0.0,0.0,0.8449,0.0004,Random,42
PID,0.5,93.7,50.0,0.12,0.0,5.5,0.0,0.0,0.0,0.8605,0.001,Random,42
DDPC_Behavioral,0.5,82.17,44.26,0.06,1.81,4.868,0.199,0.0,0.0,0.7755,0.0035,Random,42
DDPC_Subspace,0.5,82.15,39.04,0.03,2.43,4.294,0.267,0.0,0.0,0.7844,0.0044,Random,42
DDPC_Neural,0.5,91.4,82.05,0.18,0.52,9.026,0.057,0.0,0.0,0.7854,0.0007,Random,42
DDPC_PETS,0.5,89.01,32.41,0.42,0.65,3.565,0.072,0.0,0.0,0.8526,0.0023,Random,42
MPC_Linear,0.5,83.39,19.65,0.25,1.01,2.161,0.111,0.006,0.009,0.8286,0.001,Random,42
C-MBPO,0.5,78.49,10.85,0.52,0.0,1.193,0.0,0.065,0.044,0.8036,0.0043,Random,42
PolicyGRID,0.8,90.25,47.77,0.19,0.0,5.255,0.0,0.0,0.0,0.796,0.0013,Random,42
PID,0.8,93.72,50.0,0.13,0.0,5.5,0.0,0.0,0.0,0.8148,0.0009,Random,42
DDPC_Behavioral,0.8,74.89,3.97,0.15,0.41,0.437,0.045,1.295,0.223,0.8081,0.0002,Random,42
DDPC_Subspace,0.8,75.17,3.8,0.32,0.97,0.418,0.107,1.464,0.24,0.8106,0.0044,Random,42
DDPC_Neural,0.8,91.6,81.59,0.02,0.4,8.975,0.044,0.0,0.0,0.7111,0.0011,Random,42
DDPC_PETS,0.8,88.91,30.49,0.12,1.92,3.354,0.211,0.0,0.0,0.8347,0.0046,Random,42
MPC_Linear,0.8,82.96,19.86,0.28,0.67,2.184,0.073,0.004,0.005,0.8217,0.0024,Random,42
C-MBPO,0.8,78.87,10.85,0.5,0.0,1.193,0.0,0.045,0.038,0.8175,0.0036,Random,42
PolicyGRID,1.0,88.85,47.21,0.08,0.0,5.194,0.0,0.0,0.0,0.7622,0.0005,Random,42
PID,1.0,93.95,50.0,0.14,0.0,5.5,0.0,0.0,0.0,0.7857,0.0009,Random,42
DDPC_Behavioral,1.0,71.68,1.17,1.2,0.12,0.129,0.014,3.21,0.615,0.8118,0.0074,Random,42
DDPC_Subspace,1.0,71.45,1.18,0.52,0.41,0.13,0.045,3.262,0.497,0.8103,0.0031,Random,42
DDPC_Neural,1.0,91.63,81.85,0.06,0.25,9.004,0.028,0.0,0.0,0.6591,0.0005,Random,42
DDPC_PETS,1.0,89.0,30.44,0.1,0.75,3.349,0.083,0.001,0.001,0.8219,0.0026,Random,42
MPC_Linear,1.0,82.61,20.45,0.18,0.86,2.249,0.094,0.0,0.0,0.8154,0.0039,Random,42
C-MBPO,1.0,79.21,10.85,0.44,0.0,1.193,0.0,0.077,0.067,0.8269,0.0028,Random,42
PolicyGRID,1.5,83.32,45.83,0.16,0.0,5.041,0.0,0.0,0.0,0.6802,0.0008,Random,42
PID,1.5,93.79,50.0,0.1,0.0,5.5,0.0,0.0,0.0,0.708,0.0005,Random,42
DDPC_Behavioral,1.5,65.07,0.42,2.99,0.0,0.046,0.0,6.107,1.482,0.8319,0.0142,Random,42
DDPC_Subspace,1.5,66.12,0.42,1.95,0.0,0.046,0.0,5.984,0.621,0.8369,0.0092,Random,42
DDPC_Neural,1.5,91.52,81.96,0.13,0.3,9.015,0.033,0.0,0.0,0.5294,0.0021,Random,42
DDPC_PETS,1.5,88.97,31.43,0.35,1.0,3.457,0.11,0.0,0.001,0.7826,0.0036,Random,42
MPC_Linear,1.5,82.7,19.97,0.27,1.02,2.197,0.112,0.054,0.027,0.813,0.0047,Random,42
C-MBPO,1.5,79.32,10.85,0.93,0.0,1.193,0.0,0.136,0.067,0.8448,0.0044,Random,42
PolicyGRID,2.0,82.22,45.49,0.09,0.0,5.004,0.0,0.0,0.0,0.6282,0.0003,Random,42
PID,2.0,93.82,50.0,0.27,0.0,5.5,0.0,0.0,0.0,0.6314,0.0008,Random,42
DDPC_Behavioral,2.0,69.24,0.42,2.8,0.0,0.046,0.0,4.296,1.385,0.9048,0.0084,Random,42
DDPC_Subspace,2.0,69.61,0.42,2.92,0.0,0.046,0.0,4.561,1.394,0.9059,0.0088,Random,42
DDPC_Neural,2.0,91.55,82.2,0.05,0.23,9.042,0.025,0.0,0.0,0.3993,0.0017,Random,42
DDPC_PETS,2.0,89.21,30.89,0.61,2.03,3.398,0.223,0.0,0.0,0.7514,0.0124,Random,42
MPC_Linear,2.0,82.47,20.18,0.13,1.28,2.22,0.141,0.017,0.025,0.8061,0.0086,Random,42
C-MBPO,2.0,79.34,10.85,0.47,0.0,1.193,0.0,0.042,0.029,0.8621,0.0014,Random,42
PolicyGRID,0.5,91.6,48.61,0.18,0.0,5.347,0.0,0.0,0.0,0.8456,0.0015,Random,123
PID,0.5,93.7,50.0,0.21,0.0,5.5,0.0,0.0,0.0,0.8605,0.0017,Random,123
DDPC_Behavioral,0.5,82.26,48.96,0.1,11.04,5.386,1.214,0.0,0.0,0.768,0.0201,Random,123
DDPC_Subspace,0.5,82.05,43.82,0.07,2.1,4.821,0.231,0.0,0.0,0.7752,0.0034,Random,123
DDPC_Neural,0.5,91.63,82.38,0.04,0.46,9.062,0.051,0.0,0.0,0.7868,0.0005,Random,123
DDPC_PETS,0.5,89.35,31.36,0.16,1.58,3.45,0.173,0.0,0.0,0.8572,0.0016,Random,123
MPC_Linear,0.5,83.04,19.87,0.12,0.06,2.186,0.007,0.005,0.003,0.8253,0.0011,Random,123
C-MBPO,0.5,78.62,10.54,1.0,0.0,1.16,0.0,0.168,0.135,0.8052,0.0083,Random,123
PolicyGRID,0.8,90.12,47.77,0.24,0.0,5.255,0.0,0.0,0.0,0.7951,0.0017,Random,123
PID,0.8,93.66,50.0,0.09,0.0,5.5,0.0,0.0,0.0,0.8144,0.0006,Random,123
DDPC_Behavioral,0.8,75.37,3.46,0.56,0.82,0.38,0.091,1.19,0.519,0.813,0.0045,Random,123
DDPC_Subspace,0.8,75.84,3.16,0.88,0.69,0.348,0.076,1.131,0.244,0.8172,0.0083,Random,123
DDPC_Neural,0.8,91.61,81.97,0.1,0.25,9.017,0.027,0.0,0.0,0.7101,0.0011,Random,123
DDPC_PETS,0.8,88.71,30.2,0.51,2.19,3.323,0.241,0.0,0.0,0.8341,0.0028,Random,123
MPC_Linear,0.8,83.16,21.58,0.23,1.43,2.373,0.157,0.0,0.0,0.8183,0.0031,Random,123
C-MBPO,0.8,79.1,10.54,0.12,0.0,1.16,0.0,0.142,0.062,0.82,0.0009,Random,123
PolicyGRID,1.0,88.88,47.21,0.12,0.0,5.194,0.0,0.0,0.0,0.7625,0.0008,Random,123
PID,1.0,93.96,50.0,0.06,0.0,5.5,0.0,0.0,0.0,0.7857,0.0004,Random,123
DDPC_Behavioral,1.0,71.7,1.14,1.01,0.1,0.125,0.011,2.783,0.446,0.8121,0.0067,Random,123
DDPC_Subspace,1.0,73.08,1.37,1.4,0.6,0.15,0.066,2.489,0.846,0.8202,0.0108,Random,123
DDPC_Neural,1.0,91.58,82.19,0.12,0.35,9.041,0.039,0.0,0.0,0.6576,0.0005,Random,123
DDPC_PETS,1.0,89.14,31.86,0.34,0.6,3.504,0.066,0.0,0.0,0.8179,0.0023,Random,123
MPC_Linear,1.0,83.02,20.29,0.17,0.46,2.232,0.051,0.005,0.002,0.8186,0.0025,Random,123
C-MBPO,1.0,79.15,10.54,0.07,0.0,1.16,0.0,0.051,0.052,0.8276,0.0004,Random,123
PolicyGRID,1.5,83.39,45.83,0.15,0.0,5.041,0.0,0.0,0.0,0.6805,0.0007,Random,123
PID,1.5,93.9,50.0,0.13,0.0,5.5,0.0,0.0,0.0,0.7085,0.0006,Random,123
DDPC_Behavioral,1.5,67.94,0.42,3.49,0.0,0.046,0.0,5.712,1.753,0.8455,0.0166,Random,123
DDPC_Subspace,1.5,67.43,0.42,1.37,0.0,0.046,0.0,5.202,0.783,0.8431,0.0065,Random,123
DDPC_Neural,1.5,91.37,82.25,0.05,0.06,9.047,0.006,0.0,0.0,0.5272,0.0005,Random,123
DDPC_PETS,1.5,88.63,31.86,0.3,1.2,3.505,0.132,0.0,0.001,0.7787,0.0049,Random,123
MPC_Linear,1.5,83.17,19.84,0.53,0.75,2.182,0.082,0.001,0.001,0.8159,0.0014,Random,123
C-MBPO,1.5,78.49,10.54,0.78,0.0,1.16,0.0,0.16,0.091,0.8425,0.0037,Random,123
PolicyGRID,2.0,82.17,45.49,0.05,0.0,5.004,0.0,0.0,0.0,0.6281,0.0001,Random,123
PID,2.0,93.74,50.0,0.11,0.0,5.5,0.0,0.0,0.0,0.6312,0.0003,Random,123
DDPC_Behavioral,2.0,68.2,0.42,0.78,0.0,0.046,0.0,5.006,1.162,0.9017,0.0023,Random,123
DDPC_Subspace,2.0,67.0,0.42,2.14,0.0,0.046,0.0,5.08,1.159,0.8981,0.0064,Random,123
DDPC_Neural,2.0,91.51,82.15,0.07,0.43,9.037,0.047,0.0,0.0,0.3994,0.0029,Random,123
DDPC_PETS,2.0,89.41,31.78,0.3,2.18,3.496,0.239,0.0,0.0,0.7457,0.0146,Random,123
MPC_Linear,2.0,82.79,19.81,0.33,0.47,2.179,0.051,0.027,0.035,0.8097,0.003,Random,123
C-MBPO,2.0,78.62,10.54,0.51,0.0,1.16,0.0,0.098,0.11,0.8621,0.0015,Random,123
PolicyGRID,0.5,91.58,48.61,0.17,0.0,5.347,0.0,0.0,0.0,0.8455,0.0014,Random,456
PID,0.5,93.64,50.0,0.07,0.0,5.5,0.0,0.0,0.0,0.86,0.0006,Random,456
DDPC_Behavioral,0.5,82.26,47.68,0.07,4.04,5.245,0.445,0.0,0.0,0.7702,0.0075,Random,456
DDPC_Subspace,0.5,82.09,41.99,0.1,2.95,4.619,0.324,0.0,0.0,0.7787,0.0058,Random,456
DDPC_Neural,0.5,91.49,82.06,0.16,0.66,9.026,0.072,0.0,0.0,0.7862,0.0002,Random,456
DDPC_PETS,0.5,89.06,31.64,0.29,1.15,3.481,0.126,0.0,0.0,0.8544,0.0018,Random,456
MPC_Linear,0.5,82.86,20.83,0.43,1.17,2.291,0.128,0.002,0.001,0.8221,0.0028,Random,456
C-MBPO,0.5,79.35,10.75,0.9,0.0,1.182,0.0,0.123,0.068,0.8108,0.0074,Random,456
PolicyGRID,0.8,90.22,47.77,0.08,0.0,5.255,0.0,0.0,0.0,0.7958,0.0006,Random,456
PID,0.8,93.8,50.0,0.37,0.0,5.5,0.0,0.0,0.0,0.8154,0.0027,Random,456
DDPC_Behavioral,0.8,75.46,4.67,0.91,1.94,0.514,0.213,1.09,0.336,0.8102,0.0118,Random,456
DDPC_Subspace,0.8,75.47,3.66,0.64,0.75,0.403,0.082,1.078,0.165,0.8131,0.0065,Random,456
DDPC_Neural,0.8,91.52,81.5,0.1,0.26,8.965,0.029,0.0,0.0,0.7107,0.0014,Random,456
DDPC_PETS,0.8,89.03,31.0,0.08,1.4,3.41,0.154,0.0,0.0,0.8342,0.0034,Random,456
MPC_Linear,0.8,82.69,19.6,0.38,0.29,2.156,0.032,0.013,0.005,0.8205,0.0027,Random,456
C-MBPO,0.8,79.37,10.75,0.64,0.0,1.182,0.0,0.143,0.062,0.8214,0.0046,Random,456
PolicyGRID,1.0,89.11,47.21,0.02,0.0,5.194,0.0,0.0,0.0,0.764,0.0001,Random,456
PID,1.0,93.63,50.0,0.04,0.0,5.5,0.0,0.0,0.0,0.7836,0.0003,Random,456
DDPC_Behavioral,1.0,71.44,1.89,0.75,0.15,0.208,0.016,3.098,0.429,0.8077,0.005,Random,456
DDPC_Subspace,1.0,74.17,1.12,0.77,0.22,0.123,0.024,2.365,0.594,0.8282,0.0056,Random,456
DDPC_Neural,1.0,91.5,81.77,0.08,0.28,8.995,0.031,0.0,0.0,0.6585,0.0005,Random,456
DDPC_PETS,1.0,88.72,30.94,0.47,0.97,3.404,0.107,0.0,0.0,0.8184,0.0045,Random,456
MPC_Linear,1.0,83.39,21.34,0.48,1.02,2.348,0.112,0.003,0.002,0.8174,0.001,Random,456
C-MBPO,1.0,79.19,10.75,0.61,0.0,1.182,0.0,0.133,0.051,0.8271,0.004,Random,456
PolicyGRID,1.5,83.33,45.83,0.07,0.0,5.041,0.0,0.0,0.0,0.6802,0.0003,Random,456
PID,1.5,94.0,50.0,0.25,0.0,5.5,0.0,0.0,0.0,0.709,0.0012,Random,456
DDPC_Behavioral,1.5,65.2,0.42,1.3,0.0,0.046,0.0,6.708,0.745,0.8325,0.0062,Random,456
DDPC_Subspace,1.5,66.92,0.42,1.36,0.0,0.046,0.0,6.01,0.481,0.8407,0.0065,Random,456
DDPC_Neural,1.5,91.65,81.8,0.08,0.34,8.998,0.037,0.0,0.0,0.5309,0.0021,Random,456
DDPC_PETS,1.5,88.84,31.41,0.02,1.69,3.455,0.186,0.0,0.0,0.7821,0.0089,Random,456
MPC_Linear,1.5,82.92,20.43,0.45,1.25,2.248,0.137,0.0,0.0,0.8116,0.0087,Random,456
C-MBPO,1.5,78.82,10.75,0.43,0.0,1.182,0.0,0.075,0.005,0.843,0.002,Random,456
PolicyGRID,2.0,82.2,45.49,0.09,0.0,5.004,0.0,0.0,0.0,0.6281,0.0003,Random,456
PID,2.0,93.82,50.0,0.08,0.0,5.5,0.0,0.0,0.0,0.6315,0.0002,Random,456
DDPC_Behavioral,2.0,67.87,0.42,1.73,0.0,0.046,0.0,5.548,1.115,0.9007,0.0052,Random,456
DDPC_Subspace,2.0,65.02,0.42,2.93,0.0,0.046,0.0,6.191,1.387,0.8921,0.0088,Random,456
DDPC_Neural,2.0,91.59,81.96,0.11,0.14,9.015,0.016,0.0,0.0,0.4011,0.0007,Random,456
DDPC_PETS,2.0,89.41,32.52,0.3,1.79,3.578,0.197,0.0,0.0,0.7406,0.0117,Random,456
MPC_Linear,2.0,83.08,20.27,0.55,0.45,2.229,0.05,0.021,0.014,0.8074,0.0028,Random,456
C-MBPO,2.0,78.72,10.75,0.22,0.0,1.182,0.0,0.109,0.07,0.8609,0.0007,Random,456
PolicyGRID,0.5,91.19,48.4,0.24,0.0,5.325,0.0,0.0,0.0,0.8426,0.002,Empty,42
PID,0.5,93.92,50.0,0.19,0.0,5.5,0.0,0.0,0.0,0.8623,0.0016,Empty,42
DDPC_Behavioral,0.5,82.14,45.2,0.08,2.87,4.972,0.316,0.0,0.0,0.7736,0.0056,Empty,42
DDPC_Subspace,0.5,82.03,43.97,0.05,2.56,4.836,0.282,0.0,0.0,0.7748,0.0048,Empty,42
DDPC_Neural,0.5,91.59,81.78,0.1,0.16,8.996,0.018,0.0,0.0,0.7875,0.0007,Empty,42
DDPC_PETS,0.5,89.05,31.64,0.45,1.84,3.481,0.203,0.0,0.0,0.8543,0.0011,Empty,42
MPC_Linear,0.5,82.69,19.64,0.32,1.01,2.161,0.111,0.044,0.026,0.8228,0.0036,Empty,42
C-MBPO,0.5,79.02,10.85,0.99,0.0,1.193,0.0,0.11,0.077,0.8079,0.0082,Empty,42
PolicyGRID,0.8,91.05,48.4,0.13,0.0,5.325,0.0,0.0,0.0,0.8,0.0009,Empty,42
PID,0.8,93.86,50.0,0.23,0.0,5.5,0.0,0.0,0.0,0.8158,0.0017,Empty,42
DDPC_Behavioral,0.8,75.17,3.84,0.34,0.98,0.423,0.107,1.474,0.281,0.8105,0.0052,Empty,42
DDPC_Subspace,0.8,75.52,3.41,0.31,0.83,0.375,0.092,1.275,0.063,0.8142,0.003,Empty,42
DDPC_Neural,0.8,91.48,81.75,0.22,0.15,8.992,0.017,0.0,0.0,0.7098,0.0014,Empty,42
DDPC_PETS,0.8,89.4,33.23,0.33,0.73,3.655,0.08,0.0,0.0,0.8307,0.0034,Empty,42
MPC_Linear,0.8,82.53,19.86,0.27,0.67,2.184,0.073,0.037,0.03,0.8186,0.002,Empty,42
C-MBPO,0.8,78.56,10.85,0.13,0.0,1.193,0.0,0.134,0.106,0.8152,0.0009,Empty,42
PolicyGRID,1.0,90.97,48.4,0.22,0.0,5.325,0.0,0.0,0.0,0.7719,0.0014,Empty,42
PID,1.0,93.67,50.0,0.06,0.0,5.5,0.0,0.0,0.0,0.7839,0.0004,Empty,42
DDPC_Behavioral,1.0,71.68,1.49,1.54,0.03,0.164,0.003,3.008,0.27,0.8107,0.0101,Empty,42
DDPC_Subspace,1.0,72.01,1.35,0.84,0.23,0.148,0.025,3.013,0.36,0.8133,0.0055,Empty,42
DDPC_Neural,1.0,91.48,81.84,0.1,0.32,9.003,0.036,0.0,0.0,0.6582,0.0005,Empty,42
DDPC_PETS,1.0,89.26,32.73,0.33,1.14,3.6,0.125,0.0,0.0,0.8157,0.002,Empty,42
MPC_Linear,1.0,82.99,20.45,0.2,0.86,2.249,0.094,0.004,0.001,0.8179,0.0026,Empty,42
C-MBPO,1.0,79.23,10.85,0.58,0.0,1.193,0.0,0.118,0.068,0.827,0.0038,Empty,42
PolicyGRID,1.5,91.07,48.4,0.26,0.0,5.325,0.0,0.0,0.0,0.7035,0.0012,Empty,42
PID,1.5,93.91,50.0,0.11,0.0,5.5,0.0,0.0,0.0,0.7086,0.0005,Empty,42
DDPC_Behavioral,1.5,70.5,0.42,1.87,0.0,0.046,0.0,4.203,0.909,0.8577,0.0089,Empty,42
DDPC_Subspace,1.5,67.08,0.42,1.88,0.0,0.046,0.0,5.933,0.893,0.8414,0.0089,Empty,42
DDPC_Neural,1.5,91.59,81.96,0.22,0.65,9.015,0.072,0.0,0.0,0.5298,0.0024,Empty,42
DDPC_PETS,1.5,88.86,31.37,0.43,0.88,3.45,0.097,0.0,0.0,0.7824,0.0063,Empty,42
MPC_Linear,1.5,82.98,19.97,0.43,1.02,2.197,0.112,0.003,0.003,0.8143,0.0033,Empty,42
C-MBPO,1.5,79.15,10.85,0.31,0.0,1.193,0.0,0.071,0.016,0.844,0.0015,Empty,42
PolicyGRID,2.0,91.16,48.4,0.19,0.0,5.325,0.0,0.0,0.0,0.6347,0.0006,Empty,42
PID,2.0,93.78,50.0,0.02,0.0,5.5,0.0,0.0,0.0,0.6313,0.0001,Empty,42
DDPC_Behavioral,2.0,67.81,0.42,1.39,0.0,0.046,0.0,5.481,1.145,0.9005,0.0042,Empty,42
DDPC_Subspace,2.0,63.84,0.42,0.96,0.0,0.046,0.0,7.493,0.516,0.8886,0.0029,Empty,42
DDPC_Neural,2.0,91.62,81.66,0.16,0.51,8.982,0.056,0.0,0.0,0.4033,0.0031,Empty,42
DDPC_PETS,2.0,89.68,34.83,0.29,1.06,3.831,0.117,0.0,0.0,0.7252,0.0066,Empty,42
MPC_Linear,2.0,82.55,20.18,0.07,1.28,2.22,0.141,0.015,0.007,0.8064,0.0088,Empty,42
C-MBPO,2.0,78.98,10.85,0.62,0.0,1.193,0.0,0.176,0.142,0.861,0.0019,Empty,42
PolicyGRID,0.5,91.1,48.4,0.06,0.0,5.325,0.0,0.0,0.0,0.8419,0.0005,Empty,123
PID,0.5,93.85,50.0,0.16,0.0,5.5,0.0,0.0,0.0,0.8618,0.0013,Empty,123
DDPC_Behavioral,0.5,82.24,52.29,0.11,4.55,5.752,0.501,0.0,0.0,0.762,0.0088,Empty,123
DDPC_Subspace,0.5,82.15,39.76,0.09,3.22,4.373,0.354,0.0,0.0,0.7832,0.0062,Empty,123
DDPC_Neural,0.5,91.58,81.51,0.09,0.08,8.966,0.008,0.0,0.0,0.7879,0.0006,Empty,123
DDPC_PETS,0.5,89.0,31.34,0.32,2.37,3.447,0.261,0.0,0.001,0.8544,0.0034,Empty,123
MPC_Linear,0.5,82.57,19.87,0.71,0.06,2.186,0.007,0.011,0.015,0.8214,0.0059,Empty,123
C-MBPO,0.5,78.8,10.57,0.77,0.0,1.162,0.0,0.131,0.068,0.8066,0.0063,Empty,123
PolicyGRID,0.8,91.35,48.4,0.11,0.0,5.325,0.0,0.0,0.0,0.8022,0.0008,Empty,123
PID,0.8,93.76,50.0,0.14,0.0,5.5,0.0,0.0,0.0,0.815,0.001,Empty,123
DDPC_Behavioral,0.8,75.87,4.13,0.7,1.58,0.455,0.173,1.124,0.266,0.8147,0.0091,Empty,123
DDPC_Subspace,0.8,75.73,3.49,0.38,0.73,0.384,0.08,0.991,0.068,0.8155,0.0045,Empty,123
DDPC_Neural,0.8,91.55,81.73,0.11,0.54,8.99,0.059,0.0,0.0,0.7103,0.0023,Empty,123
DDPC_PETS,0.8,89.08,32.36,0.05,0.74,3.56,0.081,0.0,0.0,0.8308,0.0021,Empty,123
MPC_Linear,0.8,83.56,21.58,0.07,1.43,2.373,0.157,0.013,0.014,0.8212,0.0042,Empty,123
C-MBPO,0.8,79.46,10.57,0.24,0.0,1.162,0.0,0.043,0.022,0.8225,0.0018,Empty,123
PolicyGRID,1.0,91.15,48.4,0.2,0.0,5.325,0.0,0.0,0.0,0.7731,0.0013,Empty,123
PID,1.0,93.95,50.0,0.11,0.0,5.5,0.0,0.0,0.0,0.7856,0.0007,Empty,123
DDPC_Behavioral,1.0,71.55,1.5,1.49,0.26,0.165,0.028,3.353,0.454,0.8098,0.01,Empty,123
DDPC_Subspace,1.0,71.45,1.48,1.5,0.91,0.163,0.1,2.818,1.285,0.8092,0.0129,Empty,123
DDPC_Neural,1.0,91.56,82.19,0.08,0.19,9.041,0.021,0.0,0.0,0.6575,0.0003,Empty,123
DDPC_PETS,1.0,88.85,32.05,0.36,2.11,3.526,0.232,0.0,0.0,0.8154,0.0053,Empty,123
MPC_Linear,1.0,83.25,20.29,0.5,0.46,2.232,0.051,0.019,0.015,0.8201,0.0031,Empty,123
C-MBPO,1.0,79.32,10.57,0.67,0.0,1.162,0.0,0.067,0.05,0.8286,0.0044,Empty,123
PolicyGRID,1.5,91.3,48.4,0.21,0.0,5.325,0.0,0.0,0.0,0.7045,0.001,Empty,123
PID,1.5,93.81,50.0,0.02,0.0,5.5,0.0,0.0,0.0,0.7081,0.0001,Empty,123
DDPC_Behavioral,1.5,71.89,0.42,1.5,0.0,0.046,0.0,3.538,0.896,0.8643,0.0071,Empty,123
DDPC_Subspace,1.5,65.11,0.42,1.68,0.0,0.046,0.0,6.754,0.944,0.8321,0.008,Empty,123
DDPC_Neural,1.5,91.67,82.09,0.1,0.59,9.03,0.065,0.0,0.0,0.5295,0.0032,Empty,123
DDPC_PETS,1.5,89.05,31.82,0.04,1.25,3.5,0.137,0.001,0.002,0.781,0.0065,Empty,123
MPC_Linear,1.5,82.94,19.84,0.14,0.75,2.182,0.082,0.015,0.013,0.8148,0.0035,Empty,123
C-MBPO,1.5,77.7,10.57,0.44,0.0,1.162,0.0,0.19,0.112,0.8386,0.0021,Empty,123
PolicyGRID,2.0,91.1,48.4,0.29,0.0,5.325,0.0,0.0,0.0,0.6345,0.0009,Empty,123
PID,2.0,93.73,50.0,0.29,0.0,5.5,0.0,0.0,0.0,0.6312,0.0009,Empty,123
DDPC_Behavioral,2.0,70.33,0.42,1.45,0.0,0.046,0.0,3.29,1.467,0.9081,0.0044,Empty,123
DDPC_Subspace,2.0,65.92,0.42,2.22,0.0,0.046,0.0,6.45,0.773,0.8949,0.0067,Empty,123
DDPC_Neural,2.0,91.49,81.94,0.17,0.27,9.013,0.03,0.0,0.0,0.4009,0.0023,Empty,123
DDPC_PETS,2.0,89.23,32.45,0.74,2.65,3.57,0.291,0.0,0.0,0.7405,0.0165,Empty,123
MPC_Linear,2.0,83.07,19.81,0.14,0.47,2.179,0.051,0.003,0.004,0.8106,0.0033,Empty,123
C-MBPO,2.0,78.54,10.57,0.14,0.0,1.162,0.0,0.132,0.097,0.8617,0.0004,Empty,123
PolicyGRID,0.5,91.08,48.4,0.17,0.0,5.325,0.0,0.0,0.0,0.8417,0.0014,Empty,456
PID,0.5,93.76,50.0,0.12,0.0,5.5,0.0,0.0,0.0,0.861,0.001,Empty,456
DDPC_Behavioral,0.5,82.21,50.23,0.06,7.36,5.525,0.81,0.0,0.0,0.7653,0.0132,Empty,456
DDPC_Subspace,0.5,82.07,43.9,0.03,1.27,4.829,0.14,0.0,0.0,0.7753,0.0021,Empty,456
DDPC_Neural,0.5,91.62,82.09,0.13,0.46,9.03,0.051,0.0,0.0,0.7872,0.0018,Empty,456
DDPC_PETS,0.5,89.1,33.15,0.22,0.75,3.647,0.083,0.0,0.0,0.8521,0.0007,Empty,456
MPC_Linear,0.5,83.35,20.82,0.52,1.18,2.291,0.129,0.016,0.022,0.8262,0.0059,Empty,456
C-MBPO,0.5,79.06,10.75,0.47,0.0,1.182,0.0,0.109,0.132,0.8085,0.0039,Empty,456
PolicyGRID,0.8,91.1,48.4,0.05,0.0,5.325,0.0,0.0,0.0,0.8004,0.0004,Empty,456
PID,0.8,93.64,50.0,0.03,0.0,5.5,0.0,0.0,0.0,0.8142,0.0002,Empty,456
DDPC_Behavioral,0.8,75.78,3.79,0.16,0.52,0.417,0.057,0.932,0.088,0.815,0.0026,Empty,456
DDPC_Subspace,0.8,75.4,3.0,0.36,0.68,0.33,0.074,1.045,0.247,0.8145,0.0031,Empty,456
DDPC_Neural,0.8,91.55,82.08,0.05,0.15,9.028,0.017,0.0,0.0,0.7093,0.0008,Empty,456
DDPC_PETS,0.8,89.31,31.87,0.42,1.22,3.506,0.134,0.0,0.0,0.8338,0.0038,Empty,456
MPC_Linear,0.8,82.85,19.6,0.18,0.29,2.156,0.032,0.018,0.018,0.8217,0.0011,Empty,456
C-MBPO,0.8,78.76,10.75,0.56,0.0,1.182,0.0,0.177,0.038,0.817,0.0041,Empty,456
PolicyGRID,1.0,91.17,48.4,0.09,0.0,5.325,0.0,0.0,0.0,0.7732,0.0006,Empty,456
PID,1.0,93.82,50.0,0.09,0.0,5.5,0.0,0.0,0.0,0.7848,0.0006,Empty,456
DDPC_Behavioral,1.0,71.19,2.0,1.29,0.58,0.22,0.063,2.988,0.541,0.8057,0.0101,Empty,456
DDPC_Subspace,1.0,72.51,1.19,1.07,0.42,0.131,0.046,2.896,0.182,0.8171,0.0079,Empty,456
DDPC_Neural,1.0,91.47,81.95,0.06,0.36,9.015,0.04,0.0,0.0,0.6577,0.0013,Empty,456
DDPC_PETS,1.0,89.13,31.34,0.05,0.92,3.447,0.101,0.0,0.0,0.8197,0.0031,Empty,456
MPC_Linear,1.0,82.96,21.34,0.64,1.02,2.348,0.112,0.017,0.025,0.8146,0.0035,Empty,456
C-MBPO,1.0,78.73,10.75,0.68,0.0,1.182,0.0,0.13,0.136,0.8241,0.0044,Empty,456
PolicyGRID,1.5,91.15,48.4,0.23,0.0,5.325,0.0,0.0,0.0,0.7038,0.0011,Empty,456
PID,1.5,93.9,50.0,0.18,0.0,5.5,0.0,0.0,0.0,0.7085,0.0008,Empty,456
DDPC_Behavioral,1.5,67.81,0.42,1.48,0.0,0.046,0.0,5.175,0.721,0.8449,0.007,Empty,456
DDPC_Subspace,1.5,66.09,0.42,1.89,0.0,0.046,0.0,6.105,0.43,0.8367,0.009,Empty,456
DDPC_Neural,1.5,91.53,82.56,0.12,0.39,9.081,0.043,0.0,0.0,0.5263,0.0016,Empty,456
DDPC_PETS,1.5,88.97,31.5,0.56,0.56,3.465,0.061,0.001,0.001,0.7822,0.0012,Empty,456
MPC_Linear,1.5,82.9,20.43,0.12,1.25,2.248,0.137,0.001,0.001,0.8115,0.0069,Empty,456
C-MBPO,1.5,79.77,10.75,0.15,0.0,1.182,0.0,0.04,0.026,0.8475,0.0007,Empty,456
PolicyGRID,2.0,91.09,48.4,0.08,0.0,5.325,0.0,0.0,0.0,0.6344,0.0002,Empty,456
PID,2.0,93.91,50.0,0.21,0.0,5.5,0.0,0.0,0.0,0.6317,0.0006,Empty,456
DDPC_Behavioral,2.0,66.06,0.42,1.5,0.0,0.046,0.0,6.794,0.939,0.8953,0.0045,Empty,456
DDPC_Subspace,2.0,64.8,0.42,1.51,0.0,0.046,0.0,7.156,0.958,0.8915,0.0045,Empty,456
DDPC_Neural,2.0,91.58,81.83,0.15,0.59,9.001,0.065,0.0,0.0,0.402,0.0043,Empty,456
DDPC_PETS,2.0,88.67,30.95,0.35,1.32,3.405,0.146,0.001,0.002,0.7493,0.0085,Empty,456
MPC_Linear,2.0,83.48,20.27,0.54,0.45,2.229,0.05,0.009,0.007,0.8086,0.0045,Empty,456
C-MBPO,2.0,78.73,10.75,0.37,0.0,1.182,0.0,0.242,0.044,0.861,0.0011,Empty,456
