condition,comfort_target,MO_mean,MO_std,kWh_mean,sat_mean
Validated,0.5,0.8826,0.0017,3.767,93.04
Validated,0.8,0.8734,0.0026,2.728,92.06
Validated,1.0,0.8782,0.0015,2.035,91.21
Validated,1.5,0.8794,0.0103,0.542,80.07
Validated,2.0,0.9052,0.0097,0.542,79.89
Obs-Only,0.5,0.8645,0.0015,5.304,93.8
Obs-Only,0.8,0.8228,0.0013,5.187,93.72
Obs-Only,1.0,0.7959,0.0008,5.108,93.61
Obs-Only,1.5,0.7347,0.0004,4.913,93.5
Obs-Only,2.0,0.6801,0.0007,4.717,93.44
Random,0.5,0.8453,0.0004,5.347,91.56
Random,0.8,0.7956,0.0005,5.255,90.2
Random,1.0,0.7629,0.001,5.194,88.95
Random,1.5,0.6803,0.0002,5.041,83.35
Random,2.0,0.6281,0.0001,5.004,82.2
Empty,0.5,0.8421,0.0005,5.325,91.12
Empty,0.8,0.8009,0.0012,5.325,91.17
Empty,1.0,0.7727,0.0007,5.325,91.1
Empty,1.5,0.7039,0.0005,5.325,91.17
Empty,2.0,0.6345,0.0002,5.325,91.12
