scenario,episode,recovery_steps_occ,recovery_steps_win,final_p_occ,final_p_win,pre_p_occ,pre_p_win
base→occ,0,0,120,0.916,0.892,0.92,0.908
base→occ,1,0,120,0.911,0.895,0.917,0.898
base→occ,2,0,120,0.916,0.881,0.919,0.897
base→win,0,120,0,0.92,0.904,0.918,0.903
base→win,1,120,0,0.92,0.91,0.918,0.905
base→win,2,120,0,0.919,0.894,0.92,0.901
occ→full,0,0,0,0.894,0.881,0.903,0.873
occ→full,1,0,0,0.897,0.885,0.902,0.875
occ→full,2,0,0,0.897,0.88,0.902,0.877
win→base,0,0,2,0.922,0.915,0.183,0.567
win→base,1,0,4,0.919,0.905,0.14,0.593
win→base,2,0,2,0.91,0.886,0.167,0.58
full→occ,0,0,120,0.904,0.883,0.899,0.882
full→occ,1,0,120,0.885,0.856,0.901,0.885
full→occ,2,0,120,0.89,0.872,0.902,0.885
