Time,NORTH_ZONE:CHICAGO_IL_USA ANNUAL HEATING 99% DESIGN CONDITIONS DB:Des Heat Load [W],NORTH_ZONE:CHICAGO_IL_USA ANNUAL COOLING 1% DESIGN CONDITIONS DB/MCWB:Des Sens Cool Load [W],NORTH_ZONE:CHICAGO_IL_USA ANNUAL HEATING 99% DESIGN CONDITIONS DB:Des Heat Mass Flow [kg/s],NORTH_ZONE:CHICAGO_IL_USA ANNUAL COOLING 1% DESIGN CONDITIONS DB/MCWB:Des Cool Mass Flow [kg/s],NORTH_ZONE::Des Latent Heat Load [W],NORTH_ZONE::Des Latent Cool Load [W],NORTH_ZONE::Des Latent Heat Mass Flow [kg/s],NORTH_ZONE::Des Latent Cool Mass Flow [kg/s],NORTH_ZONE::Des Heat Load No DOAS [W],NORTH_ZONE::Des Sens Cool Load No DOAS [W],NORTH_ZONE::Des Latent Heat Load No DOAS [W],NORTH_ZONE::Des Latent Cool Load No DOAS [W],NORTH_ZONE:CHICAGO_IL_USA ANNUAL HEATING 99% DESIGN CONDITIONS DB:Heating Zone Temperature [C],NORTH_ZONE:CHICAGO_IL_USA ANNUAL HEATING 99% DESIGN CONDITIONS DB:Heating Zone Relative Humidity [%],NORTH_ZONE:CHICAGO_IL_USA ANNUAL COOLING 1% DESIGN CONDITIONS DB/MCWB:Cooling Zone Temperature [C],NORTH_ZONE:CHICAGO_IL_USA ANNUAL COOLING 1% DESIGN CONDITIONS DB/MCWB:Cooling Zone Relative Humidity [%]
00:10:00,2.275349E+04,3.956132E+03,8.252900E-01,3.884675E-01,0.000000E+00,0.000000E+00,0.000000E+00,0.000000E+00,0.000000E+00,0.000000E+00,0.000000E+00,0.000000E+00,2.296266E+01,3.694800E+01,2.398778E+01,5.915738E+01
00:20:00,2.275341E+04,3.821364E+03,8.252871E-01,3.752240E-01,0.000000E+00,0.000000E+00,0.000000E+00,0.000000E+00,0.000000E+00,0.000000E+00,0.000000E+00,0.000000E+00,2.296266E+01,3.694800E+01,2.398805E+01,5.937692E+01
00:30:00,2.275333E+04,3.690509E+03,8.252842E-01,3.623657E-01,0.000000E+00,0.000000E+00,0.000000E+00,0.000000E+00,0.000000E+00,0.000000E+00,0.000000E+00,0.000000E+00,2.296266E+01,3.694800E+01,2.398830E+01,5.960293E+01
00:40:00,2.275325E+04,3.560944E+03,8.252813E-01,3.496348E-01,0.000000E+00,0.000000E+00,0.000000E+00,0.000000E+00,0.000000E+00,0.000000E+00,0.000000E+00,0.000000E+00,2.296266E+01,3.694800E+01,2.398853E+01,5.985324E+01
00:50:00,2.275317E+04,3.434103E+03,8.252785E-01,3.371722E-01,0.000000E+00,0.000000E+00,0.000000E+00,0.000000E+00,0.000000E+00,0.000000E+00,0.000000E+00,0.000000E+00,2.296266E+01,3.694800E+01,2.398876E+01,6.012079E+01
01:00:00,2.275309E+04,3.309962E+03,8.252756E-01,3.249756E-01,0.000000E+00,0.000000E+00,0.000000E+00,0.000000E+00,0.000000E+00,0.000000E+00,0.000000E+00,0.000000E+00,2.296266E+01,3.694800E+01,2.398899E+01,6.040340E+01
01:10:00,2.275310E+04,3.188113E+03,8.252758E-01,3.130048E-01,0.000000E+00,0.000000E+00,0.000000E+00,0.000000E+00,0.000000E+00,0.000000E+00,0.000000E+00,0.000000E+00,2.296266E+01,3.694801E+01,2.398922E+01,6.070778E+01
01:20:00,2.275310E+04,3.069987E+03,8.252760E-01,3.014003E-01,0.000000E+00,0.000000E+00,0.000000E+00,0.000000E+00,0.000000E+00,0.000000E+00,0.000000E+00,0.000000E+00,2.296266E+01,3.694801E+01,2.398945E+01,6.105301E+01
01:30:00,2.275311E+04,2.954839E+03,8.252762E-01,2.900889E-01,0.000000E+00,0.000000E+00,0.000000E+00,0.000000E+00,0.000000E+00,0.000000E+00,0.000000E+00,0.000000E+00,2.296266E+01,3.694801E+01,2.398966E+01,6.142249E+01
01:40:00,2.275311E+04,2.842276E+03,8.252764E-01,2.790320E-01,0.000000E+00,0.000000E+00,0.000000E+00,0.000000E+00,0.000000E+00,0.000000E+00,0.000000E+00,0.000000E+00,2.296266E+01,3.694801E+01,2.398984E+01,6.181531E+01
01:50:00,2.275312E+04,2.733253E+03,8.252765E-01,2.683232E-01,0.000000E+00,0.000000E+00,0.000000E+00,0.000000E+00,0.000000E+00,0.000000E+00,0.000000E+00,0.000000E+00,2.296266E+01,3.694801E+01,2.399004E+01,6.221495E+01
02:00:00,2.275312E+04,2.627303E+03,8.252767E-01,2.579169E-01,0.000000E+00,0.000000E+00,0.000000E+00,0.000000E+00,0.000000E+00,0.000000E+00,0.000000E+00,0.000000E+00,2.296266E+01,3.694801E+01,2.399023E+01,6.265063E+01
02:10:00,2.275313E+04,2.523463E+03,8.252769E-01,2.477180E-01,0.000000E+00,0.000000E+00,0.000000E+00,0.000000E+00,0.000000E+00,0.000000E+00,0.000000E+00,0.000000E+00,2.296266E+01,3.694801E+01,2.399044E+01,6.312657E+01
02:20:00,2.275313E+04,2.421646E+03,8.252771E-01,2.377183E-01,0.000000E+00,0.000000E+00,0.000000E+00,0.000000E+00,0.000000E+00,0.000000E+00,0.000000E+00,0.000000E+00,2.296266E+01,3.694801E+01,2.399066E+01,6.362909E+01
02:30:00,2.275313E+04,2.321031E+03,8.252772E-01,2.278369E-01,0.000000E+00,0.000000E+00,0.000000E+00,0.000000E+00,0.000000E+00,0.000000E+00,0.000000E+00,0.000000E+00,2.296266E+01,3.694801E+01,2.399087E+01,6.416669E+01
02:40:00,2.275314E+04,2.222760E+03,8.252774E-01,2.181860E-01,0.000000E+00,0.000000E+00,0.000000E+00,0.000000E+00,0.000000E+00,0.000000E+00,0.000000E+00,0.000000E+00,2.296266E+01,3.694801E+01,2.399109E+01,6.473366E+01
02:50:00,2.275314E+04,2.125322E+03,8.252776E-01,2.086171E-01,0.000000E+00,0.000000E+00,0.000000E+00,0.000000E+00,0.000000E+00,0.000000E+00,0.000000E+00,0.000000E+00,2.296266E+01,3.694801E+01,2.399131E+01,6.530392E+01
03:00:00,2.275315E+04,2.029010E+03,8.252778E-01,1.991589E-01,0.000000E+00,0.000000E+00,0.000000E+00,0.000000E+00,0.000000E+00,0.000000E+00,0.000000E+00,0.000000E+00,2.296266E+01,3.694801E+01,2.399155E+01,6.585837E+01
03:10:00,2.275315E+04,1.933873E+03,8.252779E-01,1.898164E-01,0.000000E+00,0.000000E+00,0.000000E+00,0.000000E+00,0.000000E+00,0.000000E+00,0.000000E+00,0.000000E+00,2.296266E+01,3.694801E+01,2.399181E+01,6.639013E+01
03:20:00,2.275316E+04,1.838630E+03,8.252781E-01,1.804636E-01,0.000000E+00,0.000000E+00,0.000000E+00,0.000000E+00,0.000000E+00,0.000000E+00,0.000000E+00,0.000000E+00,2.296266E+01,3.694801E+01,2.399212E+01,6.691713E+01
03:30:00,2.275316E+04,1.743403E+03,8.252783E-01,1.711127E-01,0.000000E+00,0.000000E+00,0.000000E+00,0.000000E+00,0.000000E+00,0.000000E+00,0.000000E+00,0.000000E+00,2.296266E+01,3.694801E+01,2.399244E+01,6.744643E+01
03:40:00,2.275317E+04,1.647609E+03,8.252784E-01,1.617061E-01,0.000000E+00,0.000000E+00,0.000000E+00,0.000000E+00,0.000000E+00,0.000000E+00,0.000000E+00,0.000000E+00,2.296266E+01,3.694801E+01,2.399277E+01,6.797572E+01
03:50:00,2.275317E+04,1.551714E+03,8.252786E-01,1.522899E-01,0.000000E+00,0.000000E+00,0.000000E+00,0.000000E+00,0.000000E+00,0.000000E+00,0.000000E+00,0.000000E+00,2.296266E+01,3.694801E+01,2.399312E+01,6.850273E+01
04:00:00,2.275318E+04,1.455969E+03,8.252788E-01,1.428887E-01,0.000000E+00,0.000000E+00,0.000000E+00,0.000000E+00,0.000000E+00,0.000000E+00,0.000000E+00,0.000000E+00,2.296266E+01,3.694801E+01,2.399349E+01,6.902779E+01
04:10:00,2.275318E+04,1.361174E+03,8.252789E-01,1.335811E-01,0.000000E+00,0.000000E+00,0.000000E+00,0.000000E+00,0.000000E+00,0.000000E+00,0.000000E+00,0.000000E+00,2.296266E+01,3.694802E+01,2.399386E+01,6.954701E+01
04:20:00,2.275319E+04,1.268299E+03,8.252791E-01,1.244623E-01,0.000000E+00,0.000000E+00,0.000000E+00,0.000000E+00,0.000000E+00,0.000000E+00,0.000000E+00,0.000000E+00,2.296266E+01,3.694802E+01,2.399425E+01,7.005376E+01
04:30:00,2.275319E+04,1.177277E+03,8.252793E-01,1.155259E-01,0.000000E+00,0.000000E+00,0.000000E+00,0.000000E+00,0.000000E+00,0.000000E+00,0.000000E+00,0.000000E+00,2.296266E+01,3.694802E+01,2.399462E+01,7.053439E+01
04:40:00,2.275319E+04,1.088451E+03,8.252794E-01,1.068055E-01,0.000000E+00,0.000000E+00,0.000000E+00,0.000000E+00,0.000000E+00,0.000000E+00,0.000000E+00,0.000000E+00,2.296266E+01,3.694802E+01,2.399500E+01,7.098432E+01
04:50:00,2.275320E+04,1.001844E+03,8.252796E-01,9.830343E-02,0.000000E+00,0.000000E+00,0.000000E+00,0.000000E+00,0.000000E+00,0.000000E+00,0.000000E+00,0.000000E+00,2.296266E+01,3.694802E+01,2.399537E+01,7.141328E+01
05:00:00,2.275320E+04,9.183519E+02,8.252797E-01,9.010763E-02,0.000000E+00,0.000000E+00,0.000000E+00,0.000000E+00,0.000000E+00,0.000000E+00,0.000000E+00,0.000000E+00,2.296266E+01,3.694802E+01,2.399576E+01,7.183233E+01
05:10:00,2.275321E+04,8.401514E+02,8.252799E-01,8.243160E-02,0.000000E+00,0.000000E+00,0.000000E+00,0.000000E+00,0.000000E+00,0.000000E+00,0.000000E+00,0.000000E+00,2.296266E+01,3.694802E+01,2.399612E+01,7.223212E+01
05:20:00,2.275321E+04,7.711027E+02,8.252801E-01,7.565410E-02,0.000000E+00,0.000000E+00,0.000000E+00,0.000000E+00,0.000000E+00,0.000000E+00,0.000000E+00,0.000000E+00,2.296266E+01,3.694802E+01,2.399640E+01,7.256566E+01
05:30:00,2.275322E+04,7.127461E+02,8.252802E-01,6.992626E-02,0.000000E+00,0.000000E+00,0.000000E+00,0.000000E+00,0.000000E+00,0.000000E+00,0.000000E+00,0.000000E+00,2.296266E+01,3.694802E+01,2.399655E+01,7.278727E+01
05:40:00,2.275322E+04,6.648362E+02,8.252804E-01,6.522397E-02,0.000000E+00,0.000000E+00,0.000000E+00,0.000000E+00,0.000000E+00,0.000000E+00,0.000000E+00,0.000000E+00,2.296266E+01,3.694802E+01,2.399663E+01,7.290980E+01
05:50:00,2.275323E+04,6.276261E+02,8.252805E-01,6.157194E-02,0.000000E+00,0.000000E+00,0.000000E+00,0.000000E+00,0.000000E+00,0.000000E+00,0.000000E+00,0.000000E+00,2.296266E+01,3.694802E+01,2.399672E+01,7.299105E+01
06:00:00,2.275323E+04,6.010127E+02,8.252807E-01,5.895998E-02,0.000000E+00,0.000000E+00,0.000000E+00,0.000000E+00,0.000000E+00,0.000000E+00,0.000000E+00,0.000000E+00,2.296266E+01,3.694802E+01,2.399680E+01,7.306260E+01
06:10:00,2.275323E+04,5.849682E+02,8.252808E-01,5.738526E-02,0.000000E+00,0.000000E+00,0.000000E+00,0.000000E+00,0.000000E+00,0.000000E+00,0.000000E+00,0.000000E+00,2.296266E+01,3.694802E+01,2.399685E+01,7.311838E+01
06:20:00,2.275324E+04,5.807776E+02,8.252810E-01,5.697374E-02,0.000000E+00,0.000000E+00,0.000000E+00,0.000000E+00,0.000000E+00,0.000000E+00,0.000000E+00,0.000000E+00,2.296266E+01,3.694802E+01,2.399681E+01,7.310599E+01
06:30:00,2.275324E+04,5.897728E+02,8.252811E-01,5.785614E-02,0.000000E+00,0.000000E+00,0.000000E+00,0.000000E+00,0.000000E+00,0.000000E+00,0.000000E+00,0.000000E+00,2.296266E+01,3.694802E+01,2.399658E+01,7.295211E+01
06:40:00,2.275325E+04,6.132813E+02,8.252813E-01,6.016280E-02,0.000000E+00,0.000000E+00,0.000000E+00,0.000000E+00,0.000000E+00,0.000000E+00,0.000000E+00,0.000000E+00,2.296266E+01,3.694802E+01,2.399623E+01,7.264676E+01
06:50:00,2.275325E+04,6.516839E+02,8.252814E-01,6.393118E-02,0.000000E+00,0.000000E+00,0.000000E+00,0.000000E+00,0.000000E+00,0.000000E+00,0.000000E+00,0.000000E+00,2.296266E+01,3.694802E+01,2.399585E+01,7.223836E+01
07:00:00,2.275325E+04,7.054674E+02,8.252816E-01,6.920919E-02,0.000000E+00,0.000000E+00,0.000000E+00,0.000000E+00,0.000000E+00,0.000000E+00,0.000000E+00,0.000000E+00,2.296266E+01,3.694802E+01,2.399546E+01,7.176765E+01
07:10:00,2.275326E+04,7.757891E+02,8.252817E-01,7.611054E-02,0.000000E+00,0.000000E+00,0.000000E+00,0.000000E+00,0.000000E+00,0.000000E+00,0.000000E+00,0.000000E+00,2.296266E+01,3.694802E+01,2.399503E+01,7.123517E+01
07:20:00,2.275326E+04,8.642605E+02,8.252819E-01,8.479379E-02,0.000000E+00,0.000000E+00,0.000000E+00,0.000000E+00,0.000000E+00,0.000000E+00,0.000000E+00,0.000000E+00,2.296266E+01,3.694802E+01,2.399445E+01,7.051596E+01
07:30:00,2.275327E+04,9.687724E+02,8.252820E-01,9.505260E-02,0.000000E+00,0.000000E+00,0.000000E+00,0.000000E+00,0.000000E+00,0.000000E+00,0.000000E+00,0.000000E+00,2.296266E+01,3.694802E+01,2.399367E+01,6.948670E+01
07:40:00,2.275327E+04,1.088274E+03,8.252822E-01,1.067840E-01,0.000000E+00,0.000000E+00,0.000000E+00,0.000000E+00,0.000000E+00,0.000000E+00,0.000000E+00,0.000000E+00,2.296266E+01,3.694803E+01,2.399291E+01,6.816725E+01
07:50:00,2.275327E+04,1.223341E+03,8.252823E-01,1.200444E-01,0.000000E+00,0.000000E+00,0.000000E+00,0.000000E+00,0.000000E+00,0.000000E+00,0.000000E+00,0.000000E+00,2.296266E+01,3.694803E+01,2.399233E+01,6.676316E+01
08:00:00,2.275328E+04,1.373161E+03,8.252825E-01,1.347537E-01,0.000000E+00,0.000000E+00,0.000000E+00,0.000000E+00,0.000000E+00,0.000000E+00,0.000000E+00,0.000000E+00,2.296266E+01,3.694803E+01,2.399195E+01,6.564505E+01
08:10:00,2.275328E+04,1.534239E+03,8.252826E-01,1.505688E-01,0.000000E+00,0.000000E+00,0.000000E+00,0.000000E+00,0.000000E+00,0.000000E+00,0.000000E+00,0.000000E+00,2.296266E+01,3.694803E+01,2.399164E+01,6.500286E+01
08:20:00,2.275329E+04,1.686996E+03,8.252827E-01,1.655683E-01,0.000000E+00,0.000000E+00,0.000000E+00,0.000000E+00,0.000000E+00,0.000000E+00,0.000000E+00,0.000000E+00,2.296266E+01,3.694803E+01,2.399124E+01,6.473214E+01
08:30:00,2.275329E+04,1.848389E+03,8.252829E-01,1.814163E-01,0.000000E+00,0.000000E+00,0.000000E+00,0.000000E+00,0.000000E+00,0.000000E+00,0.000000E+00,0.000000E+00,2.296266E+01,3.694803E+01,2.399077E+01,6.436098E+01
08:40:00,2.275329E+04,2.021479E+03,8.252830E-01,1.984138E-01,0.000000E+00,0.000000E+00,0.000000E+00,0.000000E+00,0.000000E+00,0.000000E+00,0.000000E+00,0.000000E+00,2.296266E+01,3.694803E+01,2.399021E+01,6.413837E+01
08:50:00,2.275330E+04,2.204983E+03,8.252832E-01,2.164355E-01,0.000000E+00,0.000000E+00,0.000000E+00,0.000000E+00,0.000000E+00,0.000000E+00,0.000000E+00,0.000000E+00,2.296266E+01,3.694803E+01,2.398956E+01,6.412959E+01
09:00:00,2.275330E+04,2.400204E+03,8.252833E-01,2.356108E-01,0.000000E+00,0.000000E+00,0.000000E+00,0.000000E+00,0.000000E+00,0.000000E+00,0.000000E+00,0.000000E+00,2.296266E+01,3.694803E+01,2.398882E+01,6.415874E+01
09:10:00,2.275331E+04,2.607452E+03,8.252834E-01,2.559710E-01,0.000000E+00,0.000000E+00,0.000000E+00,0.000000E+00,0.000000E+00,0.000000E+00,0.000000E+00,0.000000E+00,2.296266E+01,3.694803E+01,2.398802E+01,6.404967E+01
09:20:00,2.275331E+04,2.814193E+03,8.252836E-01,2.762687E-01,0.000000E+00,0.000000E+00,0.000000E+00,0.000000E+00,0.000000E+00,0.000000E+00,0.000000E+00,0.000000E+00,2.296266E+01,3.694803E+01,2.399028E+01,6.316914E+01
09:30:00,2.275331E+04,2.972470E+03,8.252837E-01,2.917968E-01,0.000000E+00,0.000000E+00,0.000000E+00,0.000000E+00,0.000000E+00,0.000000E+00,0.000000E+00,0.000000E+00,2.296266E+01,3.694803E+01,2.399234E+01,6.209780E+01
09:40:00,2.275332E+04,3.158008E+03,8.252838E-01,3.100020E-01,0.000000E+00,0.000000E+00,0.000000E+00,0.000000E+00,0.000000E+00,0.000000E+00,0.000000E+00,0.000000E+00,2.296266E+01,3.694803E+01,2.399131E+01,6.108692E+01
09:50:00,2.275332E+04,3.207088E+03,8.252840E-01,3.148071E-01,0.000000E+00,0.000000E+00,0.000000E+00,0.000000E+00,0.000000E+00,0.000000E+00,0.000000E+00,0.000000E+00,2.296266E+01,3.694803E+01,2.399226E+01,5.936373E+01
10:00:00,2.275332E+04,3.350288E+03,8.252841E-01,3.288440E-01,0.000000E+00,0.000000E+00,0.000000E+00,0.000000E+00,0.000000E+00,0.000000E+00,0.000000E+00,0.000000E+00,2.296266E+01,3.694803E+01,2.399189E+01,5.838437E+01
10:10:00,2.275333E+04,3.350983E+03,8.252842E-01,3.288925E-01,0.000000E+00,0.000000E+00,0.000000E+00,0.000000E+00,0.000000E+00,0.000000E+00,0.000000E+00,0.000000E+00,2.296266E+01,3.694803E+01,2.399186E+01,5.761175E+01
10:20:00,2.275333E+04,3.285215E+03,8.252844E-01,3.224198E-01,0.000000E+00,0.000000E+00,0.000000E+00,0.000000E+00,0.000000E+00,0.000000E+00,0.000000E+00,0.000000E+00,2.296266E+01,3.694803E+01,2.399374E+01,5.458034E+01
10:30:00,2.275334E+04,3.250754E+03,8.252845E-01,3.190261E-01,0.000000E+00,0.000000E+00,0.000000E+00,0.000000E+00,0.000000E+00,0.000000E+00,0.000000E+00,0.000000E+00,2.296266E+01,3.694803E+01,2.399465E+01,5.137072E+01
10:40:00,2.275334E+04,3.167847E+03,8.252846E-01,3.108787E-01,0.000000E+00,0.000000E+00,0.000000E+00,0.000000E+00,0.000000E+00,0.000000E+00,0.000000E+00,0.000000E+00,2.296266E+01,3.694803E+01,2.399352E+01,4.944104E+01
10:50:00,2.275334E+04,3.200253E+03,8.252848E-01,3.140476E-01,0.000000E+00,0.000000E+00,0.000000E+00,0.000000E+00,0.000000E+00,0.000000E+00,0.000000E+00,0.000000E+00,2.296266E+01,3.694803E+01,2.399442E+01,4.912541E+01
11:00:00,2.275335E+04,3.114490E+03,8.252849E-01,3.056186E-01,0.000000E+00,0.000000E+00,0.000000E+00,0.000000E+00,0.000000E+00,0.000000E+00,0.000000E+00,0.000000E+00,2.296266E+01,3.694803E+01,2.399458E+01,4.930661E+01
11:10:00,2.275335E+04,3.145666E+03,8.252850E-01,3.086641E-01,0.000000E+00,0.000000E+00,0.000000E+00,0.000000E+00,0.000000E+00,0.000000E+00,0.000000E+00,0.000000E+00,2.296266E+01,3.694803E+01,2.399437E+01,4.938623E+01
11:20:00,2.275335E+04,3.242078E+03,8.252851E-01,3.181225E-01,0.000000E+00,0.000000E+00,0.000000E+00,0.000000E+00,0.000000E+00,0.000000E+00,0.000000E+00,0.000000E+00,2.296266E+01,3.694803E+01,2.399415E+01,4.930566E+01
11:30:00,2.275336E+04,3.335053E+03,8.252853E-01,3.272487E-01,0.000000E+00,0.000000E+00,0.000000E+00,0.000000E+00,0.000000E+00,0.000000E+00,0.000000E+00,0.000000E+00,2.296266E+01,3.694803E+01,2.399405E+01,4.917413E+01
11:40:00,2.275336E+04,3.424821E+03,8.252854E-01,3.360549E-01,0.000000E+00,0.000000E+00,0.000000E+00,0.000000E+00,0.000000E+00,0.000000E+00,0.000000E+00,0.000000E+00,2.296266E+01,3.694804E+01,2.399400E+01,4.905918E+01
11:50:00,2.275336E+04,3.510803E+03,8.252855E-01,3.444943E-01,0.000000E+00,0.000000E+00,0.000000E+00,0.000000E+00,0.000000E+00,0.000000E+00,0.000000E+00,0.000000E+00,2.296266E+01,3.694804E+01,2.399396E+01,4.896748E+01
12:00:00,2.275337E+04,3.593368E+03,8.252857E-01,3.525998E-01,0.000000E+00,0.000000E+00,0.000000E+00,0.000000E+00,0.000000E+00,0.000000E+00,0.000000E+00,0.000000E+00,2.296266E+01,3.694804E+01,2.399391E+01,4.888532E+01
12:10:00,2.275337E+04,3.672773E+03,8.252858E-01,3.603944E-01,0.000000E+00,0.000000E+00,0.000000E+00,0.000000E+00,0.000000E+00,0.000000E+00,0.000000E+00,0.000000E+00,2.296266E+01,3.694804E+01,2.399387E+01,4.880414E+01
12:20:00,2.275337E+04,3.748815E+03,8.252859E-01,3.678580E-01,0.000000E+00,0.000000E+00,0.000000E+00,0.000000E+00,0.000000E+00,0.000000E+00,0.000000E+00,0.000000E+00,2.296266E+01,3.694804E+01,2.399383E+01,4.872502E+01
12:30:00,2.275338E+04,3.821377E+03,8.252860E-01,3.749798E-01,0.000000E+00,0.000000E+00,0.000000E+00,0.000000E+00,0.000000E+00,0.000000E+00,0.000000E+00,0.000000E+00,2.296266E+01,3.694804E+01,2.399379E+01,4.864977E+01
12:40:00,2.275338E+04,3.890418E+03,8.252861E-01,3.817562E-01,0.000000E+00,0.000000E+00,0.000000E+00,0.000000E+00,0.000000E+00,0.000000E+00,0.000000E+00,0.000000E+00,2.296266E+01,3.694804E+01,2.399376E+01,4.857874E+01
12:50:00,2.275338E+04,3.955988E+03,8.252863E-01,3.881918E-01,0.000000E+00,0.000000E+00,0.000000E+00,0.000000E+00,0.000000E+00,0.000000E+00,0.000000E+00,0.000000E+00,2.296266E+01,3.694804E+01,2.399374E+01,4.851142E+01
13:00:00,2.275339E+04,4.018272E+03,8.252864E-01,3.943049E-01,0.000000E+00,0.000000E+00,0.000000E+00,0.000000E+00,0.000000E+00,0.000000E+00,0.000000E+00,0.000000E+00,2.296266E+01,3.694804E+01,2.399371E+01,4.844703E+01
13:10:00,2.275339E+04,4.077395E+03,8.252865E-01,4.001076E-01,0.000000E+00,0.000000E+00,0.000000E+00,0.000000E+00,0.000000E+00,0.000000E+00,0.000000E+00,0.000000E+00,2.296266E+01,3.694804E+01,2.399369E+01,4.838482E+01
13:20:00,2.275339E+04,4.133778E+03,8.252866E-01,4.056414E-01,0.000000E+00,0.000000E+00,0.000000E+00,0.000000E+00,0.000000E+00,0.000000E+00,0.000000E+00,0.000000E+00,2.296266E+01,3.694804E+01,2.399368E+01,4.832684E+01
13:30:00,2.275340E+04,4.187925E+03,8.252867E-01,4.109557E-01,0.000000E+00,0.000000E+00,0.000000E+00,0.000000E+00,0.000000E+00,0.000000E+00,0.000000E+00,0.000000E+00,2.296266E+01,3.694804E+01,2.399366E+01,4.827212E+01
13:40:00,2.275340E+04,4.240403E+03,8.252869E-01,4.161061E-01,0.000000E+00,0.000000E+00,0.000000E+00,0.000000E+00,0.000000E+00,0.000000E+00,0.000000E+00,0.000000E+00,2.296266E+01,3.694804E+01,2.399364E+01,4.821859E+01
13:50:00,2.275340E+04,4.291762E+03,8.252870E-01,4.211467E-01,0.000000E+00,0.000000E+00,0.000000E+00,0.000000E+00,0.000000E+00,0.000000E+00,0.000000E+00,0.000000E+00,2.296266E+01,3.694804E+01,2.399362E+01,4.816483E+01
14:00:00,2.275341E+04,4.342478E+03,8.252871E-01,4.261242E-01,0.000000E+00,0.000000E+00,0.000000E+00,0.000000E+00,0.000000E+00,0.000000E+00,0.000000E+00,0.000000E+00,2.296266E+01,3.694804E+01,2.399361E+01,4.811024E+01
14:10:00,2.275341E+04,4.392659E+03,8.252872E-01,4.310492E-01,0.000000E+00,0.000000E+00,0.000000E+00,0.000000E+00,0.000000E+00,0.000000E+00,0.000000E+00,0.000000E+00,2.296266E+01,3.694804E+01,2.399359E+01,4.805466E+01
14:20:00,2.275341E+04,4.442542E+03,8.252873E-01,4.359448E-01,0.000000E+00,0.000000E+00,0.000000E+00,0.000000E+00,0.000000E+00,0.000000E+00,0.000000E+00,0.000000E+00,2.296266E+01,3.694804E+01,2.399358E+01,4.800268E+01
14:30:00,2.275342E+04,4.492301E+03,8.252874E-01,4.408283E-01,0.000000E+00,0.000000E+00,0.000000E+00,0.000000E+00,0.000000E+00,0.000000E+00,0.000000E+00,0.000000E+00,2.296266E+01,3.694804E+01,2.399357E+01,4.795387E+01
14:40:00,2.275342E+04,4.668839E+03,8.252875E-01,4.581383E-01,0.000000E+00,0.000000E+00,0.000000E+00,0.000000E+00,0.000000E+00,0.000000E+00,0.000000E+00,0.000000E+00,2.296266E+01,3.694804E+01,2.399501E+01,4.865984E+01
14:50:00,2.275342E+04,4.713840E+03,8.252877E-01,4.625433E-01,0.000000E+00,0.000000E+00,0.000000E+00,0.000000E+00,0.000000E+00,0.000000E+00,0.000000E+00,0.000000E+00,2.296266E+01,3.694804E+01,2.399506E+01,5.085983E+01
15:00:00,2.275343E+04,4.950802E+03,8.252878E-01,4.858087E-01,0.000000E+00,0.000000E+00,0.000000E+00,0.000000E+00,0.000000E+00,0.000000E+00,0.000000E+00,0.000000E+00,2.296266E+01,3.694804E+01,2.399212E+01,4.967908E+01
15:10:00,2.275343E+04,4.993332E+03,8.252879E-01,4.899891E-01,0.000000E+00,0.000000E+00,0.000000E+00,0.000000E+00,0.000000E+00,0.000000E+00,0.000000E+00,0.000000E+00,2.296266E+01,3.694804E+01,2.399270E+01,5.087763E+01
15:20:00,2.275343E+04,5.615389E+03,8.252880E-01,5.510453E-01,0.000000E+00,0.000000E+00,0.000000E+00,0.000000E+00,0.000000E+00,0.000000E+00,0.000000E+00,0.000000E+00,2.296266E+01,3.694804E+01,2.399195E+01,4.893154E+01
15:30:00,2.275343E+04,5.909671E+03,8.252881E-01,5.799311E-01,0.000000E+00,0.000000E+00,0.000000E+00,0.000000E+00,0.000000E+00,0.000000E+00,0.000000E+00,0.000000E+00,2.296266E+01,3.694804E+01,2.399279E+01,5.159484E+01
15:40:00,2.275344E+04,6.411887E+03,8.252882E-01,6.292524E-01,0.000000E+00,0.000000E+00,0.000000E+00,0.000000E+00,0.000000E+00,0.000000E+00,0.000000E+00,0.000000E+00,2.296266E+01,3.694804E+01,2.399161E+01,5.363569E+01
15:50:00,2.275344E+04,6.626130E+03,8.252883E-01,6.503209E-01,0.000000E+00,0.000000E+00,0.000000E+00,0.000000E+00,0.000000E+00,0.000000E+00,0.000000E+00,0.000000E+00,2.296266E+01,3.694804E+01,2.399024E+01,5.293718E+01
16:00:00,2.275344E+04,6.806301E+03,8.252884E-01,6.680032E-01,0.000000E+00,0.000000E+00,0.000000E+00,0.000000E+00,0.000000E+00,0.000000E+00,0.000000E+00,0.000000E+00,2.296266E+01,3.694804E+01,2.399236E+01,5.176451E+01
16:10:00,2.275345E+04,7.244174E+03,8.252885E-01,7.109455E-01,0.000000E+00,0.000000E+00,0.000000E+00,0.000000E+00,0.000000E+00,0.000000E+00,0.000000E+00,0.000000E+00,2.296266E+01,3.694805E+01,2.399513E+01,5.263821E+01
16:20:00,2.275345E+04,7.016945E+03,8.252886E-01,6.886108E-01,0.000000E+00,0.000000E+00,0.000000E+00,0.000000E+00,0.000000E+00,0.000000E+00,0.000000E+00,0.000000E+00,2.296266E+01,3.694805E+01,2.399559E+01,5.258766E+01
16:30:00,2.275345E+04,7.202296E+03,8.252887E-01,7.067895E-01,0.000000E+00,0.000000E+00,0.000000E+00,0.000000E+00,0.000000E+00,0.000000E+00,0.000000E+00,0.000000E+00,2.296266E+01,3.694805E+01,2.399370E+01,5.282122E+01
16:40:00,2.275346E+04,7.036667E+03,8.252889E-01,6.904912E-01,0.000000E+00,0.000000E+00,0.000000E+00,0.000000E+00,0.000000E+00,0.000000E+00,0.000000E+00,0.000000E+00,2.296266E+01,3.694805E+01,2.399523E+01,5.284269E+01
16:50:00,2.275346E+04,7.408865E+03,8.252890E-01,7.269732E-01,0.000000E+00,0.000000E+00,0.000000E+00,0.000000E+00,0.000000E+00,0.000000E+00,0.000000E+00,0.000000E+00,2.296266E+01,3.694805E+01,2.399415E+01,5.311768E+01
17:00:00,2.275346E+04,7.616725E+03,8.252891E-01,7.473886E-01,0.000000E+00,0.000000E+00,0.000000E+00,0.000000E+00,0.000000E+00,0.000000E+00,0.000000E+00,0.000000E+00,2.296266E+01,3.694805E+01,2.399077E+01,5.395849E+01
17:10:00,2.275346E+04,7.700279E+03,8.252892E-01,7.556416E-01,0.000000E+00,0.000000E+00,0.000000E+00,0.000000E+00,0.000000E+00,0.000000E+00,0.000000E+00,0.000000E+00,2.296266E+01,3.694805E+01,2.399078E+01,5.365979E+01
17:20:00,2.275347E+04,7.994682E+03,8.252893E-01,7.845900E-01,0.000000E+00,0.000000E+00,0.000000E+00,0.000000E+00,0.000000E+00,0.000000E+00,0.000000E+00,0.000000E+00,2.296266E+01,3.694805E+01,2.399100E+01,5.395072E+01
17:30:00,2.275347E+04,8.187283E+03,8.252894E-01,8.035339E-01,0.000000E+00,0.000000E+00,0.000000E+00,0.000000E+00,0.000000E+00,0.000000E+00,0.000000E+00,0.000000E+00,2.296266E+01,3.694805E+01,2.399057E+01,5.458078E+01
17:40:00,2.275347E+04,8.327106E+03,8.252895E-01,8.173082E-01,0.000000E+00,0.000000E+00,0.000000E+00,0.000000E+00,0.000000E+00,0.000000E+00,0.000000E+00,0.000000E+00,2.296266E+01,3.694805E+01,2.399111E+01,5.464908E+01
17:50:00,2.275348E+04,8.464537E+03,8.252896E-01,8.308593E-01,0.000000E+00,0.000000E+00,0.000000E+00,0.000000E+00,0.000000E+00,0.000000E+00,0.000000E+00,0.000000E+00,2.296266E+01,3.694805E+01,2.398991E+01,5.449730E+01
18:00:00,2.275348E+04,8.505600E+03,8.252897E-01,8.349198E-01,0.000000E+00,0.000000E+00,0.000000E+00,0.000000E+00,0.000000E+00,0.000000E+00,0.000000E+00,0.000000E+00,2.296266E+01,3.694805E+01,2.398893E+01,5.526425E+01
18:10:00,2.275348E+04,8.662333E+03,8.252898E-01,8.503326E-01,0.000000E+00,0.000000E+00,0.000000E+00,0.000000E+00,0.000000E+00,0.000000E+00,0.000000E+00,0.000000E+00,2.296266E+01,3.694805E+01,2.398897E+01,5.478318E+01
18:20:00,2.275348E+04,8.660153E+03,8.252899E-01,8.501676E-01,0.000000E+00,0.000000E+00,0.000000E+00,0.000000E+00,0.000000E+00,0.000000E+00,0.000000E+00,0.000000E+00,2.296266E+01,3.694805E+01,2.398768E+01,5.528713E+01
18:30:00,2.275349E+04,8.760389E+03,8.252900E-01,8.600803E-01,0.000000E+00,0.000000E+00,0.000000E+00,0.000000E+00,0.000000E+00,0.000000E+00,0.000000E+00,0.000000E+00,2.296266E+01,3.694805E+01,2.398575E+01,5.617580E+01
18:40:00,2.275349E+04,8.891427E+03,8.252901E-01,8.730629E-01,0.000000E+00,0.000000E+00,0.000000E+00,0.000000E+00,0.000000E+00,0.000000E+00,0.000000E+00,0.000000E+00,2.296266E+01,3.694805E+01,2.398302E+01,5.683412E+01
18:50:00,2.275349E+04,8.862227E+03,8.252902E-01,8.703539E-01,0.000000E+00,0.000000E+00,0.000000E+00,0.000000E+00,0.000000E+00,0.000000E+00,0.000000E+00,0.000000E+00,2.296266E+01,3.694805E+01,2.397890E+01,5.694717E+01
19:00:00,2.275349E+04,8.889417E+03,8.252903E-01,8.731790E-01,0.000000E+00,0.000000E+00,0.000000E+00,0.000000E+00,0.000000E+00,0.000000E+00,0.000000E+00,0.000000E+00,2.296266E+01,3.694805E+01,2.397801E+01,5.690289E+01
19:10:00,2.275350E+04,8.822674E+03,8.252904E-01,8.667786E-01,0.000000E+00,0.000000E+00,0.000000E+00,0.000000E+00,0.000000E+00,0.000000E+00,0.000000E+00,0.000000E+00,2.296266E+01,3.694805E+01,2.397793E+01,5.690179E+01
19:20:00,2.275350E+04,8.749863E+03,8.252905E-01,8.597573E-01,0.000000E+00,0.000000E+00,0.000000E+00,0.000000E+00,0.000000E+00,0.000000E+00,0.000000E+00,0.000000E+00,2.296266E+01,3.694805E+01,2.397818E+01,5.691777E+01
19:30:00,2.275350E+04,8.555038E+03,8.252906E-01,8.407206E-01,0.000000E+00,0.000000E+00,0.000000E+00,0.000000E+00,0.000000E+00,0.000000E+00,0.000000E+00,0.000000E+00,2.296266E+01,3.694805E+01,2.397847E+01,5.689309E+01
19:40:00,2.275350E+04,8.359400E+03,8.252906E-01,8.215570E-01,0.000000E+00,0.000000E+00,0.000000E+00,0.000000E+00,0.000000E+00,0.000000E+00,0.000000E+00,0.000000E+00,2.296266E+01,3.694805E+01,2.397881E+01,5.685624E+01
19:50:00,2.275351E+04,8.169367E+03,8.252907E-01,8.028780E-01,0.000000E+00,0.000000E+00,0.000000E+00,0.000000E+00,0.000000E+00,0.000000E+00,0.000000E+00,0.000000E+00,2.296266E+01,3.694805E+01,2.397919E+01,5.681428E+01
20:00:00,2.275351E+04,7.982536E+03,8.252908E-01,7.844959E-01,0.000000E+00,0.000000E+00,0.000000E+00,0.000000E+00,0.000000E+00,0.000000E+00,0.000000E+00,0.000000E+00,2.296266E+01,3.694805E+01,2.397960E+01,5.675579E+01
20:10:00,2.275351E+04,7.797404E+03,8.252909E-01,7.662748E-01,0.000000E+00,0.000000E+00,0.000000E+00,0.000000E+00,0.000000E+00,0.000000E+00,0.000000E+00,0.000000E+00,2.296266E+01,3.694805E+01,2.398007E+01,5.669371E+01
20:20:00,2.275352E+04,7.614698E+03,8.252910E-01,7.482905E-01,0.000000E+00,0.000000E+00,0.000000E+00,0.000000E+00,0.000000E+00,0.000000E+00,0.000000E+00,0.000000E+00,2.296266E+01,3.694805E+01,2.398054E+01,5.664576E+01
20:30:00,2.275352E+04,7.429653E+03,8.252911E-01,7.300758E-01,0.000000E+00,0.000000E+00,0.000000E+00,0.000000E+00,0.000000E+00,0.000000E+00,0.000000E+00,0.000000E+00,2.296266E+01,3.694805E+01,2.398099E+01,5.662460E+01
20:40:00,2.275352E+04,7.245423E+03,8.252912E-01,7.119415E-01,0.000000E+00,0.000000E+00,0.000000E+00,0.000000E+00,0.000000E+00,0.000000E+00,0.000000E+00,0.000000E+00,2.296266E+01,3.694805E+01,2.398142E+01,5.660160E+01
20:50:00,2.275352E+04,7.059222E+03,8.252913E-01,6.936144E-01,0.000000E+00,0.000000E+00,0.000000E+00,0.000000E+00,0.000000E+00,0.000000E+00,0.000000E+00,0.000000E+00,2.296266E+01,3.694805E+01,2.398185E+01,5.659077E+01
21:00:00,2.275353E+04,6.878356E+03,8.252914E-01,6.758129E-01,0.000000E+00,0.000000E+00,0.000000E+00,0.000000E+00,0.000000E+00,0.000000E+00,0.000000E+00,0.000000E+00,2.296266E+01,3.694805E+01,2.398228E+01,5.659678E+01
21:10:00,2.275353E+04,6.697303E+03,8.252915E-01,6.579952E-01,0.000000E+00,0.000000E+00,0.000000E+00,0.000000E+00,0.000000E+00,0.000000E+00,0.000000E+00,0.000000E+00,2.296266E+01,3.694805E+01,2.398269E+01,5.662859E+01
21:20:00,2.275353E+04,6.514458E+03,8.252916E-01,6.400040E-01,0.000000E+00,0.000000E+00,0.000000E+00,0.000000E+00,0.000000E+00,0.000000E+00,0.000000E+00,0.000000E+00,2.296266E+01,3.694805E+01,2.398308E+01,5.666133E+01
21:30:00,2.275353E+04,6.331476E+03,8.252917E-01,6.220014E-01,0.000000E+00,0.000000E+00,0.000000E+00,0.000000E+00,0.000000E+00,0.000000E+00,0.000000E+00,0.000000E+00,2.296266E+01,3.694805E+01,2.398346E+01,5.668503E+01
21:40:00,2.275354E+04,6.150128E+03,8.252917E-01,6.041613E-01,0.000000E+00,0.000000E+00,0.000000E+00,0.000000E+00,0.000000E+00,0.000000E+00,0.000000E+00,0.000000E+00,2.296266E+01,3.694805E+01,2.398385E+01,5.669948E+01
21:50:00,2.275354E+04,5.971412E+03,8.252918E-01,5.865815E-01,0.000000E+00,0.000000E+00,0.000000E+00,0.000000E+00,0.000000E+00,0.000000E+00,0.000000E+00,0.000000E+00,2.296266E+01,3.694806E+01,2.398425E+01,5.674151E+01
22:00:00,2.275354E+04,5.792692E+03,8.252919E-01,5.690033E-01,0.000000E+00,0.000000E+00,0.000000E+00,0.000000E+00,0.000000E+00,0.000000E+00,0.000000E+00,0.000000E+00,2.296266E+01,3.694806E+01,2.398463E+01,5.679976E+01
22:10:00,2.275354E+04,5.616876E+03,8.252920E-01,5.517120E-01,0.000000E+00,0.000000E+00,0.000000E+00,0.000000E+00,0.000000E+00,0.000000E+00,0.000000E+00,0.000000E+00,2.296266E+01,3.694806E+01,2.398500E+01,5.684722E+01
22:20:00,2.275354E+04,5.477313E+03,8.252921E-01,5.379829E-01,0.000000E+00,0.000000E+00,0.000000E+00,0.000000E+00,0.000000E+00,0.000000E+00,0.000000E+00,0.000000E+00,2.296266E+01,3.694806E+01,2.398535E+01,5.691120E+01
22:30:00,2.275355E+04,5.340357E+03,8.252922E-01,5.245122E-01,0.000000E+00,0.000000E+00,0.000000E+00,0.000000E+00,0.000000E+00,0.000000E+00,0.000000E+00,0.000000E+00,2.296266E+01,3.694806E+01,2.398559E+01,5.726683E+01
22:40:00,2.275355E+04,5.205374E+03,8.252923E-01,5.112386E-01,0.000000E+00,0.000000E+00,0.000000E+00,0.000000E+00,0.000000E+00,0.000000E+00,0.000000E+00,0.000000E+00,2.296266E+01,3.694806E+01,2.398569E+01,5.760990E+01
22:50:00,2.275355E+04,5.074597E+03,8.252923E-01,4.983816E-01,0.000000E+00,0.000000E+00,0.000000E+00,0.000000E+00,0.000000E+00,0.000000E+00,0.000000E+00,0.000000E+00,2.296266E+01,3.694806E+01,2.398578E+01,5.785319E+01
23:00:00,2.275355E+04,4.947554E+03,8.252924E-01,4.858940E-01,0.000000E+00,0.000000E+00,0.000000E+00,0.000000E+00,0.000000E+00,0.000000E+00,0.000000E+00,0.000000E+00,2.296266E+01,3.694806E+01,2.398593E+01,5.802124E+01
23:10:00,2.275356E+04,4.823305E+03,8.252925E-01,4.736824E-01,0.000000E+00,0.000000E+00,0.000000E+00,0.000000E+00,0.000000E+00,0.000000E+00,0.000000E+00,0.000000E+00,2.296266E+01,3.694806E+01,2.398616E+01,5.816343E+01
23:20:00,2.275356E+04,4.669325E+03,8.252926E-01,4.585524E-01,0.000000E+00,0.000000E+00,0.000000E+00,0.000000E+00,0.000000E+00,0.000000E+00,0.000000E+00,0.000000E+00,2.296266E+01,3.694806E+01,2.398643E+01,5.831055E+01
23:30:00,2.275356E+04,4.519727E+03,8.252927E-01,4.438529E-01,0.000000E+00,0.000000E+00,0.000000E+00,0.000000E+00,0.000000E+00,0.000000E+00,0.000000E+00,0.000000E+00,2.296266E+01,3.694806E+01,2.398671E+01,5.846166E+01
23:40:00,2.275356E+04,4.374851E+03,8.252928E-01,4.296165E-01,0.000000E+00,0.000000E+00,0.000000E+00,0.000000E+00,0.000000E+00,0.000000E+00,0.000000E+00,0.000000E+00,2.296266E+01,3.694806E+01,2.398698E+01,5.861620E+01
23:50:00,2.275357E+04,4.232550E+03,8.252928E-01,4.156321E-01,0.000000E+00,0.000000E+00,0.000000E+00,0.000000E+00,0.000000E+00,0.000000E+00,0.000000E+00,0.000000E+00,2.296266E+01,3.694806E+01,2.398725E+01,5.879680E+01
24:00:00,2.275357E+04,4.093188E+03,8.252929E-01,4.019363E-01,0.000000E+00,0.000000E+00,0.000000E+00,0.000000E+00,0.000000E+00,0.000000E+00,0.000000E+00,0.000000E+00,2.296266E+01,3.694806E+01,2.398751E+01,5.897386E+01
Peak,2.275357E+04,8.891427E+03,8.252929E-01,8.730629E-01,0.000000E+00,0.000000E+00,0.000000E+00,0.000000E+00,0.000000E+00,0.000000E+00,0.000000E+00,0.000000E+00,,,,

Peak Vol Flow (m3/s),,,7.018485E-01,7.424732E-01,,,0.000000E+00,0.000000E+00,,,,,,,,
