edge,validated,in_gt,occ_gap,win_gap,max_gap
lightingpower→lightlevel,True,True,0.42137414575409016,0.0014682037014814853,0.42137414575409016
satisfaction→temperature,True,False,0.019873835124053135,0.014839522485112923,0.019873835124053135
satisfaction→noisedb,True,False,0.17464940950736438,0.06604159107579693,0.17464940950736438
pmv→outdoortemp,True,False,0.07379730613852442,0.35735005529729374,0.35735005529729374
humidity→satisfaction,True,False,0.05125104082381533,0.1909905656001745,0.1909905656001745
hvacpower→co2,True,False,0.0809897116378685,0.01818081761680157,0.0809897116378685
pmv→hvacpower,True,False,66.8286255340605,62.271797045187725,66.8286255340605
outdoortemp→pmv,True,False,0.12565234712675888,0.9247015751567805,0.9247015751567805
co2→airquality,False,False,0.4806052726306361,0.24511811297130048,0.4806052726306361
lightingpower→hvacpower,False,False,0.21129607022127833,0.02559613108952985,0.21129607022127833
outdoortemp→solarradiation,True,False,1.3285672206074461,1.6609777668046397,1.6609777668046397
pmv→solarradiation,True,False,0.27940594820674647,0.041020635676260346,0.27940594820674647
pmv→humidity,False,False,0.20086782707737402,0.2404632006311191,0.2404632006311191
hvacpower→energyconsumption,True,True,0.009190208836956981,0.005761302095421361,0.009190208836956981
lightlevel→satisfaction,False,True,0.10157802643700181,0.07964467230018266,0.10157802643700181
humidity→airquality,False,False,0.4547760105731815,0.658470103297093,0.658470103297093
lightingpower→humidity,False,False,0.31562908642142756,0.2289779410219689,0.31562908642142756
satisfaction→lightlevel,True,False,0.14616474649775177,0.15899978914988439,0.15899978914988439
airquality→pmv,False,False,0.0006554352222344862,0.013567608519337467,0.013567608519337467
lightlevel→lightingpower,False,False,0.6773429930794183,0.9435198588591668,0.9435198588591668
humidity→temperature,True,False,0.0035105438493305665,0.01459420959029226,0.01459420959029226
lightlevel→airquality,False,False,0.6071690293002141,0.41168872473802326,0.6071690293002141
solarradiation→lightlevel,True,True,0.5858003615043027,2.179143530670482,2.179143530670482
satisfaction→hvacpower,True,False,1.4030863466953067,1.4140761469007046,1.4140761469007046
satisfaction→humidity,True,False,0.03353279698241207,0.014343247562119202,0.03353279698241207
pmv→satisfaction,True,True,7.210840884031564,3.840223551731329,7.210840884031564
lightlevel→energyconsumption,False,False,0.02803124794628593,0.004584181519325126,0.02803124794628593
lightlevel→temperature,False,False,0.05442642561562134,0.05465764682440173,0.05465764682440173
temperature→lightingpower,False,False,6.397592576726182e-05,0.20998101744215286,0.20998101744215286
lightlevel→noisedb,False,False,0.14058401382432545,0.12020214476319421,0.14058401382432545
lightingpower→co2,True,False,0.14514597189787942,0.5241118291606462,0.5241118291606462
noisedb→outdoortemp,False,False,0.305319110385168,0.32354250487368913,0.32354250487368913
solarradiation→pmv,True,False,0.07868763397026046,0.4978691652668993,0.4978691652668993
co2→outdoortemp,False,False,0.08374341383595679,0.2522618301719538,0.2522618301719538
hvacpower→pmv,False,False,0.0141205591048167,0.014886550541662432,0.014886550541662432
lightingpower→energyconsumption,True,True,0.021572799475898942,0.005652018642652926,0.021572799475898942
temperature→energyconsumption,False,False,5.812162918424007,6.208339813883329,6.208339813883329
noisedb→pmv,False,False,0.009595613434010662,0.0064469146039931235,0.009595613434010662
co2→pmv,False,False,0.021211155506817937,0.0208760380839774,0.021211155506817937
outdoortemp→temperature,True,True,0.14824389168953664,0.7117938930125978,0.7117938930125978
pmv→temperature,True,False,0.036142109229274855,0.01400456087848101,0.036142109229274855
noisedb→solarradiation,False,False,0.08174804396432375,0.1892810972546391,0.1892810972546391
satisfaction→energyconsumption,False,False,0.037172458431204876,0.038267002504900116,0.038267002504900116
lightlevel→pmv,False,False,0.038479861497730916,0.03323555132901727,0.038479861497730916
lightlevel→humidity,False,False,0.40885520717203133,0.43377553869880403,0.43377553869880403
hvacpower→satisfaction,True,False,0.45672220345084724,0.4325036621059635,0.45672220345084724
noisedb→satisfaction,False,True,0.15994610940441134,0.2341284407407973,0.2341284407407973
co2→satisfaction,True,True,0.3532425847754661,0.32198659025300724,0.3532425847754661
hvacpower→lightingpower,False,False,1.829523080395056e-05,0.04103846354875117,0.04103846354875117
temperature→hvacpower,False,False,66.1457042425199,61.439236189383365,66.1457042425199
temperature→pmv,True,True,0.014575979464201194,0.03893853267874281,0.03893853267874281
noisedb→lightingpower,False,False,1.918731801372044e-06,0.11785910719627257,0.11785910719627257
lightingpower→solarradiation,False,False,0.08123765468346125,0.22223597976150902,0.22223597976150902
noisedb→airquality,True,False,0.012746699395383206,0.3677329277812576,0.3677329277812576
solarradiation→temperature,True,False,0.11059903342692537,0.39313129826091064,0.39313129826091064
satisfaction→outdoortemp,True,False,0.7246157270011404,0.6270766738420134,0.7246157270011404
airquality→solarradiation,False,False,0.22872239896471364,0.406782708984982,0.406782708984982
hvacpower→temperature,True,True,0.012009176247233928,0.007514799899519671,0.012009176247233928
hvacpower→noisedb,True,True,0.01076754133250873,0.16143094472056144,0.16143094472056144
satisfaction→pmv,True,False,0.015484957118383429,0.0050690245238929205,0.015484957118383429
satisfaction→solarradiation,True,False,0.25940899543302354,0.20722881018054085,0.25940899543302354
temperature→satisfaction,True,False,8.075913326191692,4.701180368397273,8.075913326191692
lightingpower→satisfaction,False,False,0.07307879647582799,0.03126176703137411,0.07307879647582799
hvacpower→lightlevel,True,False,0.015576085374374382,0.0051675207756574915,0.015576085374374382
noisedb→lightlevel,False,False,0.016501586783062412,0.12277995680579787,0.12277995680579787
lightingpower→airquality,False,False,0.07678852681768121,0.08733500313235767,0.08733500313235767
pmv→energyconsumption,False,False,5.797014331620987,6.203680847395326,6.203680847395326
co2→solarradiation,False,False,0.10551995566610413,0.07841630913495982,0.10551995566610413
lightlevel→outdoortemp,False,False,0.44397145931107784,0.22744669729096478,0.44397145931107784
hvacpower→humidity,True,True,0.17358063393566037,0.23994426355819104,0.23994426355819104
lightingpower→temperature,True,False,0.027463000982724597,0.011757211355643381,0.027463000982724597
humidity→pmv,False,True,0.028672171294337273,0.04377351399281699,0.04377351399281699
lightingpower→noisedb,False,False,0.04639897573490508,0.02594643193064805,0.04639897573490508
humidity→solarradiation,False,False,0.07594483826179622,0.10524995473704238,0.10524995473704238
noisedb→humidity,False,False,0.1310713723934753,0.2738493227774151,0.2738493227774151
satisfaction→lightingpower,False,False,3.7220173603910298e-06,0.13263461666423496,0.13263461666423496
satisfaction→airquality,True,False,0.8405307975934793,0.8572682890900806,0.8572682890900806
lightlevel→solarradiation,False,False,0.28781302012830823,0.6152743291023393,0.6152743291023393
outdoortemp→lightlevel,True,False,0.6586497611238162,3.3316285939615757,3.3316285939615757
pmv→lightlevel,True,False,0.17199068058306027,0.2635868236499433,0.2635868236499433
