n_edges,tp,fp,fn,shd,precision,recall,f1,method,f1_std,shd_std,precision_std,recall_std
93,19,74,9,83,0.204,0.679,0.314,PolicyGRID-O,0.006,0.8,0.004,0.016
51,17,34,11,45,0.333,0.607,0.43,PolicyGRID,0.018,1.4,0.014,0.029
24,10,14,18,32,0.417,0.357,0.385,PC,0.0,0.0,0.0,0.0
0,0,0,28,28,0.0,0.0,0.0,SAM,0.0,0.0,0.0,0.0
22,9,13,19,32,0.409,0.321,0.36,GIES,0.0,0.0,0.0,0.0
21,8,13,20,33,0.381,0.286,0.327,ICP,0.0,0.0,0.0,0.0
66,17,49,11,60,0.258,0.607,0.362,NOTEARS-I,0.0,0.0,0.0,0.0
105,23,82,5,87,0.219,0.821,0.346,ABCD,0.0,0.0,0.0,0.0
27,10,17,18,35,0.37,0.357,0.364,JCI,0.0,0.0,0.0,0.0
25,11,14,17,31,0.44,0.393,0.415,Causal Bandits,0.0,0.0,0.0,0.0
8,4,4,24,28,0.5,0.143,0.222,IID,0.0,0.0,0.0,0.0
