method,comfort_target,satisfaction,energy,sat_std,eng_std,kWh,kWh_std,degree_hours,dh_std,MO,MO_std
PolicyGRID,0.5,93.29,35.83,0.35,0.0,3.941,0.0,0.0,0.0,0.8819,0.0029
PID,0.5,93.84,50.0,0.1,0.0,5.5,0.0,0.0,0.0,0.8617,0.0008
DDPC_Behavioral,0.5,85.0,58.47,0.16,0.41,6.431,0.045,0.0,0.0,0.7739,0.0007
DDPC_Subspace,0.5,82.13,40.34,0.05,0.98,4.437,0.108,0.0,0.0,0.782,0.0013
DDPC_Neural,0.5,92.26,81.98,0.09,0.48,9.018,0.053,0.0,0.0,0.7927,0.0004
DDPC_PETS,0.5,87.21,36.22,0.33,1.99,3.985,0.219,0.0,0.0,0.8311,0.0039
MPC_Linear,0.5,82.17,19.47,0.19,0.33,2.142,0.037,0.021,0.011,0.8189,0.0011
C-MBPO,0.5,78.71,10.94,0.6,0.0,1.203,0.0,0.123,0.11,0.8052,0.0049
PolicyGRID,0.8,92.38,27.32,0.13,0.0,3.006,0.0,0.015,0.021,0.8686,0.0009
PID,0.8,93.69,50.0,0.14,0.0,5.5,0.0,0.0,0.0,0.8146,0.001
DDPC_Behavioral,0.8,84.41,48.23,0.04,0.69,5.305,0.076,0.0,0.0,0.7527,0.0016
DDPC_Subspace,0.8,75.59,2.75,0.73,0.7,0.302,0.077,1.256,0.433,0.8166,0.0062
DDPC_Neural,0.8,92.18,81.79,0.1,0.12,8.997,0.013,0.0,0.0,0.7147,0.0009
DDPC_PETS,0.8,86.82,35.99,0.54,0.79,3.958,0.087,0.0,0.0,0.8043,0.0051
MPC_Linear,0.8,82.74,20.95,0.05,0.79,2.304,0.087,0.015,0.014,0.817,0.0025
C-MBPO,0.8,78.45,10.94,0.12,0.0,1.203,0.0,0.065,0.04,0.8143,0.0009
PolicyGRID,1.0,92.02,21.66,0.45,0.0,2.382,0.0,0.011,0.015,0.8723,0.0029
PID,1.0,93.79,50.0,0.11,0.0,5.5,0.0,0.0,0.0,0.7846,0.0007
DDPC_Behavioral,1.0,84.34,47.6,0.13,0.71,5.237,0.078,0.0,0.0,0.7316,0.0019
DDPC_Subspace,1.0,72.06,2.04,0.86,0.7,0.225,0.077,3.105,0.421,0.8112,0.0069
DDPC_Neural,1.0,92.36,81.75,0.21,0.17,8.992,0.019,0.0,0.0,0.6643,0.0011
DDPC_PETS,1.0,86.82,35.38,0.6,1.5,3.891,0.165,0.0,0.0,0.7905,0.0018
MPC_Linear,1.0,82.8,19.51,0.52,1.1,2.146,0.121,0.004,0.003,0.8199,0.007
C-MBPO,1.0,78.69,10.94,0.19,0.0,1.203,0.0,0.067,0.034,0.8232,0.0012
PolicyGRID,1.5,86.62,7.48,1.46,0.0,0.823,0.0,1.391,0.923,0.8972,0.0069
PID,1.5,93.82,50.0,0.2,0.0,5.5,0.0,0.0,0.0,0.7081,0.001
DDPC_Behavioral,1.5,84.56,46.92,0.08,0.03,5.161,0.003,0.0,0.0,0.6803,0.0003
DDPC_Subspace,1.5,66.37,0.42,2.25,0.0,0.046,0.0,5.898,0.99,0.8381,0.0107
DDPC_Neural,1.5,92.28,81.51,0.12,0.47,8.966,0.051,0.0,0.0,0.5354,0.0026
DDPC_PETS,1.5,86.26,36.79,0.27,1.5,4.047,0.165,0.0,0.0,0.7416,0.0087
MPC_Linear,1.5,83.33,21.48,0.52,1.36,2.363,0.15,0.002,0.002,0.808,0.0089
C-MBPO,1.5,79.58,10.94,0.28,0.0,1.203,0.0,0.012,0.013,0.8456,0.0013
PolicyGRID,2.0,79.71,4.82,1.57,0.0,0.53,0.0,5.352,1.263,0.9054,0.0047
PID,2.0,93.86,50.0,0.12,0.0,5.5,0.0,0.0,0.0,0.6316,0.0004
DDPC_Behavioral,2.0,84.35,46.9,0.23,0.03,5.159,0.004,0.0,0.0,0.6248,0.0009
DDPC_Subspace,2.0,68.39,0.42,2.47,0.0,0.046,0.0,4.676,0.997,0.9023,0.0074
DDPC_Neural,2.0,92.45,82.11,0.16,0.08,9.032,0.009,0.0,0.0,0.4025,0.0008
DDPC_PETS,2.0,86.35,35.37,0.15,0.73,3.891,0.08,0.0,0.0,0.7115,0.0054
MPC_Linear,2.0,82.82,20.72,0.31,1.67,2.279,0.184,0.053,0.064,0.8034,0.0125
C-MBPO,2.0,79.22,10.94,0.81,0.0,1.203,0.0,0.212,0.111,0.8611,0.0024
