method,sim_seed,n_steps,occ_accuracy,win_accuracy,combined_accuracy
PolicyGRID,1,5760,99.5,65.3,64.7
Obs-Only,1,5760,81.9,60.3,43.8
IID,1,5760,65.9,60.3,40.5
PolicyGRID,3,5760,99.4,66.0,65.4
Obs-Only,3,5760,81.6,60.5,43.4
IID,3,5760,65.1,60.5,40.5
PolicyGRID,2,5760,99.4,65.5,64.9
Obs-Only,2,5760,82.5,60.4,43.8
IID,2,5760,65.5,60.3,40.9
PolicyGRID,0,5760,99.5,66.2,65.6
Obs-Only,0,5760,82.0,60.4,43.7
IID,0,5760,64.5,60.4,40.3
PolicyGRID,4,5760,99.4,65.1,64.5
Obs-Only,4,5760,81.0,60.6,43.6
IID,4,5760,64.7,60.4,40.3
