method,seed,weather,comfort_target,kWh,satisfaction,MO,mean_hvac,base_steps,base_kwh,base_sat,occ_steps,occ_kwh,occ_sat,full_steps,full_kwh,full_sat,win_steps,win_kwh,win_sat
Validated-IntvCoef,42,cold,2.0,6.04,73.92,0.8897,0.0,746,3.15,71.2,153,0.64,61.9,541,2.25,81.0,,,
Validated-IntvCoef,42,cold,0.8,34.01,87.85,0.8404,0.233,742,18.1,92.4,159,3.65,78.9,539,12.25,84.2,,,
Validated-IntvCoef,42,cold,0.5,46.02,88.83,0.8469,0.333,736,23.87,93.4,168,5.3,81.9,536,16.84,84.8,,,
Validated-IntvCoef,42,cold,1.0,26.0,86.86,0.8457,0.167,739,14.07,91.8,167,2.87,75.2,534,9.06,83.7,,,
Validated-IntvCoef,42,cold,1.5,7.1,78.34,0.8689,0.009,741,4.18,79.4,161,0.68,64.0,538,2.24,81.2,,,
Validated-IntvCoef,123,cold,0.5,46.02,88.8,0.8466,0.334,744,24.13,93.2,156,4.92,81.6,540,16.96,84.8,,,
Validated-IntvCoef,123,cold,0.8,33.99,87.79,0.84,0.233,730,17.81,92.4,169,3.88,79.7,541,12.29,84.2,,,
Validated-IntvCoef,123,cold,1.0,26.0,86.81,0.8453,0.167,744,14.17,91.4,156,2.68,75.8,540,9.15,83.7,,,
Validated-IntvCoef,123,cold,1.5,7.07,78.96,0.8719,0.009,737,4.14,80.8,161,0.67,62.4,542,2.26,81.3,,,
Validated-IntvCoef,123,cold,2.0,6.04,72.81,0.8864,0.0,729,3.08,69.8,173,0.72,60.0,538,2.24,81.0,,,
Validated-IntvCoef,456,cold,0.5,46.01,88.8,0.8466,0.333,731,23.71,93.2,167,5.27,82.2,542,17.03,84.8,,,
Validated-IntvCoef,456,cold,1.0,26.01,86.91,0.846,0.167,738,14.05,91.4,160,2.77,77.7,542,9.19,83.6,,,
Validated-IntvCoef,456,cold,0.8,34.0,87.95,0.8411,0.233,737,17.98,92.4,169,3.89,79.8,534,12.13,84.4,,,
Validated-IntvCoef,456,cold,1.5,7.05,77.96,0.8673,0.009,751,4.17,78.8,147,0.62,61.1,542,2.26,81.4,,,
Validated-IntvCoef,456,cold,2.0,6.04,73.99,0.8899,0.0,745,3.15,71.6,155,0.65,60.0,540,2.25,81.4,,,
Validated-IntvCoef,789,cold,0.8,34.02,87.76,0.8397,0.233,741,18.08,92.3,167,3.83,79.0,532,12.1,84.3,,,
Validated-IntvCoef,789,cold,0.5,46.02,88.74,0.8461,0.333,741,24.03,93.1,163,5.15,81.9,536,16.84,84.8,,,
Validated-IntvCoef,789,cold,1.0,26.01,86.88,0.8457,0.167,749,14.26,91.5,150,2.58,75.0,541,9.17,83.7,,,
Validated-IntvCoef,789,cold,1.5,7.02,78.89,0.8718,0.009,754,4.16,80.6,153,0.64,61.8,533,2.22,81.4,,,
Validated-IntvCoef,789,cold,2.0,6.04,73.9,0.8897,0.0,737,3.11,71.2,170,0.71,61.9,533,2.22,81.5,,,
Validated-IntvCoef,999,cold,0.5,46.01,88.8,0.8466,0.333,734,23.81,93.3,167,5.27,81.9,539,16.93,84.9,,,
Validated-IntvCoef,999,cold,0.8,34.03,87.57,0.8383,0.234,750,18.3,91.9,150,3.45,78.4,540,12.29,84.1,,,
Validated-IntvCoef,999,cold,1.5,7.01,77.55,0.8655,0.008,741,4.1,77.9,159,0.67,63.1,540,2.25,81.3,,,
Validated-IntvCoef,999,cold,1.0,26.0,86.84,0.8456,0.167,738,14.05,91.7,161,2.77,75.8,541,9.17,83.6,,,
Validated-IntvCoef,999,cold,2.0,6.04,73.59,0.8887,0.0,735,3.1,70.9,165,0.69,61.1,540,2.25,81.0,,,
Validated-IntvCoef,42,warm,0.5,46.1,85.37,0.8182,0.334,737,23.92,93.0,194,6.12,80.7,509,16.06,76.1,,,
Validated-IntvCoef,42,warm,0.8,34.21,83.94,0.8118,0.235,740,18.12,92.5,188,4.32,78.0,512,11.76,73.7,,,
Validated-IntvCoef,42,warm,1.0,26.28,81.92,0.8128,0.169,747,14.3,91.5,204,3.53,74.3,489,8.44,70.5,,,
Validated-IntvCoef,42,warm,1.5,7.33,74.18,0.8482,0.011,736,4.39,83.6,211,0.89,65.9,493,2.05,63.7,,,
Validated-IntvCoef,42,warm,2.0,6.04,70.4,0.8792,0.0,745,3.15,76.1,202,0.84,64.6,493,2.05,64.1,,,
Validated-IntvCoef,123,warm,0.5,46.08,85.45,0.8188,0.334,733,23.78,93.2,211,6.66,79.8,496,15.65,76.4,,,
Validated-IntvCoef,123,warm,0.8,34.23,83.63,0.8095,0.235,744,18.23,92.4,236,5.43,75.3,460,10.57,73.8,,,
Validated-IntvCoef,123,warm,1.0,26.29,82.04,0.8136,0.169,750,14.37,91.7,190,3.29,73.8,500,8.63,70.7,,,
Validated-IntvCoef,123,warm,1.5,7.27,74.07,0.8479,0.011,737,4.34,83.2,213,0.89,65.9,490,2.04,63.9,,,
Validated-IntvCoef,123,warm,2.0,6.04,70.06,0.8781,0.0,734,3.1,75.4,175,0.73,68.0,531,2.21,63.4,,,
Validated-IntvCoef,456,warm,0.5,46.11,85.3,0.8176,0.334,743,24.11,93.0,200,6.31,79.5,497,15.68,76.1,,,
Validated-IntvCoef,456,warm,0.8,34.21,83.77,0.8105,0.235,743,18.2,92.3,179,4.12,78.4,518,11.9,73.3,,,
Validated-IntvCoef,456,warm,1.0,26.25,82.21,0.8148,0.169,732,14.03,91.8,197,3.41,75.9,511,8.82,70.9,,,
Validated-IntvCoef,456,warm,1.5,7.21,73.85,0.8471,0.01,736,4.27,82.9,211,0.89,66.0,493,2.05,63.7,,,
Validated-IntvCoef,456,warm,2.0,6.04,70.68,0.88,0.0,742,3.13,77.0,181,0.75,65.2,517,2.15,63.5,,,
Validated-IntvCoef,789,warm,0.5,46.11,85.37,0.8182,0.334,747,24.25,93.1,202,6.38,79.3,491,15.49,76.1,,,
Validated-IntvCoef,789,warm,0.8,34.21,83.76,0.8105,0.235,743,18.19,92.3,186,4.28,78.1,511,11.74,73.4,,,
Validated-IntvCoef,789,warm,1.0,26.27,81.87,0.8125,0.169,745,14.26,91.3,195,3.38,74.3,500,8.63,70.7,,,
Validated-IntvCoef,789,warm,1.5,7.31,74.28,0.8487,0.011,745,4.41,83.6,205,0.86,65.1,490,2.04,63.9,,,
Validated-IntvCoef,789,warm,2.0,6.04,71.19,0.8815,0.0,726,3.07,77.9,227,0.95,65.6,487,2.03,63.8,,,
Validated-IntvCoef,999,warm,0.8,34.2,83.79,0.8108,0.235,741,18.14,92.3,194,4.46,78.7,505,11.6,73.2,,,
Validated-IntvCoef,999,warm,0.5,46.09,85.55,0.8197,0.334,741,24.04,93.2,217,6.85,79.9,482,15.2,76.3,,,
Validated-IntvCoef,999,warm,1.0,26.27,81.84,0.8123,0.169,737,14.13,91.3,194,3.35,76.0,509,8.78,70.3,,,
Validated-IntvCoef,999,warm,1.5,7.22,73.9,0.8473,0.01,733,4.27,83.4,206,0.86,64.5,501,2.09,63.9,,,
Validated-IntvCoef,999,warm,2.0,6.04,70.76,0.8802,0.0,738,3.12,76.7,207,0.86,66.0,495,2.06,63.9,,,
Validated-IntvCoef,42,mild,0.8,34.22,80.03,0.7836,0.235,18,0.44,91.4,208,4.79,77.2,490,11.26,73.6,724.0,17.74,84.9
Validated-IntvCoef,42,mild,0.5,46.11,82.09,0.7911,0.334,17,0.55,91.5,190,6.0,80.3,508,16.03,76.2,725.0,23.54,86.5
Validated-IntvCoef,42,mild,1.0,26.28,77.87,0.7865,0.169,8,0.15,92.6,203,3.51,76.2,506,8.73,70.8,723.0,13.88,83.2
Validated-IntvCoef,42,mild,1.5,7.39,70.61,0.831,0.012,16,0.09,87.7,215,0.9,64.7,484,2.02,63.9,725.0,4.39,76.5
Validated-IntvCoef,42,mild,2.0,6.04,69.96,0.8778,0.0,7,0.03,90.9,209,0.87,65.9,501,2.09,63.6,723.0,3.05,75.3
Validated-IntvCoef,123,mild,0.8,34.21,79.89,0.7826,0.235,11,0.27,91.1,221,5.08,77.0,483,11.1,73.5,725.0,17.76,84.8
Validated-IntvCoef,123,mild,0.5,46.1,82.19,0.792,0.334,13,0.42,94.2,222,7.01,79.9,481,15.17,76.4,724.0,23.5,86.6
Validated-IntvCoef,123,mild,1.0,26.31,77.69,0.7852,0.169,24,0.45,90.6,177,3.06,74.9,514,8.87,70.4,725.0,13.92,83.1
Validated-IntvCoef,123,mild,2.0,6.04,69.87,0.8776,0.0,14,0.06,85.9,200,0.83,64.9,502,2.09,63.6,724.0,3.06,75.2
Validated-IntvCoef,123,mild,1.5,7.36,70.41,0.8301,0.011,9,0.05,86.8,212,0.89,65.2,493,2.05,63.8,726.0,4.37,76.2
Validated-IntvCoef,456,mild,0.5,46.1,82.14,0.7915,0.334,15,0.48,92.8,209,6.6,80.2,491,15.49,76.1,725.0,23.53,86.6
Validated-IntvCoef,456,mild,0.8,34.2,79.93,0.7829,0.235,6,0.14,92.3,226,5.2,77.8,484,11.12,73.5,724.0,17.74,84.8
Validated-IntvCoef,456,mild,1.0,26.29,77.7,0.7853,0.169,17,0.32,92.4,202,3.49,74.2,495,8.54,70.6,726.0,13.94,83.2
Validated-IntvCoef,456,mild,1.5,7.41,70.76,0.8316,0.012,14,0.08,84.7,186,0.79,66.2,514,2.14,64.0,726.0,4.4,76.5
Validated-IntvCoef,456,mild,2.0,6.04,70.19,0.8785,0.0,21,0.09,88.0,204,0.85,65.7,491,2.05,63.5,724.0,3.06,75.5
Validated-IntvCoef,789,mild,0.5,46.09,82.03,0.7906,0.334,4,0.13,93.4,206,6.5,80.9,510,16.09,76.2,720.0,23.37,86.4
Validated-IntvCoef,789,mild,0.8,34.22,79.92,0.7829,0.235,11,0.27,92.2,213,4.9,78.1,491,11.28,73.4,725.0,17.77,84.7
Validated-IntvCoef,789,mild,1.0,26.3,77.71,0.7854,0.169,27,0.51,91.8,199,3.44,73.6,490,8.46,70.8,724.0,13.9,83.0
Validated-IntvCoef,789,mild,1.5,7.41,70.46,0.8302,0.012,24,0.13,88.9,173,0.73,64.9,519,2.16,63.5,724.0,4.38,76.2
Validated-IntvCoef,789,mild,2.0,6.04,70.22,0.8786,0.0,11,0.05,88.5,199,0.83,66.1,505,2.1,64.3,725.0,3.06,75.2
Validated-IntvCoef,999,mild,0.5,46.09,82.17,0.7918,0.334,13,0.42,92.7,196,6.19,80.8,508,16.03,76.2,723.0,23.46,86.5
Validated-IntvCoef,999,mild,0.8,34.23,79.98,0.7833,0.235,21,0.51,90.9,212,4.88,77.1,482,11.07,73.5,725.0,17.77,84.8
Validated-IntvCoef,999,mild,1.0,26.26,77.55,0.7845,0.169,8,0.15,92.6,208,3.6,75.3,511,8.82,70.9,713.0,13.68,82.8
Validated-IntvCoef,999,mild,1.5,7.38,70.85,0.8322,0.011,16,0.09,89.2,185,0.78,67.3,515,2.15,64.0,724.0,4.36,76.3
Validated-IntvCoef,999,mild,2.0,6.04,70.08,0.8782,0.0,19,0.08,87.8,169,0.7,66.6,527,2.2,63.4,725.0,3.06,75.3
