sensor,lag_min,n_deltas,sigma_hat,theta,theta_over_sigma,P_pass_screen_null,type_I,power_d2
Temperature,20,160,0.007,0.01,1.41,0.01483,0.00472,0.8456
Temperature,25,155,0.008,0.01,1.24,0.03193,0.00905,0.9056
Temperature,30,150,0.009,0.01,1.16,0.04473,0.01212,0.9276
Humidity,20,160,0.013,0.01,0.76,0.19078,0.04066,0.9836
Humidity,25,155,0.015,0.01,0.67,0.24718,0.04879,0.9884
Humidity,30,150,0.015,0.01,0.65,0.26185,0.0513,0.9894
AirQuality,20,160,0.008,0.01,1.19,0.0403,0.01111,0.9202
AirQuality,25,155,0.009,0.01,1.06,0.0661,0.01714,0.9472
AirQuality,30,150,0.01,0.01,0.99,0.08601,0.02121,0.9592
