step,hour,trigger,observed_decay,predicted_decays,p_occ_after,p_win_after,gt_occ,gt_win,winner_before,winner_after
119,2.0,unocc,0.32,"{'base': np.float64(-0.0162), 'occ': np.float64(0.0966), 'win': np.float64(0.0971), 'full': np.float64(0.1762)}",0.092,0.309,0,0,base,base
239,4.0,unocc,0.3333,"{'base': np.float64(-0.0076), 'occ': np.float64(0.1264), 'win': np.float64(0.0872), 'full': np.float64(0.157)}",0.091,0.288,0,0,base,base
359,6.0,unocc,0.08,"{'base': np.float64(-0.0093), 'occ': np.float64(0.1464), 'win': np.float64(0.0936), 'full': np.float64(0.1579)}",0.095,0.332,0,0,base,base
1259,21.0,unocc,0.21,"{'base': np.float64(-0.0209), 'occ': np.float64(0.0857), 'win': np.float64(0.0961), 'full': np.float64(0.1564)}",0.093,0.314,0,0,base,base
1379,23.0,unocc,0.005,"{'base': np.float64(-0.0158), 'occ': np.float64(0.0828), 'win': np.float64(0.0876), 'full': np.float64(0.1549)}",0.092,0.298,0,0,base,base
1499,25.0,unocc,-0.5667,"{'base': np.float64(-0.0079), 'occ': np.float64(0.1569), 'win': np.float64(0.092), 'full': np.float64(0.152)}",0.092,0.326,0,0,base,base
1619,27.0,unocc,-0.1833,"{'base': np.float64(-0.0099), 'occ': np.float64(0.1691), 'win': np.float64(0.1008), 'full': np.float64(0.1653)}",0.102,0.369,0,0,base,base
1739,29.0,unocc,0.0933,"{'base': np.float64(-0.0063), 'occ': np.float64(0.2001), 'win': np.float64(0.1024), 'full': np.float64(0.1649)}",0.097,0.377,0,0,base,base
1859,31.0,unocc,0.07,"{'base': np.float64(-0.0066), 'occ': np.float64(0.2254), 'win': np.float64(0.0986), 'full': np.float64(0.1521)}",0.095,0.607,0,0,win,win
2702,45.05,unocc,0.015,"{'base': np.float64(-0.0095), 'occ': np.float64(0.1646), 'win': np.float64(0.0949), 'full': np.float64(0.1502)}",0.094,0.356,0,0,base,base
2822,47.05,unocc,0.175,"{'base': np.float64(-0.0112), 'occ': np.float64(0.1534), 'win': np.float64(0.0996), 'full': np.float64(0.1646)}",0.097,0.327,0,0,base,base
2942,49.05,unocc,-0.09,"{'base': np.float64(-0.0046), 'occ': np.float64(0.2041), 'win': np.float64(0.094), 'full': np.float64(0.1447)}",0.095,0.405,0,0,base,base
3062,51.05,unocc,0.0233,"{'base': np.float64(-0.0046), 'occ': np.float64(0.2183), 'win': np.float64(0.097), 'full': np.float64(0.1471)}",0.095,0.388,0,0,base,base
3182,53.05,unocc,-0.3733,"{'base': np.float64(-0.0014), 'occ': np.float64(0.2458), 'win': np.float64(0.1), 'full': np.float64(0.1455)}",0.094,0.424,0,0,base,base
3302,55.05,unocc,0.0067,"{'base': np.float64(-0.0038), 'occ': np.float64(0.2843), 'win': np.float64(0.1168), 'full': np.float64(0.1738)}",0.092,0.531,0,0,win,win
4133,68.9,unocc,0.0733,"{'base': np.float64(-0.0057), 'occ': np.float64(0.2107), 'win': np.float64(0.0941), 'full': np.float64(0.1319)}",0.095,0.387,0,0,base,base
4253,70.9,unocc,-0.1133,"{'base': np.float64(-0.0029), 'occ': np.float64(0.2085), 'win': np.float64(0.0951), 'full': np.float64(0.1476)}",0.094,0.395,0,0,base,base
4373,72.9,unocc,-0.5733,"{'base': np.float64(-0.0001), 'occ': np.float64(0.2099), 'win': np.float64(0.0885), 'full': np.float64(0.1376)}",0.091,0.338,0,1,base,base
4493,74.9,unocc,-0.3733,"{'base': np.float64(-0.0), 'occ': np.float64(0.2079), 'win': np.float64(0.0855), 'full': np.float64(0.1311)}",0.091,0.33,0,1,base,base
4613,76.9,unocc,0.4567,"{'base': np.float64(-0.002), 'occ': np.float64(0.2068), 'win': np.float64(0.0899), 'full': np.float64(0.14)}",0.092,0.335,0,1,base,base
4733,78.9,unocc,0.43,"{'base': np.float64(0.0026), 'occ': np.float64(0.2118), 'win': np.float64(0.0812), 'full': np.float64(0.1269)}",0.091,0.331,0,1,base,base
5579,93.0,unocc,-0.72,"{'base': np.float64(0.0009), 'occ': np.float64(0.204), 'win': np.float64(0.0848), 'full': np.float64(0.1339)}",0.091,0.324,0,1,base,base
5699,95.0,unocc,-0.5667,"{'base': np.float64(0.0014), 'occ': np.float64(0.2082), 'win': np.float64(0.088), 'full': np.float64(0.1408)}",0.093,0.322,0,1,base,base
119,2.0,unocc,0.02,"{'base': np.float64(-0.0151), 'occ': np.float64(0.0997), 'win': np.float64(0.0946), 'full': np.float64(0.1754)}",0.091,0.309,0,0,base,base
239,4.0,unocc,-0.21,"{'base': np.float64(-0.0133), 'occ': np.float64(0.1145), 'win': np.float64(0.0905), 'full': np.float64(0.1593)}",0.096,0.316,0,0,base,base
359,6.0,unocc,0.1,"{'base': np.float64(-0.0108), 'occ': np.float64(0.1415), 'win': np.float64(0.0919), 'full': np.float64(0.1531)}",0.094,0.351,0,0,base,base
1286,21.45,unocc,-0.2467,"{'base': np.float64(-0.0152), 'occ': np.float64(0.0933), 'win': np.float64(0.0882), 'full': np.float64(0.1501)}",0.089,0.277,0,0,base,base
1406,23.45,unocc,-0.02,"{'base': np.float64(-0.0141), 'occ': np.float64(0.089), 'win': np.float64(0.0888), 'full': np.float64(0.1611)}",0.095,0.292,0,0,base,base
1526,25.45,unocc,0.1133,"{'base': np.float64(-0.01), 'occ': np.float64(0.1592), 'win': np.float64(0.1006), 'full': np.float64(0.1686)}",0.096,0.363,0,0,base,base
1646,27.45,unocc,0.3367,"{'base': np.float64(-0.0074), 'occ': np.float64(0.1739), 'win': np.float64(0.0932), 'full': np.float64(0.1506)}",0.096,0.359,0,0,base,base
1766,29.45,unocc,-0.385,"{'base': np.float64(-0.0069), 'occ': np.float64(0.2026), 'win': np.float64(0.1033), 'full': np.float64(0.1612)}",0.099,0.389,0,0,base,base
2697,44.97,unocc,0.1167,"{'base': np.float64(-0.0101), 'occ': np.float64(0.1609), 'win': np.float64(0.0889), 'full': np.float64(0.14)}",0.096,0.335,0,0,base,base
2817,46.97,unocc,0.4333,"{'base': np.float64(-0.0095), 'occ': np.float64(0.1557), 'win': np.float64(0.097), 'full': np.float64(0.1596)}",0.093,0.353,0,0,base,base
2937,48.97,unocc,-0.1067,"{'base': np.float64(-0.0052), 'occ': np.float64(0.2027), 'win': np.float64(0.099), 'full': np.float64(0.1503)}",0.097,0.394,0,0,base,base
3057,50.97,unocc,0.2833,"{'base': np.float64(-0.0018), 'occ': np.float64(0.2191), 'win': np.float64(0.0961), 'full': np.float64(0.1415)}",0.092,0.419,0,0,base,base
3177,52.97,unocc,0.0467,"{'base': np.float64(-0.0001), 'occ': np.float64(0.2457), 'win': np.float64(0.1015), 'full': np.float64(0.1447)}",0.095,0.398,0,0,base,base
3297,54.97,unocc,-0.26,"{'base': np.float64(-0.0007), 'occ': np.float64(0.2815), 'win': np.float64(0.1056), 'full': np.float64(0.1529)}",0.091,0.559,0,0,win,win
4138,68.98,unocc,0.02,"{'base': np.float64(-0.0063), 'occ': np.float64(0.2093), 'win': np.float64(0.0966), 'full': np.float64(0.1344)}",0.096,0.409,0,0,base,base
4258,70.98,unocc,0.0267,"{'base': np.float64(-0.0058), 'occ': np.float64(0.2018), 'win': np.float64(0.0988), 'full': np.float64(0.1501)}",0.105,0.378,0,0,base,base
4378,72.98,unocc,-0.2233,"{'base': np.float64(0.0009), 'occ': np.float64(0.2111), 'win': np.float64(0.0878), 'full': np.float64(0.1359)}",0.091,0.328,0,1,base,base
4498,74.98,unocc,-0.3633,"{'base': np.float64(0.0004), 'occ': np.float64(0.2118), 'win': np.float64(0.0902), 'full': np.float64(0.1414)}",0.091,0.331,0,1,base,base
4618,76.98,unocc,-0.3133,"{'base': np.float64(0.0014), 'occ': np.float64(0.2127), 'win': np.float64(0.0868), 'full': np.float64(0.1352)}",0.092,0.335,0,1,base,base
4738,78.98,unocc,-0.32,"{'base': np.float64(-0.0), 'occ': np.float64(0.2086), 'win': np.float64(0.0867), 'full': np.float64(0.1336)}",0.091,0.33,0,1,base,base
5580,93.02,unocc,-0.6033,"{'base': np.float64(0.0021), 'occ': np.float64(0.2143), 'win': np.float64(0.0922), 'full': np.float64(0.1513)}",0.089,0.321,0,1,base,base
5700,95.02,unocc,0.75,"{'base': np.float64(0.0052), 'occ': np.float64(0.2165), 'win': np.float64(0.0865), 'full': np.float64(0.1408)}",0.09,0.322,0,1,base,base
119,2.0,unocc,0.485,"{'base': np.float64(-0.0144), 'occ': np.float64(0.0976), 'win': np.float64(0.0917), 'full': np.float64(0.1667)}",0.091,0.299,0,0,base,base
239,4.0,unocc,0.0967,"{'base': np.float64(-0.0109), 'occ': np.float64(0.1179), 'win': np.float64(0.0942), 'full': np.float64(0.1627)}",0.097,0.314,0,0,base,base
359,6.0,unocc,0.13,"{'base': np.float64(-0.0089), 'occ': np.float64(0.1509), 'win': np.float64(0.0966), 'full': np.float64(0.1649)}",0.095,0.339,0,0,base,base
1260,21.02,unocc,0.29,"{'base': np.float64(-0.0198), 'occ': np.float64(0.0895), 'win': np.float64(0.0985), 'full': np.float64(0.1627)}",0.093,0.332,0,0,base,base
1380,23.02,unocc,-0.06,"{'base': np.float64(-0.0177), 'occ': np.float64(0.0835), 'win': np.float64(0.0948), 'full': np.float64(0.1672)}",0.089,0.311,0,0,base,base
1500,25.02,unocc,0.05,"{'base': np.float64(-0.0098), 'occ': np.float64(0.1543), 'win': np.float64(0.0973), 'full': np.float64(0.16)}",0.095,0.357,0,0,base,base
1620,27.02,unocc,-0.1567,"{'base': np.float64(-0.0092), 'occ': np.float64(0.1675), 'win': np.float64(0.0948), 'full': np.float64(0.1552)}",0.093,0.333,0,0,base,base
1740,29.02,unocc,-0.0067,"{'base': np.float64(-0.0062), 'occ': np.float64(0.1995), 'win': np.float64(0.1004), 'full': np.float64(0.1617)}",0.097,0.406,0,0,base,base
1860,31.02,unocc,0.35,"{'base': np.float64(-0.0051), 'occ': np.float64(0.2266), 'win': np.float64(0.1023), 'full': np.float64(0.1547)}",0.094,0.6,0,0,win,win
2702,45.05,unocc,0.525,"{'base': np.float64(-0.0065), 'occ': np.float64(0.1746), 'win': np.float64(0.099), 'full': np.float64(0.1585)}",0.097,0.347,0,0,base,base
2822,47.05,unocc,0.305,"{'base': np.float64(-0.0122), 'occ': np.float64(0.1532), 'win': np.float64(0.1037), 'full': np.float64(0.1718)}",0.096,0.362,0,0,base,base
2942,49.05,unocc,-0.04,"{'base': np.float64(-0.005), 'occ': np.float64(0.2038), 'win': np.float64(0.0963), 'full': np.float64(0.1476)}",0.099,0.387,0,0,base,base
3062,51.05,unocc,0.11,"{'base': np.float64(-0.0041), 'occ': np.float64(0.2156), 'win': np.float64(0.097), 'full': np.float64(0.1426)}",0.101,0.41,0,0,base,base
3182,53.05,unocc,0.4167,"{'base': np.float64(0.0014), 'occ': np.float64(0.2488), 'win': np.float64(0.102), 'full': np.float64(0.1465)}",0.098,0.419,0,0,base,base
3302,55.05,unocc,0.0833,"{'base': np.float64(-0.0019), 'occ': np.float64(0.2736), 'win': np.float64(0.0977), 'full': np.float64(0.1353)}",0.092,0.597,0,0,win,win
4135,68.93,unocc,0.0867,"{'base': np.float64(-0.0051), 'occ': np.float64(0.2048), 'win': np.float64(0.0912), 'full': np.float64(0.1212)}",0.095,0.397,0,0,base,base
4255,70.93,unocc,0.0,"{'base': np.float64(-0.0063), 'occ': np.float64(0.2015), 'win': np.float64(0.0981), 'full': np.float64(0.1495)}",0.095,0.384,0,0,base,base
4375,72.93,unocc,-0.3733,"{'base': np.float64(0.0002), 'occ': np.float64(0.2104), 'win': np.float64(0.0875), 'full': np.float64(0.1363)}",0.09,0.331,0,1,base,base
4495,74.93,unocc,-0.4433,"{'base': np.float64(-0.0002), 'occ': np.float64(0.2119), 'win': np.float64(0.0916), 'full': np.float64(0.1436)}",0.092,0.334,0,1,base,base
4615,76.93,unocc,-0.3267,"{'base': np.float64(-0.0006), 'occ': np.float64(0.2081), 'win': np.float64(0.0863), 'full': np.float64(0.1351)}",0.093,0.337,0,1,base,base
4735,78.93,unocc,0.3733,"{'base': np.float64(0.0025), 'occ': np.float64(0.2121), 'win': np.float64(0.0839), 'full': np.float64(0.1298)}",0.089,0.327,0,1,base,base
5594,93.25,unocc,-0.5567,"{'base': np.float64(-0.0042), 'occ': np.float64(0.1949), 'win': np.float64(0.0915), 'full': np.float64(0.1369)}",0.213,0.268,1,1,base,base
5714,95.25,unocc,-0.4033,"{'base': np.float64(-0.0015), 'occ': np.float64(0.2028), 'win': np.float64(0.0942), 'full': np.float64(0.1438)}",0.204,0.268,1,1,base,base
