step,hour,ambig_dim,p_occ_before,p_win_before,intervention,deltas,boosts,p_occ_after,p_win_after,gt_occ,gt_win,reasoning
418,6.98,win,0.073,0.52,"{'hvacPower': 70.0, 'lightingPower': 30.0}","{'temperature': -0.0032, 'co2': -0.0063, 'noise': 0.0}","{'occ_boost': 1.0, 'win_boost': np.float64(1.133)}",0.073,0.52,0,0,"By increasing HVAC power, we can observe a fast response in CO2 levels and noise if the building is occupied. If the window is open, the temperature will converge towards the outdoor temperature. If the window is closed, the temperature will rise smoothly due to the sustained HVAC effect."
449,7.5,win,0.444,0.283,"{'hvacPower': 70.0, 'lightingPower': 20.0}","{'temperature': 0.0044, 'co2': 0.0173, 'noise': 0.0}","{'occ_boost': 1.0, 'win_boost': np.float64(0.749)}",0.444,0.283,1,0,"By increasing HVAC power, we can observe a fast CO2 response and potential noise changes if the building is occupied. Additionally, lowering lighting power can help differentiate between an occupied and unoccupied state based on satisfaction responses to lighting levels."
513,8.57,win,0.929,0.583,"{'hvacPower': 70.0, 'lightingPower': 20.0}","{'temperature': 0.0069, 'co2': 0.0257, 'noise': 0.0}","{'occ_boost': 1.0, 'win_boost': np.float64(1.494)}",0.929,0.583,1,1,"By increasing HVAC power, we aim to observe a fast CO2 response and noise changes if the building is occupied. Additionally, lowering the lighting power may affect occupant satisfaction levels. If the window is open, the temperature will converge towards the outdoor temperature due to increased heat dissipation. If the window is closed, the HVAC effect will be sustained, leading to a smoother temperature response."
1068,17.82,win,0.914,0.348,"{'hvacPower': 70.0, 'lightingPower': 20.0}","{'temperature': -0.0088, 'co2': 0.0173, 'noise': 0.0}","{'occ_boost': 1.0, 'win_boost': np.float64(0.564)}",0.914,0.348,1,0,"By increasing HVAC power, we can observe a fast response in CO2 levels and noise if the building is occupied. Additionally, a decrease in lighting power may lead to a satisfaction response from occupants. If the window is open, the temperature will converge towards the outdoor temperature due to increased ventilation. If the window is closed, the temperature will respond smoothly to the HVAC changes."
1135,18.93,win,0.655,0.102,"{'hvacPower': 70.0, 'lightingPower': 20.0}","{'temperature': -0.0044, 'co2': -0.0635, 'noise': 0.0}","{'occ_boost': 1.0, 'win_boost': np.float64(0.736)}",0.655,0.102,0,0,"By increasing HVAC power, we can observe a faster response in CO2 levels and noise if the building is occupied. Additionally, adjusting lighting power can provide feedback on occupant satisfaction. This intervention will help distinguish between the occupied and unoccupied states. If the window is open, the temperature will converge towards the outdoor temperature due to increased heat dissipation."
1818,30.32,win,0.068,0.409,"{'hvacPower': 70.0, 'lightingPower': 20.0}","{'temperature': 0.0076, 'co2': -0.0033, 'noise': 0.0}","{'occ_boost': 1.0, 'win_boost': np.float64(1.056)}",0.068,0.409,0,0,"By increasing HVAC power, we can observe a faster response in CO2 levels and noise if the building is occupied. Additionally, lowering lighting power can help differentiate between an occupied and unoccupied state based on the satisfaction response to lighting levels."
1849,30.83,win,0.069,0.646,"{'hvacPower': 70.0, 'lightingPower': 20.0}","{'temperature': 0.0208, 'co2': 0.0009, 'noise': 0.0}","{'occ_boost': 1.0, 'win_boost': np.float64(1.085)}",0.069,0.646,0,0,"By increasing HVAC power and decreasing lighting power, we aim to create a temperature response that distinguishes between the window open and window closed states. If the window is open, the increased HVAC power will lead to a faster temperature convergence towards the outdoor temperature. If the window is closed, the temperature will rise or fall more smoothly. Additionally, the CO2 levels and noise may also respond differently based on the window state."
1885,31.43,win,0.3,0.41,"{'hvacPower': 70.0, 'lightingPower': 20.0}","{'temperature': 0.0025, 'co2': 0.0185, 'noise': 0.0}","{'occ_boost': 1.0, 'win_boost': np.float64(0.751)}",0.3,0.41,1,0,"By increasing HVAC power, we can observe a faster response in CO2 levels and noise if the building is occupied. Additionally, lowering lighting power can help differentiate between an occupied and unoccupied state based on the satisfaction response to lighting levels."
1955,32.6,win,0.935,0.323,"{'hvacPower': 70.0, 'lightingPower': 20.0}","{'temperature': -0.029, 'co2': 0.0233, 'noise': 0.0}","{'occ_boost': 1.0, 'win_boost': np.float64(0.927)}",0.935,0.323,1,1,"By increasing HVAC power, we aim to observe a fast response in CO2 levels and noise if the building is occupied. Additionally, lowering lighting power may affect occupant satisfaction. If the window is open, the temperature will converge towards the outdoor temperature more rapidly due to increased ventilation from the higher HVAC power."
2162,36.05,win,0.93,0.353,"{'hvacPower': 70.0, 'lightingPower': 20.0}","{'temperature': -0.0309, 'co2': -0.029, 'noise': 0.0}","{'occ_boost': 1.0, 'win_boost': np.float64(0.722)}",0.93,0.353,1,0,"By increasing HVAC power, we can observe a fast CO2 response and noise changes if the building is occupied. Additionally, lowering lighting power can help differentiate between an occupied and unoccupied state based on satisfaction responses to lighting levels."
2193,36.57,win,0.933,0.328,"{'hvacPower': 70.0, 'lightingPower': 30.0}","{'temperature': -0.0177, 'co2': -0.0444, 'noise': 0.0}","{'occ_boost': 1.0, 'win_boost': np.float64(0.877)}",0.933,0.328,1,1,"By increasing HVAC power, we can observe a fast CO2 response and noise changes if the building is occupied. If the window is open, the temperature will converge towards the outdoor temperature due to faster heat dissipation. Keeping lighting power constant ensures that any temperature changes are primarily due to HVAC adjustments."
2562,42.72,win,0.906,0.3,"{'hvacPower': 70.0, 'lightingPower': 20.0}","{'temperature': -0.0265, 'co2': -0.0256, 'noise': 0.0}","{'occ_boost': 1.0, 'win_boost': np.float64(0.642)}",0.906,0.3,1,0,"By increasing HVAC power, we can observe a faster response in CO2 levels and noise if the building is occupied. Additionally, lowering lighting power can help differentiate between an occupied and unoccupied state based on the satisfaction response to lighting levels."
2986,49.78,win,0.071,0.363,"{'hvacPower': 70.0, 'lightingPower': 20.0}","{'temperature': 0.0259, 'co2': -0.0051, 'noise': 0.0}","{'occ_boost': 1.0, 'win_boost': np.float64(1.016)}",0.071,0.363,0,0,"By increasing HVAC power, we can observe a fast response in CO2 levels and noise if the building is occupied. Additionally, by reducing lighting power, we can see a potential change in occupant satisfaction levels. If the window is open, the temperature will converge towards the outdoor temperature due to increased ventilation from the HVAC system."
3061,51.03,win,0.07,0.363,"{'hvacPower': 70.0, 'lightingPower': 20.0}","{'temperature': -0.0208, 'co2': 0.0015, 'noise': 0.0}","{'occ_boost': 1.0, 'win_boost': np.float64(1.005)}",0.07,0.363,0,0,"By increasing HVAC power to 70% and decreasing lighting power to 20%, we aim to create a temperature response that distinguishes between the window open and window closed states. If the window is open, the increased HVAC power will lead to a faster temperature convergence towards the outdoor temperature. This will result in a more rapid change in CO2 levels due to increased ventilation and potentially a change in noise levels. If the window is closed, the sustained HVAC effect will lead to a smoother temperature response with minimal CO2 and noise changes."
3092,51.55,win,0.07,0.381,"{'hvacPower': 70.0, 'lightingPower': 20.0}","{'temperature': -0.0132, 'co2': 0.0056, 'noise': 0.0}","{'occ_boost': 1.0, 'win_boost': np.float64(1.019)}",0.07,0.381,0,0,"By increasing HVAC power and decreasing lighting power, we aim to create a scenario where the temperature response is different based on the true hidden regime state. If the window is open, the increased HVAC power will lead to a faster temperature convergence towards the outdoor temperature. If the window is closed, the sustained HVAC effect will result in a smoother temperature change. Additionally, the CO2 and noise levels will respond differently based on the occupancy status, helping to distinguish between occupied and unoccupied states."
3123,52.07,win,0.072,0.391,"{'hvacPower': 70.0, 'lightingPower': 20.0}","{'temperature': -0.0006, 'co2': -0.0032, 'noise': 0.0}","{'occ_boost': 1.0, 'win_boost': np.float64(1.031)}",0.072,0.391,0,0,"By increasing HVAC power, we can observe a fast CO2 response and potential noise changes if the building is occupied. Additionally, lowering the lighting power can help differentiate between an occupied and unoccupied state based on satisfaction responses to lighting levels."
3154,52.58,win,0.072,0.373,"{'hvacPower': 70.0, 'lightingPower': 30.0}","{'temperature': 0.0025, 'co2': -0.0015, 'noise': 0.0}","{'occ_boost': 1.0, 'win_boost': np.float64(0.988)}",0.072,0.373,0,0,"By increasing HVAC power, we can observe a fast CO2 response if the building is occupied. Additionally, the noise level may change, indicating HVAC activity. Keeping lighting constant helps isolate the HVAC effect on CO2 and noise levels. If the window is open, the temperature will converge towards the outdoor temperature due to increased heat dissipation."
3185,53.1,win,0.072,0.394,"{'hvacPower': 70.0, 'lightingPower': 20.0}","{'temperature': -0.0139, 'co2': -0.0021, 'noise': 0.0}","{'occ_boost': 1.0, 'win_boost': np.float64(1.0)}",0.072,0.394,0,0,"By increasing HVAC power, we can observe a faster response in CO2 levels and noise if the building is occupied. Additionally, lowering lighting power can help differentiate between an occupied and unoccupied state as it affects occupant satisfaction. This intervention will also help determine if the window is open or closed by observing the temperature response."
3233,53.9,win,0.07,0.342,"{'hvacPower': 70.0, 'lightingPower': 20.0}","{'temperature': 0.0183, 'co2': -0.0009, 'noise': 0.0}","{'occ_boost': 1.0, 'win_boost': np.float64(0.973)}",0.07,0.342,0,0,"By increasing HVAC power and reducing lighting power, we aim to create a temperature response that distinguishes between an open window and a closed window scenario. If the window is open, the increased HVAC power will lead to a faster temperature convergence towards the outdoor temperature. If the window is closed, the sustained HVAC effect will result in a smoother temperature change. Additionally, the CO2 levels and noise may also respond differently based on the window state."
3264,54.42,win,0.069,0.41,"{'hvacPower': 70.0, 'lightingPower': 20.0}","{'temperature': 0.0057, 'co2': 0.0021, 'noise': 0.0}","{'occ_boost': 1.0, 'win_boost': np.float64(1.029)}",0.069,0.41,0,0,"By increasing HVAC power, we can observe a fast response in CO2 levels and noise if the building is occupied. Additionally, lowering lighting power can help differentiate between an occupied and unoccupied state based on satisfaction responses to lighting changes. The intervention aims to distinguish between the presence of occupants and the window state."
396,6.62,win,0.069,0.437,"{'hvacPower': 70.0, 'lightingPower': 20.0}","{'temperature': -0.0013, 'co2': 0.0032, 'noise': 0.0}","{'occ_boost': 1.0, 'win_boost': np.float64(1.066)}",0.069,0.437,0,0,"By increasing HVAC power, we can observe a fast CO2 response and noise changes if the building is occupied. Additionally, lowering lighting power can help distinguish between an occupied and unoccupied state based on satisfaction responses to lighting levels."
427,7.13,win,0.065,0.682,"{'hvacPower': 70.0, 'lightingPower': 20.0}","{'temperature': -0.0006, 'co2': -0.0074, 'noise': 0.0}","{'occ_boost': 1.0, 'win_boost': np.float64(1.144)}",0.065,0.682,0,0,"By increasing HVAC power, we can observe a fast response in CO2 levels and noise if the building is occupied. Additionally, lowering the lighting power can help distinguish between an occupied and unoccupied state based on the satisfaction response to lighting levels. If the window is open, the temperature will converge towards the outdoor temperature due to increased heat dissipation."
509,8.5,win,0.912,0.896,"{'hvacPower': 30.0, 'lightingPower': 50.0}","{'temperature': -0.0177, 'co2': 0.0525, 'noise': 0.0}","{'occ_boost': 1.0, 'win_boost': np.float64(3.95)}",0.912,0.896,1,1,"By reducing HVAC power to 30%, we aim to slow down the temperature drift if unoccupied, while also allowing for faster heat dissipation if the window is open. Setting lighting power to 50% can provide a visual cue for occupants, affecting their satisfaction levels. Observing temperature, CO2 levels, and noise will help distinguish between the different hidden regimes."
1057,17.63,win,0.928,0.479,"{'hvacPower': 70.0, 'lightingPower': 20.0}","{'temperature': -0.0145, 'co2': 0.0227, 'noise': 0.0}","{'occ_boost': 1.0, 'win_boost': np.float64(0.864)}",0.928,0.479,1,0,"By increasing HVAC power, we can observe a faster response in CO2 levels and noise if the space is occupied. Additionally, lowering lighting power can help differentiate between occupied and unoccupied states based on satisfaction responses to lighting changes. If the window is open, the temperature will converge towards the outdoor temperature faster due to increased heat dissipation."
1088,18.15,win,0.927,0.475,"{'hvacPower': 70.0, 'lightingPower': 20.0}","{'temperature': -0.0195, 'co2': -0.0076, 'noise': 0.0}","{'occ_boost': 1.0, 'win_boost': np.float64(0.94)}",0.927,0.475,1,0,"By increasing HVAC power, we can observe a fast response in CO2 levels and noise if the building is occupied. Additionally, lowering lighting power can help differentiate between an occupied and unoccupied state based on the satisfaction response to lighting changes."
1135,18.93,win,0.667,0.094,"{'hvacPower': 70.0, 'lightingPower': 20.0}","{'temperature': 0.0132, 'co2': -0.0596, 'noise': 0.0}","{'occ_boost': 1.0, 'win_boost': np.float64(0.723)}",0.667,0.094,0,0,"By increasing HVAC power, we can observe a faster response in CO2 levels and noise if the building is occupied. Additionally, lowering lighting power can help differentiate between the occupied and unoccupied states based on satisfaction responses to lighting changes. This intervention will also help distinguish between window open and closed states as the temperature response will vary depending on outdoor air infiltration."
1815,30.27,win,0.073,0.382,"{'hvacPower': 70.0, 'lightingPower': 30.0}","{'temperature': -0.0076, 'co2': -0.0032, 'noise': 0.0}","{'occ_boost': 1.0, 'win_boost': np.float64(1.048)}",0.073,0.382,0,0,"By increasing HVAC power, we can observe a fast CO2 response if the building is occupied. Additionally, the noise level may change, indicating HVAC activity. Keeping lighting constant helps isolate the HVAC effect on CO2 and noise. If the window is open, the temperature will converge towards outdoor temperature due to increased ventilation. If the window is closed, the temperature will respond more to the HVAC changes."
1846,30.78,win,0.067,0.623,"{'hvacPower': 70.0, 'lightingPower': 20.0}","{'temperature': 0.0164, 'co2': 0.0026, 'occupancy': 0.0}","{'occ_boost': 1.0, 'win_boost': np.float64(1.1)}",0.067,0.623,0,0,"By increasing HVAC power, we can observe a faster response in CO2 levels and potential noise changes if the building is occupied. Additionally, lowering lighting power can help differentiate between an occupied and unoccupied state based on the satisfaction response to lighting levels."
1883,31.4,win,0.304,0.429,"{'hvacPower': 70.0, 'lightingPower': 20.0}","{'temperature': 0.0076, 'co2': 0.0293, 'noise': 0.0}","{'occ_boost': 1.0, 'win_boost': np.float64(0.71)}",0.304,0.429,1,0,"By increasing HVAC power, we can observe a faster response in CO2 levels and noise if the building is occupied. Additionally, lowering lighting power can help differentiate the regimes based on occupant satisfaction responses to lighting changes."
1957,32.63,win,0.928,0.64,"{'hvacPower': 70.0, 'lightingPower': 30.0}","{'temperature': -0.0221, 'co2': 0.033, 'noise': 0.0}","{'occ_boost': 1.0, 'win_boost': np.float64(1.656)}",0.928,0.64,1,1,"By increasing HVAC power, we can observe a fast response in CO2 levels and noise if the building is occupied. Additionally, keeping lighting power constant allows us to monitor any changes in satisfaction levels. If the window is open, the temperature will converge towards the outdoor temperature due to increased ventilation. If the window is closed, the temperature will respond to the HVAC changes."
2172,36.22,win,0.93,0.564,"{'hvacPower': 70.0, 'lightingPower': 20.0}","{'temperature': -0.0019, 'co2': -0.0318, 'noise': 0.0}","{'occ_boost': 1.0, 'win_boost': np.float64(0.942)}",0.93,0.564,1,0,"By increasing HVAC power, we can observe a faster response in CO2 levels and noise if the building is occupied. Additionally, lowering lighting power can help differentiate between an occupied and unoccupied state based on the satisfaction response to lighting levels."
2203,36.73,win,0.931,0.364,"{'hvacPower': 70.0, 'lightingPower': 20.0}","{'temperature': -0.024, 'co2': -0.0385, 'noise': 0.0}","{'occ_boost': 1.0, 'win_boost': np.float64(0.804)}",0.931,0.364,1,1,"By increasing HVAC power, we can observe a faster response in CO2 levels and noise if the building is occupied. Additionally, lowering the lighting power can provide a subtle cue for occupant satisfaction. If the window is open, the temperature will converge towards the outdoor temperature faster due to increased ventilation caused by the higher HVAC power."
2549,42.5,win,0.923,0.364,"{'hvacPower': 70.0, 'lightingPower': 40.0}","{'temperature': -0.0019, 'co2': 0.003, 'noise': 0.0}","{'occ_boost': 1.0, 'win_boost': np.float64(0.834)}",0.923,0.364,1,0,"By increasing HVAC power, we can observe a faster response in CO2 levels and noise if the building is occupied. Additionally, adjusting lighting power can provide further insights into occupant satisfaction. If the window is open, the temperature will converge towards the outdoor temperature faster due to increased ventilation. If the window is closed, the temperature will rise/fall more smoothly."
2584,43.08,win,0.604,0.169,"{'hvacPower': 70.0, 'lightingPower': 20.0}","{'temperature': -0.0076, 'co2': -0.0372, 'noise': 0.0}","{'occ_boost': 1.0, 'win_boost': np.float64(0.914)}",0.604,0.169,0,0,"By increasing HVAC power, we can observe a faster response in CO2 levels and noise if the space is occupied. Additionally, lowering lighting power can help differentiate between the occupied and unoccupied states based on the satisfaction response to lighting levels."
2977,49.63,win,0.069,0.365,"{'hvacPower': 70.0, 'lightingPower': 20.0}","{'temperature': 0.0139, 'co2': -0.0057, 'noise': 0.0}","{'occ_boost': 1.0, 'win_boost': np.float64(0.992)}",0.069,0.365,0,0,"By increasing HVAC power, we can observe a faster response in CO2 levels and noise if the building is occupied. Additionally, adjusting lighting power can provide feedback on occupant satisfaction. The combination of these changes will help differentiate between the possible hidden regimes."
3008,50.15,win,0.074,0.38,"{'hvacPower': 70.0, 'lightingPower': 20.0}","{'temperature': -0.0069, 'co2': -0.0021, 'noise': 0.0}","{'occ_boost': 1.0, 'win_boost': np.float64(1.041)}",0.074,0.38,0,0,"By increasing HVAC power, we can observe a faster CO2 response if the building is occupied. Additionally, adjusting lighting power can provide a satisfaction response. This intervention will help differentiate between the regimes based on the sensor responses."
3049,50.83,win,0.073,0.39,"{'hvacPower': 70.0, 'lightingPower': 20.0}","{'temperature': -0.0069, 'co2': -0.0021, 'noise': 0.0}","{'occ_boost': 1.0, 'win_boost': np.float64(1.023)}",0.073,0.39,0,0,"By increasing HVAC power, we can observe a fast response in CO2 levels and noise if the building is occupied. Additionally, by reducing lighting power, we can monitor the satisfaction response to changes in lighting levels. If the window is open, the temperature will converge towards the outdoor temperature due to increased heat dissipation."
3080,51.35,win,0.072,0.378,"{'hvacPower': 70.0, 'lightingPower': 10.0}","{'temperature': -0.0057, 'co2': 0.0039, 'noise': 0.0}","{'occ_boost': 1.0, 'win_boost': np.float64(0.969)}",0.072,0.378,0,0,"By increasing HVAC power, we can observe a fast response in CO2 levels and noise if the building is occupied. Additionally, adjusting lighting power can provide feedback on occupant satisfaction levels. If the window is open, the temperature will converge towards the outdoor temperature due to increased heat dissipation."
3111,51.87,win,0.071,0.388,"{'hvacPower': 70.0, 'lightingPower': 20.0}","{'temperature': 0.012, 'co2': 0.0032, 'noise': 0.0}","{'occ_boost': 1.0, 'win_boost': np.float64(0.997)}",0.071,0.388,0,0,"By increasing HVAC power to 70%, we can observe a faster response in CO2 levels and noise if the building is occupied. Additionally, lowering lighting power to 20% can help differentiate between the regimes based on occupant satisfaction responses to lighting changes. If the window is open, the temperature will start to converge towards the outdoor temperature due to increased ventilation. If the window is closed, the temperature will respond more smoothly to the HVAC changes."
3142,52.38,win,0.07,0.365,"{'hvacPower': 70.0, 'lightingPower': 20.0}","{'temperature': -0.0013, 'co2': -0.0025, 'noise': 0.0}","{'occ_boost': 1.0, 'win_boost': np.float64(0.995)}",0.07,0.365,0,0,"By increasing HVAC power and decreasing lighting power, we aim to raise the indoor temperature quickly if the window is open. If the window is closed, the temperature will rise more gradually. Additionally, the increase in HVAC power will lead to a faster CO2 response and potential noise changes if the space is occupied."
396,6.62,win,0.069,0.362,"{'hvacPower': 60.0, 'lightingPower': 30.0}","{'temperature': -0.0013, 'co2': 0.0124, 'noise': 0.0}","{'occ_boost': 1.0, 'win_boost': np.float64(0.98)}",0.069,0.362,0,0,"By increasing HVAC power slightly, we can observe a faster response in CO2 levels and noise if the building is occupied. Additionally, by maintaining the lighting power, we can monitor any satisfaction response to the changes. If the window is open, the temperature will converge towards the outdoor temperature due to increased heat dissipation."
427,7.13,win,0.067,0.617,"{'hvacPower': 70.0, 'lightingPower': 20.0}","{'temperature': -0.0038, 'co2': 0.0125, 'noise': 0.0}","{'occ_boost': 1.0, 'win_boost': np.float64(1.157)}",0.067,0.617,0,0,"By increasing HVAC power, we can observe a fast response in CO2 levels and noise if the building is occupied. Additionally, lowering lighting power can help differentiate between an occupied and unoccupied state based on satisfaction responses to lighting changes. If the window is open, the temperature will converge towards the outdoor temperature due to increased heat dissipation."
504,8.42,win,0.933,0.407,"{'hvacPower': 70.0, 'lightingPower': 20.0}","{'temperature': 0.0145, 'co2': 0.0306, 'noise': 0.0}","{'occ_boost': 1.0, 'win_boost': np.float64(1.072)}",0.933,0.407,1,1,"By increasing HVAC power, we can observe a faster response in CO2 levels and noise if the building is occupied. Additionally, lowering lighting power can help differentiate between an occupied and unoccupied state based on occupant satisfaction responses to lighting levels."
1049,17.5,win,0.921,0.492,"{'hvacPower': 70.0, 'lightingPower': 20.0}","{'temperature': -0.0088, 'co2': 0.0215, 'noise': 0.0}","{'occ_boost': 1.0, 'win_boost': np.float64(0.788)}",0.921,0.492,1,0,"By increasing HVAC power, we aim to observe a fast response in CO2 levels and noise if the building is occupied. Additionally, lowering lighting power may affect occupant satisfaction. If the window is open, the temperature should start converging towards the outdoor temperature due to increased heat dissipation."
1080,18.02,win,0.933,0.343,"{'hvacPower': 70.0, 'lightingPower': 30.0}","{'temperature': -0.0158, 'co2': 0.0143, 'noise': 0.0}","{'occ_boost': 1.0, 'win_boost': np.float64(0.92)}",0.933,0.343,1,0,"By increasing HVAC power, we can observe a fast CO2 response and noise changes if the building is occupied. Additionally, keeping the lighting power constant allows us to monitor any satisfaction response to the changes in the environment. If the window is open, the temperature will converge towards the outdoor temperature due to increased heat dissipation."
1142,19.05,win,0.673,0.115,"{'hvacPower': 70.0, 'lightingPower': 20.0}","{'temperature': -0.0076, 'co2': -0.0491, 'occupancy': 0.0}","{'occ_boost': 1.0, 'win_boost': np.float64(0.822)}",0.673,0.115,0,0,"By increasing HVAC power, we can observe a faster temperature response if the window is open due to enhanced heat dissipation. Additionally, the CO2 levels will respond differently based on the occupancy status. The lighting power adjustment can help differentiate the regimes based on occupant satisfaction levels."
1818,30.32,win,0.071,0.451,"{'hvacPower': 70.0, 'lightingPower': 20.0}","{'temperature': -0.0107, 'co2': -0.0047, 'noise': 0.0}","{'occ_boost': 1.0, 'win_boost': np.float64(1.072)}",0.071,0.451,0,0,"By increasing HVAC power and decreasing lighting power, we aim to create a temperature response that differs based on the true hidden regime state. If the window is open, the outdoor air infiltration will cause a faster temperature convergence towards the outdoor temperature. If the window is closed, the HVAC effect will be sustained, leading to a smoother temperature rise or fall. Additionally, the CO2 levels and noise may also respond differently based on the true state of occupancy."
1849,30.83,win,0.069,0.668,"{'hvacPower': 70.0, 'lightingPower': 20.0}","{'temperature': 0.0088, 'co2': 0.0048, 'noise': 0.0}","{'occ_boost': 1.0, 'win_boost': np.float64(1.117)}",0.069,0.668,0,0,"By increasing HVAC power and decreasing lighting power, we aim to create a temperature response that is different depending on the true hidden regime state. If the building is unoccupied, the temperature will drift slowly due to the HVAC power change. If the building is occupied, the CO2 levels and noise will respond quickly to the HVAC change, providing a distinct observable response."
1881,31.37,win,0.366,0.315,"{'hvacPower': 70.0, 'lightingPower': 20.0}","{'temperature': 0.0057, 'co2': 0.0243, 'noise': 0.0}","{'occ_boost': 1.0, 'win_boost': np.float64(0.685)}",0.366,0.315,1,0,"By increasing HVAC power, we can observe a faster response in CO2 levels and noise if the building is occupied. Additionally, adjusting lighting power can provide feedback on occupant satisfaction. This intervention will also help differentiate between window open and closed states by observing the temperature response."
1958,32.65,win,0.931,0.586,"{'hvacPower': 70.0, 'lightingPower': 20.0}","{'temperature': -0.0233, 'co2': 0.0414, 'noise': 0.0}","{'occ_boost': 1.0, 'win_boost': np.float64(1.391)}",0.931,0.586,1,1,"By increasing HVAC power, we can observe a fast response in CO2 levels and noise if the building is occupied. Additionally, lowering lighting power can help differentiate between an occupied and unoccupied state based on satisfaction responses."
2165,36.1,win,0.923,0.542,"{'hvacPower': 70.0, 'lightingPower': 20.0}","{'temperature': -0.0265, 'co2': -0.0452, 'occupancy': 0.0}","{'occ_boost': 1.0, 'win_boost': np.float64(0.863)}",0.923,0.542,1,0,"By increasing HVAC power, we can observe a faster temperature response if the window is closed (as the HVAC effect is sustained). Additionally, the CO2 levels will respond quickly if the space is occupied, providing a clear distinction between the two regimes. Adjusting lighting power can also help differentiate by observing changes in occupancy satisfaction."
2196,36.62,win,0.931,0.471,"{'hvacPower': 70.0, 'lightingPower': 30.0}","{'temperature': -0.0296, 'co2': -0.0486, 'noise': 0.0}","{'occ_boost': 1.0, 'win_boost': np.float64(0.907)}",0.931,0.471,1,1,"By increasing HVAC power, we can observe a fast CO2 response and potential noise changes if the building is occupied. Keeping lighting power constant allows us to focus on the HVAC effects. If the window is open, the temperature will converge towards the outdoor temperature due to increased heat dissipation."
2553,42.57,win,0.896,0.23,"{'hvacPower': 70.0, 'lightingPower': 20.0}","{'temperature': -0.0139, 'co2': -0.0252, 'noise': 0.0}","{'occ_boost': 1.0, 'win_boost': np.float64(0.627)}",0.896,0.23,1,0,"By increasing HVAC power, we can observe a fast response in CO2 levels and noise if the building is occupied. Additionally, reducing lighting power can further help differentiate the regimes as occupants may respond to changes in lighting levels."
3026,50.45,win,0.07,0.367,"{'hvacPower': 70.0, 'lightingPower': 20.0}","{'temperature': -0.0107, 'co2': 0.0027, 'noise': 0.0}","{'occ_boost': 1.0, 'win_boost': np.float64(1.011)}",0.07,0.367,0,0,"By increasing HVAC power and decreasing lighting power, we aim to raise the indoor temperature and CO2 levels faster if the space is occupied with the window open. If unoccupied, the temperature will still rise due to the HVAC change, but CO2 levels and noise will not show a significant response."
3111,51.87,win,0.069,0.379,"{'hvacPower': 70.0, 'lightingPower': 20.0}","{'temperature': -0.0013, 'co2': -0.009, 'noise': 0.0}","{'occ_boost': 1.0, 'win_boost': np.float64(1.019)}",0.069,0.379,0,0,"By increasing HVAC power and decreasing lighting power, we aim to create a scenario where the temperature response is influenced by the window state. If the window is open, the temperature will converge towards the outdoor temperature due to increased heat dissipation. If the window is closed, the temperature will respond more to the HVAC changes. Additionally, the CO2 levels and noise levels will also provide insights into the occupancy status."
3142,52.38,win,0.068,0.376,"{'hvacPower': 70.0, 'lightingPower': 20.0}","{'temperature': -0.0158, 'co2': -0.007, 'noise': 0.0}","{'occ_boost': 1.0, 'win_boost': np.float64(1.014)}",0.068,0.376,0,0,"By increasing HVAC power, we can observe a fast response in CO2 levels and noise if the building is occupied. Additionally, lowering lighting power can further help differentiate the regimes as occupants may react to the change in lighting levels. If the window is open, the temperature will converge towards the outdoor temperature due to increased ventilation. If the window is closed, the temperature will respond more smoothly to the HVAC changes."
3192,53.22,win,0.069,0.394,"{'hvacPower': 80.0, 'lightingPower': 20.0}","{'temperature': -0.0057, 'co2': -0.0019, 'noise': 0.0}","{'occ_boost': 1.0, 'win_boost': np.float64(1.063)}",0.069,0.394,0,0,"By increasing HVAC power, we can observe a faster response in CO2 levels and noise if the building is occupied. Additionally, adjusting lighting power can provide further clues based on occupant satisfaction responses. This intervention aims to distinguish between the occupied and unoccupied states. If the window is open, the temperature will converge towards the outdoor temperature due to increased heat dissipation."
3223,53.73,win,0.07,0.382,"{'hvacPower': 70.0, 'lightingPower': 30.0}","{'temperature': 0.0101, 'co2': -0.0018, 'noise': 0.0}","{'occ_boost': 1.0, 'win_boost': np.float64(1.005)}",0.07,0.382,0,0,"By increasing HVAC power, we can observe a faster response in CO2 levels and noise if the building is occupied. Additionally, by keeping lighting power constant, we can monitor any changes in satisfaction levels. If the window is open, the temperature will converge towards the outdoor temperature due to increased heat dissipation."
3254,54.25,win,0.069,0.404,"{'hvacPower': 70.0, 'lightingPower': 20.0}","{'temperature': -0.0088, 'co2': 0.0026, 'noise': 0.0}","{'occ_boost': 1.0, 'win_boost': np.float64(1.015)}",0.069,0.404,0,0,"By increasing HVAC power, we can observe a faster response in CO2 levels and noise if the building is occupied. Additionally, lowering lighting power can help differentiate between an occupied and unoccupied state based on satisfaction responses to lighting changes."
3285,54.77,win,0.069,0.581,"{'hvacPower': 70.0, 'lightingPower': 20.0}","{'temperature': -0.005, 'co2': 0.0047, 'noise': 0.0}","{'occ_boost': 1.0, 'win_boost': np.float64(1.068)}",0.069,0.581,0,0,"By increasing HVAC power and decreasing lighting power, we aim to create a temperature response that distinguishes between the window being open or closed. If the window is open, the temperature will converge towards the outdoor temperature due to faster heat dissipation. If the window is closed, the temperature will rise smoothly. Additionally, the CO2 levels and noise may also respond differently based on the window state."
