method,run,comfort_target,satisfaction,energy,kwh,dh,mo_score,violation_rate,n_steps
PolicyGRID,0,0.5,89.98133333333334,33.600500000000004,3.6961,0.0,0.805,0.0,120
PolicyGRID,1,0.5,89.82708333333333,33.60016666666667,3.6957,0.0,0.805,0.0,120
PolicyGRID,2,0.5,89.48841666666667,33.60066666666667,3.6963,0.0,0.803,0.0,120
PolicyGRID-O,0,0.5,91.15358333333333,7.715500000000002,0.848,0.1081,0.916,0.117,120
PolicyGRID-O,1,0.5,88.57975,6.333166666666669,0.6958,0.4423,0.906,0.5,120
PolicyGRID-O,2,0.5,86.92016666666667,6.228833333333336,0.6842,1.8831,0.897,0.742,120
PolicyGRID-R,0,0.5,89.45400000000001,33.600500000000004,3.6961,0.0,0.802,0.0,120
PolicyGRID-R,1,0.5,89.67266666666666,33.60033333333334,3.6959,0.0,0.804,0.0,120
PolicyGRID-R,2,0.5,89.99525,33.60033333333334,3.6959,0.0,0.806,0.0,120
MPC_Linear,0,0.5,81.307,4.537583333333333,0.499,0.0321,0.87,0.075,120
MPC_Linear,1,0.5,81.58275,4.508333333333334,0.4953,0.0266,0.871,0.067,120
MPC_Linear,2,0.5,81.98116666666665,4.115666666666667,0.4524,0.0119,0.875,0.058,120
MPC_Neural,0,0.5,84.4695,9.738249999999999,1.0701,0.0005,0.868,0.008,120
MPC_Neural,1,0.5,84.10008333333332,9.189833333333333,1.0112,0.0,0.868,0.0,120
MPC_Neural,2,0.5,84.599,9.023500000000002,0.9929,0.0,0.871,0.0,120
C-MBPO,0,0.5,85.57291666666667,8.104333333333333,0.8917,0.0015,0.881,0.008,120
C-MBPO,1,0.5,85.60525,8.17425,0.8996,0.0,0.881,0.0,120
C-MBPO,2,0.5,85.91749999999999,7.956583333333333,0.8753,0.0,0.884,0.0,120
DDPC_Behavioral,0,0.5,83.69891666666666,7.011166666666668,0.7691,4.1562,0.874,0.833,120
DDPC_Behavioral,1,0.5,92.321,5.888416666666667,0.6474,0.0164,0.93,0.058,120
DDPC_Behavioral,2,0.5,84.32491666666665,6.35825,0.6977,3.6782,0.881,0.558,120
DDPC_Subspace,0,0.5,84.982,3.049166666666667,0.3349,0.2135,0.898,0.258,120
DDPC_Subspace,1,0.5,85.57708333333333,2.4925,0.2736,0.4476,0.903,0.542,120
DDPC_Subspace,2,0.5,77.04141666666666,3.7425,0.4114,4.3966,0.847,0.85,120
DDPC_Neural,0,0.5,84.03808333333333,8.350583333333335,0.9186,0.0,0.871,0.0,120
DDPC_Neural,1,0.5,83.59725,8.487166666666665,0.9335,0.0222,0.868,0.042,120
DDPC_Neural,2,0.5,84.78316666666666,8.157,0.8974,0.0037,0.876,0.008,120
PID,0,0.5,91.20675,21.30875,2.3443,0.0,0.862,0.0,120
PID,1,0.5,91.28108333333333,20.723916666666664,2.2793,0.0,0.865,0.0,120
PID,2,0.5,91.2615,22.126916666666666,2.4343,0.0,0.859,0.0,120
PolicyGRID,0,0.8,88.47283333333333,23.159083333333335,2.5471,0.0,0.838,0.0,120
PolicyGRID,1,0.8,88.94841666666666,24.440583333333336,2.6877,0.0,0.836,0.0,120
PolicyGRID,2,0.8,88.57541666666665,24.144166666666667,2.6549,0.0,0.835,0.0,120
PolicyGRID-O,0,0.8,88.913,6.076250000000002,0.6675,0.1774,0.909,0.333,120
PolicyGRID-O,1,0.8,91.37950000000001,6.076250000000002,0.6675,0.1023,0.924,0.208,120
PolicyGRID-O,2,0.8,89.25108333333334,6.076250000000002,0.6675,0.2567,0.911,0.25,120
PolicyGRID-R,0,0.8,84.60866666666668,3.9121666666666672,0.4294,0.6955,0.892,0.608,120
PolicyGRID-R,1,0.8,78.5175,3.450750000000001,0.3784,4.0175,0.857,0.575,120
PolicyGRID-R,2,0.8,84.07033333333332,3.6962500000000005,0.4055,0.2425,0.89,0.317,120
MPC_Linear,0,0.8,81.16891666666668,4.089250000000001,0.4497,0.0094,0.871,0.042,120
MPC_Linear,1,0.8,82.6225,4.3758333333333335,0.4814,0.0059,0.878,0.042,120
MPC_Linear,2,0.8,81.975,4.287833333333333,0.4716,0.0174,0.875,0.042,120
MPC_Neural,0,0.8,82.55333333333333,7.795083333333334,0.8571,0.0,0.864,0.0,120
MPC_Neural,1,0.8,83.85366666666665,6.315916666666667,0.6949,0.0045,0.878,0.025,120
MPC_Neural,2,0.8,83.20858333333334,7.477,0.8229,0.0169,0.869,0.05,120
C-MBPO,0,0.8,84.91516666666666,8.2875,0.9113,0.0024,0.876,0.017,120
C-MBPO,1,0.8,84.32200000000002,8.45975,0.9308,0.0222,0.872,0.067,120
C-MBPO,2,0.8,85.08358333333332,8.383750000000001,0.9221,0.0082,0.877,0.033,120
DDPC_Behavioral,0,0.8,90.80233333333332,4.86475,0.5349,0.0181,0.925,0.058,120
DDPC_Behavioral,1,0.8,89.872,5.6345,0.6199,0.1273,0.917,0.208,120
DDPC_Behavioral,2,0.8,88.0915,5.798583333333332,0.6378,1.5316,0.905,0.875,120
DDPC_Subspace,0,0.8,83.43675,2.6018333333333334,0.2864,1.0559,0.89,0.625,120
DDPC_Subspace,1,0.8,82.73083333333334,2.9819999999999998,0.3283,1.245,0.884,0.65,120
DDPC_Subspace,2,0.8,79.96591666666667,2.661583333333333,0.2928,3.3439,0.869,0.708,120
DDPC_Neural,0,0.8,83.72258333333333,8.112083333333333,0.8923,0.0073,0.87,0.025,120
DDPC_Neural,1,0.8,83.28041666666668,8.301583333333333,0.9133,0.0018,0.866,0.017,120
DDPC_Neural,2,0.8,82.98366666666666,8.170416666666666,0.8988,0.0018,0.865,0.008,120
PID,0,0.8,90.95408333333333,21.819,2.3998,0.0,0.858,0.0,120
PID,1,0.8,91.00349999999999,22.172250000000002,2.4391,0.0,0.857,0.0,120
PID,2,0.8,90.83275,22.174249999999997,2.4392,0.0,0.856,0.0,120
PolicyGRID,0,1.0,87.1765,4.0198333333333345,0.4417,0.0555,0.907,0.1,120
PolicyGRID,1,1.0,86.31325,6.163083333333334,0.6776,0.0058,0.893,0.017,120
PolicyGRID,2,1.0,86.5555,5.568250000000001,0.6118,0.015,0.897,0.058,120
PolicyGRID-O,0,1.0,89.56433333333334,6.076250000000002,0.6675,1.3654,0.913,0.525,120
PolicyGRID-O,1,1.0,82.38266666666667,6.076250000000002,0.6675,3.846,0.87,0.867,120
PolicyGRID-O,2,1.0,92.01491666666666,6.076250000000002,0.6675,0.1637,0.928,0.217,120
PolicyGRID-R,0,1.0,81.34549999999999,4.02625,0.4424,0.8623,0.872,0.442,120
PolicyGRID-R,1,1.0,82.38016666666667,3.450750000000001,0.3784,1.3404,0.88,0.842,120
PolicyGRID-R,2,1.0,83.31825,4.03075,0.4429,1.5227,0.884,0.692,120
MPC_Linear,0,1.0,81.58491666666667,3.966416666666667,0.4362,0.1554,0.874,0.208,120
MPC_Linear,1,1.0,83.74358333333333,4.256333333333333,0.4675,0.0,0.885,0.0,120
MPC_Linear,2,1.0,80.06166666666667,4.242166666666667,0.466,0.0609,0.863,0.133,120
MPC_Neural,0,1.0,83.52758333333334,5.220333333333333,0.5736,0.003,0.88,0.017,120
MPC_Neural,1,1.0,83.77875,4.981416666666666,0.5478,0.0,0.883,0.0,120
MPC_Neural,2,1.0,83.26983333333334,5.676916666666667,0.6249,0.0047,0.877,0.017,120
C-MBPO,0,1.0,86.60708333333332,8.270916666666666,0.9093,0.0017,0.887,0.008,120
C-MBPO,1,1.0,85.75333333333334,8.356833333333332,0.9194,0.0,0.881,0.0,120
C-MBPO,2,1.0,84.83558333333333,8.574416666666668,0.9432,0.0,0.875,0.0,120
DDPC_Behavioral,0,1.0,87.54974999999999,5.566083333333334,0.6123,1.4907,0.903,0.642,120
DDPC_Behavioral,1,1.0,86.15691666666666,6.460166666666669,0.7089,1.5695,0.891,0.533,120
DDPC_Behavioral,2,1.0,89.39325000000001,4.661666666666665,0.5126,0.3068,0.918,0.358,120
DDPC_Subspace,0,1.0,82.33650000000002,2.285916666666666,0.2514,1.4454,0.885,0.725,120
DDPC_Subspace,1,1.0,82.146,2.8129166666666663,0.3092,0.5724,0.882,0.6,120
DDPC_Subspace,2,1.0,84.57658333333333,2.3025,0.2532,0.4904,0.898,0.375,120
DDPC_Neural,0,1.0,84.28058333333334,8.24325,0.9068,0.0007,0.873,0.008,120
DDPC_Neural,1,1.0,82.99183333333333,8.348749999999999,0.9185,0.0,0.865,0.0,120
DDPC_Neural,2,1.0,84.56808333333333,8.301583333333333,0.9133,0.0,0.874,0.0,120
PID,0,1.0,90.72925000000001,21.280166666666666,2.3413,0.0,0.859,0.0,120
PID,1,1.0,90.94758333333333,21.25175,2.3386,0.0,0.861,0.0,120
PID,2,1.0,91.20858333333332,22.025916666666667,2.4229,0.0,0.859,0.0,120
PolicyGRID,0,1.5,80.31600000000002,4.3765833333333335,0.4815,2.6199,0.864,0.658,120
PolicyGRID,1,1.5,85.30024999999999,3.5781666666666676,0.3925,0.8021,0.897,0.4,120
PolicyGRID,2,1.5,88.23783333333334,4.038916666666668,0.4439,0.1998,0.913,0.375,120
PolicyGRID-O,0,1.5,91.5835,6.076250000000002,0.6675,0.0475,0.925,0.142,120
PolicyGRID-O,1,1.5,89.61158333333333,6.076250000000002,0.6675,1.3009,0.913,0.558,120
PolicyGRID-O,2,1.5,90.25616666666666,6.076250000000002,0.6675,0.3807,0.917,0.4,120
PolicyGRID-R,0,1.5,84.93725,3.740666666666667,0.4113,0.6598,0.895,0.558,120
PolicyGRID-R,1,1.5,85.66891666666668,3.864833333333334,0.4246,0.1659,0.899,0.258,120
PolicyGRID-R,2,1.5,87.82166666666667,3.9825833333333334,0.438,0.1954,0.911,0.175,120
MPC_Linear,0,1.5,82.51225000000001,3.9308333333333336,0.4321,0.0,0.879,0.0,120
MPC_Linear,1,1.5,82.56558333333332,4.282416666666666,0.4709,0.015,0.878,0.05,120
MPC_Linear,2,1.5,82.07333333333332,4.392666666666667,0.483,0.0035,0.875,0.017,120
MPC_Neural,0,1.5,81.68175000000001,4.381333333333333,0.4825,0.0208,0.873,0.058,120
MPC_Neural,1,1.5,83.08208333333333,3.8125,0.4191,0.0086,0.883,0.025,120
MPC_Neural,2,1.5,80.68191666666667,4.654083333333333,0.5122,0.017,0.865,0.025,120
C-MBPO,0,1.5,85.94483333333334,8.261666666666667,0.9088,0.0,0.883,0.0,120
C-MBPO,1,1.5,85.99624999999999,8.2065,0.9032,0.0053,0.883,0.025,120
C-MBPO,2,1.5,85.46141666666668,8.229000000000001,0.9054,0.0,0.88,0.0,120
DDPC_Behavioral,0,1.5,87.48808333333334,3.0573333333333332,0.3364,0.2907,0.913,0.267,120
DDPC_Behavioral,1,1.5,81.16475,6.1495,0.676,4.575,0.862,0.975,120
DDPC_Behavioral,2,1.5,87.23341666666667,2.7488333333333332,0.3018,0.0651,0.912,0.133,120
DDPC_Subspace,0,1.5,77.59750000000001,2.772333333333333,0.3046,4.0063,0.854,0.925,120
DDPC_Subspace,1,1.5,84.18566666666666,1.60475,0.1767,0.0926,0.899,0.108,120
DDPC_Subspace,2,1.5,81.25825000000002,2.4640833333333334,0.2713,0.9685,0.878,0.608,120
DDPC_Neural,0,1.5,83.07458333333334,8.328,0.9161,0.0007,0.865,0.008,120
DDPC_Neural,1,1.5,82.80799999999999,8.157,0.8974,0.0044,0.864,0.017,120
DDPC_Neural,2,1.5,83.24099999999999,8.24325,0.9068,0.0,0.866,0.0,120
PID,0,1.5,91.44575,21.430666666666664,2.3572,0.0,0.863,0.0,120
PID,1,1.5,91.27058333333335,21.793,2.3969,0.0,0.86,0.0,120
PID,2,1.5,91.37316666666666,21.786833333333334,2.3976,0.0,0.861,0.0,120
PolicyGRID,0,2.0,88.73758333333333,3.98725,0.4383,0.1441,0.916,0.208,120
PolicyGRID,1,2.0,87.02641666666666,3.9369166666666673,0.433,0.0444,0.906,0.142,120
PolicyGRID,2,2.0,80.372,3.5700833333333337,0.3927,3.6688,0.868,0.717,120
PolicyGRID-O,0,2.0,88.778,6.076250000000002,0.6675,0.1488,0.908,0.317,120
PolicyGRID-O,1,2.0,87.66300000000001,6.076250000000002,0.6675,1.606,0.902,0.567,120
PolicyGRID-O,2,2.0,87.6199166666667,6.076250000000002,0.6675,0.9114,0.901,0.442,120
PolicyGRID-R,0,2.0,88.76041666666667,3.8919166666666665,0.4274,0.1235,0.917,0.225,120
PolicyGRID-R,1,2.0,88.77441666666667,3.903583333333334,0.4294,0.0477,0.917,0.125,120
PolicyGRID-R,2,2.0,87.77633333333333,4.058333333333333,0.4463,0.0945,0.91,0.225,120
MPC_Linear,0,2.0,81.53625000000001,3.7489166666666667,0.4129,0.0517,0.874,0.15,120
MPC_Linear,1,2.0,82.59808333333334,4.3596666666666675,0.4795,0.0228,0.878,0.05,120
MPC_Linear,2,2.0,82.11225,4.379333333333333,0.4823,0.0245,0.875,0.083,120
MPC_Neural,0,2.0,80.98616666666666,3.8405,0.4224,0.0615,0.871,0.075,120
MPC_Neural,1,2.0,81.14308333333334,3.6629166666666664,0.4037,0.0544,0.872,0.108,120
MPC_Neural,2,2.0,80.59591666666667,4.2645,0.4696,0.1756,0.867,0.142,120
C-MBPO,0,2.0,85.05741666666668,8.442,0.9288,0.0,0.877,0.0,120
C-MBPO,1,2.0,84.45975,8.441416666666665,0.928,0.0,0.873,0.0,120
C-MBPO,2,2.0,84.83241666666666,8.358749999999999,0.9197,0.0003,0.876,0.008,120
DDPC_Behavioral,0,2.0,82.6295,4.113083333333333,0.4524,2.6671,0.879,0.833,120
DDPC_Behavioral,1,2.0,84.86308333333334,1.6485833333333335,0.1812,0.0413,0.903,0.1,120
DDPC_Behavioral,2,2.0,84.28875000000001,2.1715,0.239,0.4394,0.897,0.433,120
DDPC_Subspace,0,2.0,81.554,1.7029999999999998,0.1872,0.3099,0.883,0.383,120
DDPC_Subspace,1,2.0,79.52883333333334,1.8397499999999998,0.2019,1.1147,0.87,0.858,120
DDPC_Subspace,2,2.0,81.77025,1.4900833333333332,0.1637,0.3579,0.885,0.358,120
DDPC_Neural,0,2.0,84.09291666666667,8.157,0.8974,0.0,0.872,0.0,120
DDPC_Neural,1,2.0,83.03999999999999,8.301583333333333,0.9133,0.0077,0.865,0.025,120
DDPC_Neural,2,2.0,84.37441666666668,8.157,0.8974,0.0,0.874,0.0,120
PID,0,2.0,92.05941666666666,20.9255,2.3021,0.0,0.869,0.0,120
PID,1,2.0,90.88216666666668,21.412583333333334,2.3558,0.0,0.86,0.0,120
PID,2,2.0,91.29633333333335,21.694416666666665,2.387,0.0,0.861,0.0,120
