Temperature,Humidity,AirQuality,EnergyConsumption,Satisfaction
22.44,48.37,298.46,87.66,74.13
22.69,49.38,293.77,84.58,75.54
22.38,47.76,294.7,89.45,73.7
22.47,47.89,296.87,90.46,73.95
22.56,49.32,302.42,85.17,74.88
22.39,47.99,312.2,90.38,73.35
22.25,47.15,310.13,89.85,72.52
22.74,46.64,313.79,89.44,73.39
22.61,45,317.53,90.05,72.07
22.27,45.8,320.66,89.9,71.53
21.79,46.29,314.77,89.8,70.58
21.59,46.35,316.93,90.41,69.88
21.71,44.98,314.93,89.08,69.59
21.32,46.94,309.72,90.41,69.54
21.81,48.47,302.27,87.18,72.3
22.01,48.84,295.98,87.98,73.28
22.01,46.89,304.47,88.81,71.93
21.83,46.15,310.95,89.52,70.71
22.3,44.36,305.9,88.77,71.28
22.06,44.98,308.69,89.78,70.83
21.66,44.44,313.83,90.57,69.14
21.44,45.19,320.6,90.39,68.62
21.85,46.8,315.29,89.39,71.03
21.4,45.02,321.57,88.71,68.39
21.67,44.86,316.21,88.95,69.34
22.03,46.4,311.38,89.72,71.46
21.98,46.18,306.92,90.16,71.3
21.71,44.84,297.84,90,69.98
21.77,43.22,297.89,89.82,69.28
22.04,41.61,306.97,89.61,68.9
22.19,41.85,306.9,90.59,69.51
22,43.39,304.06,89.97,69.88
22.03,42.34,305.39,89.59,69.34
22.36,41.66,305.78,89.27,69.9
22.58,43.04,310.68,89.74,71.1
22.89,41.67,314.2,90.25,70.98
22.57,42.78,323.18,90.33,70.54
22.8,44.62,326.75,89.38,72.07
23.18,46.56,328.96,88.72,73.88
23.14,45.21,333.21,88.72,72.93
22.85,43.3,331.94,88.85,71.29
23.29,42.72,339.01,89.69,71.72
23,41.02,343.18,89.53,70.02
23.15,41.8,346.66,89.54,70.66
23.31,41.7,354.92,89.19,70.69
23.13,42.38,350.46,88.99,70.85
23.47,43.48,356.91,88.9,71.93
23.76,42.03,364.21,88.75,71.47
23.89,43.48,366.63,90.14,72.31
24.14,42.01,357.78,90.56,72.16
24.22,43.7,358.96,90.26,72.87
24.45,42.39,356.34,90.63,72.02
24.15,41.59,347.1,89.76,72.29
23.67,42.45,351.76,89.12,71.89
23.64,41.23,346.56,90.18,71.31
23.86,40.21,346.63,88.69,71.13
23.96,40.27,342.61,89.22,71.45
23.78,40.45,333.42,89.58,71.56
24.07,39.36,327.95,90.16,71.59
24.28,41.26,336.16,90.2,72.34
24.24,39.92,331.45,88.85,71.94
24.6,40.33,337.75,88.99,71.4
25.06,38.69,340.94,90.18,69.71
25.26,38.83,343.04,89.2,69.29
25.57,39.79,339.39,90.63,69.1
25.47,38.57,343.48,89.29,68.72
25.42,37.11,336.58,90.11,68.36
25.75,38.34,336.12,89.74,68.14
25.31,37.81,342.77,90.37,68.74
25.27,39.43,345.92,90.33,69.45
25.31,38.21,339.45,90.31,69.04
25.71,36.72,335.55,90.36,67.56
25.59,36.12,342.4,89.76,67.37
25.46,36.28,345.28,89.04,67.7
25.16,34.29,346.9,89.21,67.35
25.15,32.67,354.72,89.2,66.46
24.79,32.5,356.13,88.84,66.99
25.04,33.58,358.42,90.34,66.91
25.29,33.7,362.59,89.59,66.35
25.68,33.73,360.55,88.8,65.62
25.54,33.01,367.92,88.77,65.39
25.35,33.37,358.16,89.09,66.26
25.78,34.81,353.81,89.89,65.99
26.09,35.25,356.03,90.33,65.29
26.22,36.32,357.68,89.24,65.4
26.65,34.74,363.65,88.73,63.23
26.64,33.39,367.26,89.98,62.63
27.13,34.83,377.09,89.94,61.23
26.65,34.46,385.04,89.29,62.52
27,32.68,375.32,88.82,60.88
27.31,32.24,369.81,88.85,59.8
27.35,32.77,360.87,89.66,60.14
26.98,33.83,359.4,88.74,61.91
27.13,33.88,351.58,89.06,61.64
26.69,34.59,350.01,90.59,63.41
26.77,34.19,343.33,88.97,63.26
26.73,35.83,337.18,89.57,64.26
26.6,37.28,341.2,89.73,65.11
26.73,36.05,332.53,89.4,64.44
26.59,35.3,341.73,89.05,64.34
26.33,34.72,336.19,89.05,65.02
26.45,34.71,326.27,89.68,64.97
26.52,35.49,332.75,89.47,64.87
26.28,35.27,336.07,89.78,65.38
26.69,35.99,342.55,89.71,64.25
27.09,34.34,337.04,90.43,62.4
26.65,34.51,333.05,90.49,64.08
26.32,35.55,336.5,90.38,65.37
26.22,36.15,330.42,90.15,66.11
26.1,36.36,327.08,90.58,66.6
25.6,34.95,320.48,90.21,67.51
25.49,33.96,315.84,88.69,67.51
25.06,35.36,314.84,90.01,68.98
24.65,36.22,321.63,89.73,69.92
24.86,37.45,323.01,90.16,70.06
25.24,37.94,323.32,88.92,69.59
24.85,36,331.55,90.09,69.15
25.14,34.16,335.65,89.55,67.7
24.78,32.18,325.93,90.41,67.7
25.1,32.43,333.76,88.69,67.05
24.67,32.54,324.35,89.32,68.13
24.88,34.49,324.32,89.18,68.68
25.29,33.92,333.04,90.1,67.34
25.27,32.04,324.61,89.31,66.82
25.57,33.99,334.41,89.37,66.72
25.4,34.66,344.06,89.92,67.08
25.79,36.38,350.78,90.27,66.76
25.43,36.6,349.48,90.4,67.73
25.24,36.33,358.33,89.93,67.79
25.61,37.87,348.4,89.49,67.89
25.73,38.65,341.16,90.29,68.19
25.68,39.75,350.51,90.41,68.48
26.09,40.21,342.42,90.6,67.84
25.73,41.88,337.91,89.63,69.66
25.47,42.85,330.43,89.54,70.97
25.7,44.39,337.91,90.34,70.8
26,43.42,341.25,90.31,69.49
25.63,43.79,350.81,89.75,70.33
25.18,43.4,346.62,89.95,71.38
24.79,42.25,355.17,89.74,71.43
24.38,42.12,352.47,89.02,72.13
24.08,41.68,346.25,88.78,72.33
24.47,42.14,353.11,89.88,72.01
24.65,41.43,357.06,90.48,71.22
25.05,43.25,363.49,89.97,71.1
25.23,44.78,366.18,90.52,71.29
25.11,45,358.91,88.97,71.9
24.91,46.79,361.83,90.1,72.99
25.13,45.22,371.58,89.68,71.54
25.25,43.92,374.5,90.19,70.62
25.39,45.52,379.84,90.45,70.83
25.53,43.99,387.12,89.96,69.6
25.99,43.57,379.87,88.84,68.44
26.45,43.69,373.66,89.44,67.25
26.6,41.79,378.85,89.93,65.8
26.38,40.98,383.8,90.42,66.02
26.58,40.5,379.13,90.5,65.34
26.67,39.27,379.69,89.53,64.53
26.18,38.54,387.07,88.86,65.53
26.22,39.16,386.32,89.28,65.73
26.59,37.97,384.8,89.97,64.14
26.15,39.53,387.76,89,66.05
25.66,39.87,389.46,89.39,67.46
25.98,40.36,392.06,89.48,66.7
26.1,39.3,382.73,90.47,66.21
26.17,38.35,380.37,90.13,65.69
26.43,38.32,372.67,89.58,65.14
26.75,36.71,367.99,90.37,63.56
26.51,37.5,376.08,90.34,64.44
26.42,36.71,377.03,89.05,64.36
26.77,36.51,384.62,89.29,62.95
26.75,35.26,381.02,90.06,62.57
27.08,36.73,385.08,89.35,61.95
26.94,36.31,379.32,90.47,62.39
27.34,36.28,371.36,89.3,61.21
26.84,36.24,372.04,90.48,62.95
26.41,38.19,375.15,89.18,65.05
26.8,37.04,365.53,89.09,63.65
27.04,38.35,369.06,89.39,63.21
27.22,37.79,376.27,89.05,62.1
26.92,38.58,385.59,89.75,63.23
27.05,40.37,379.44,90.36,63.65
27.07,40.36,380.74,89.43,63.52
26.8,42.19,387.89,89.69,64.99
26.52,43.67,377.94,89.51,66.88
26.05,42.6,382.39,89.84,67.75
26.42,42.85,392.2,89.08,66.43
26.6,43.92,385.29,89.51,66.51
26.74,42.92,376.9,90.49,65.79
26.32,41.83,379.55,89.37,66.71
26.31,41.02,374.01,89.94,66.56
26.14,42.19,371.37,89.3,67.67
26.32,41.06,367.71,89.22,66.76
25.94,40.79,358.73,89.64,67.99
26.44,39.58,357.08,90.55,66.09
26.24,38.69,360.4,89.16,66.25
25.94,37.43,369.33,89.89,66.29
26.24,35.54,367.21,89.85,64.68
26.73,35.95,358.95,89.43,63.59
26.91,36.14,359.98,90.04,63.04
26.51,36.27,361.64,89.83,64.36
26.47,36.26,355.53,88.97,64.36
26.95,37.51,357.93,90.52,63.51
27.31,36.84,366.34,90.68,61.69
27.17,35.29,357.18,89,61.92
26.74,33.76,362.6,89.78,62.58
26.25,34.2,357.2,90.07,64.41
26.73,35.43,366.03,90.19,63.18
26.32,35.44,374.57,89.52,64.22
26.04,34.41,380.64,90.62,64.35
26.35,33.46,386.17,89.15,62.99
25.97,34.66,382.1,89.59,64.63
26.39,33.77,377.15,89.28,63.23
26.21,34.12,382.46,88.7,63.74
25.88,35.52,379.51,90.4,65.29
25.4,35.05,374.43,89.71,66.37
25.42,33.25,383.5,89.7,65.27
24.98,33.89,377.61,89.41,66.63
24.56,32.91,369.98,89.74,67.11
24.99,34.67,376.17,90.43,66.99
25.33,35.11,366.18,88.92,66.81
25.22,34.37,370.51,88.78,66.62
25.32,34.55,380.47,90.68,66.15
24.9,33.3,374.57,90.2,66.56
24.59,33.98,369.42,90.09,67.53
24.12,35.11,371.75,89.29,68.04
24.53,35.94,373.08,88.71,68.43
24.4,36.45,369.03,89.43,68.97
24.58,36.85,365.54,88.87,69
24.1,36.87,374.24,89.92,68.89
23.68,38.6,365.73,89.72,69.41
23.42,36.98,358.03,90.19,68.27
23.3,35.95,358.74,90.08,67.43
23.18,37.83,355.69,88.83,68.32
22.71,37.57,353.09,89.02,67.14
22.46,36.54,352.8,89.02,65.88
22.51,36.34,355.15,90.06,65.86
22.57,35.01,351.31,90,65.39
22.31,33.66,348,88.82,64.01
22.71,33.48,350.32,90.08,64.9
22.69,33.7,352.18,89.83,64.94
22.78,33.28,352.93,89.04,64.92
22.59,33.35,355.89,88.86,64.37
22.89,34.69,361.73,89.13,65.71
22.47,32.71,367.58,90.34,63.27
22.84,33.54,369.11,90.43,64.71
22.62,34.13,373.26,88.9,64.34
22.52,33.96,367.57,90.65,64.16
22.66,34.72,375.5,89.83,64.72
22.96,36.01,371.46,90.49,66.3
22.61,34.81,371.99,90.54,64.71
22.24,34.18,375.95,89.83,63.21
22.01,36.17,369.94,90.15,63.83
22.06,37.1,366.68,90.14,64.62
22.5,37.56,360.18,89.34,66.34
22.75,38.4,358.19,90.07,67.55
22.85,36.43,354.75,89.41,66.78
22.62,37.97,348.18,89.57,67.28
22.44,37.99,346.86,89.78,66.84
22.28,36.29,349.32,89.8,65.37
22.69,37.42,343.29,89.04,67.28
22.9,37.69,339,88.97,68.1
22.91,38.46,338.94,89.66,68.54
22.57,36.87,340.28,89.39,66.76
22.35,35.96,348.63,90.28,65.37
22.3,37.52,340.75,88.93,66.38
22.45,39.13,337.89,90.4,67.77
22.17,39.66,328.89,90.01,67.56
21.96,38.26,320.87,88.94,66.38
22.04,36.47,321.32,90.1,65.57
22.04,36.16,326.6,90.07,65.13
21.98,35.59,319.78,90.23,64.92
21.65,37.05,328.22,88.77,64.48
22.08,38.73,321.37,89.19,67.02
21.82,37.68,329.07,90.53,65.33
21.4,37.3,328.93,89.66,63.74
21.07,36.47,338.89,90.01,61.72
20.93,36.14,340.98,89.15,61.01
21.08,35.79,335.44,90.06,61.46
20.58,35.68,338.99,89.63,59.35
20.77,37.23,329.82,89.11,61.31
20.28,36.53,331.97,89.06,58.85
20.74,34.74,339.15,88.78,59.49
21.09,34.42,348.04,90.67,60.36
21.27,33.81,344.04,90.45,60.78
21.72,35.5,339.21,90.66,63.44
21.29,33.67,342.72,88.98,60.87
20.84,33.5,351.99,89.36,58.75
20.86,35.38,357.66,90.59,59.7
21,33.46,348.3,90.27,59.45
20.82,33.48,355.18,89.93,58.64
20.55,32.14,346.45,89.78,56.91
20.13,31.12,348.75,89.41,54.48
19.93,32.24,357.51,88.76,53.99
19.59,31.16,349.18,90.38,52.04
19.48,30.98,343.13,90.51,51.58
19.66,30,341.38,89.52,51.94
19.43,31.69,343.34,89.42,51.78
19.59,30,344.68,89.23,51.5
19.46,31.69,345.9,89.32,51.88
19.57,30,355.56,88.84,51.18
19.31,31.32,352.34,89.25,50.7
19.04,31.28,357.14,89.6,49.26
19.15,31.89,356.84,89.8,50.12
19.45,31.7,356.64,88.77,51.4
19.31,31.47,362.11,89.15,50.56
19.57,30.99,357.53,89.65,51.6
19.41,32.7,361.46,90.33,51.75
19.29,31.02,370.67,89.52,49.92
19.69,30.21,370.48,90.22,51.29
19.8,31.94,364.78,90.65,53.01
20.01,31.94,360.14,90.34,54.08
19.8,32.35,367.12,89.71,53.19
20.21,33.31,358.19,89.29,55.82
20.4,34.91,355.69,89.93,57.63
20.86,35.94,363.43,90.43,59.91
20.45,37.88,357.42,89.43,59.55
20.91,36.58,355.6,90.52,60.66
20.85,38.06,352.34,90.59,61.37
21.34,37.53,352.47,89.83,62.92
21.04,37.97,362.28,90.32,61.76
21.25,36.78,356.83,88.68,62.04
21.67,36.68,362.79,89.29,63.32
21.53,34.9,364.84,89.88,61.73
21.67,35.38,369.32,90.64,62.35
21.97,35.01,361,90.26,63.29
21.83,33.47,355.96,89.66,62.19
21.41,35.29,346.83,88.85,62.09
21.65,36.25,354.93,89.88,63.2
21.84,36.36,362.71,89.28,63.66
21.97,37.9,363.53,90.6,64.88
22.07,37.99,358.83,89.64,65.41
21.86,37.62,350.15,89.76,64.81
22.27,39.12,341.21,90.21,67.14
22.32,41.03,332.59,89.43,68.67
22.56,42.93,335.59,89.32,70.24
22.66,41.18,334.34,89.71,69.56
22.31,42.55,329.8,90.46,69.52
22.79,43.03,330.21,89.68,71.01
22.36,43.93,328.86,88.83,70.5
22.64,43.02,335.46,88.96,70.36
22.25,44.41,331.12,90.3,70.52
21.84,43.4,321.37,88.91,68.91
21.74,43.13,321.71,89.96,68.39
21.99,43.73,324.8,89.82,69.42
21.55,45.68,334.77,90.05,68.82
21.31,47.43,330.43,90.47,69.17
21.22,48.04,337.53,89.87,69
21.23,46.65,340.05,90.13,68.12
21,47.36,343.62,90.54,67.64
21.07,46.32,351.45,90.51,67.03
21.21,44.88,357.5,90.37,66.53
21.69,46.82,347.93,88.76,69.6
21.54,48.7,343.04,87.61,70.33
21.15,49.97,335.23,91.44,69.9
21.08,50.17,339.78,91.98,69.43
21.41,49.04,338.07,85.44,70.32
21.43,48.65,346.95,87.22,69.82
21.72,47.1,337.58,89.87,70.15
21.75,48.39,340.46,89.12,70.85
22.01,47.3,341.88,89.98,70.99
22.2,47.27,343.32,88.81,71.48
22.55,46.76,342.12,88.99,72.16
22.93,48.55,332.13,88.7,74.39
23.1,48.15,326.51,89.98,74.65
23.5,50.11,319.22,92.14,76.55
23.66,48.77,310.11,87.28,76.59
23.87,48.75,318.04,87.81,76.63
23.95,50.56,315.69,89.42,77.21
23.89,51.85,306.6,98.14,76.61
23.98,50.45,315.72,89.7,77.21
24.16,52.23,315.07,98.72,75.83
23.92,51.09,310.28,90.99,77.03
24.21,49.36,304.65,86.01,77.25
24.63,49.87,304.87,91.89,76.63
24.18,51.58,299.87,93.88,76.71
24.58,52.3,297.66,97.7,75.64
24.38,52.61,295.18,97.25,75.92
24.16,53.65,294.51,99.19,75.68
23.97,55.2,304.34,101.35,74.81
23.76,55.99,308.91,100.19,74.37
24,55.06,312.8,100.19,74.62
23.68,56.13,303.7,100.27,74.35
23.27,57.8,304.06,91.16,73.11
22.87,58.49,302.47,89.4,72.07
22.48,58.68,306.31,90.18,70.97
22.14,59.4,315.98,87.88,69.59
21.78,59.92,311.64,86.45,68.49
21.93,60.05,308.07,85.36,68.97
22.37,61.08,314.07,85.79,69.52
22.38,62.27,323.65,84.42,68.74
22.04,60.9,324.52,84.73,68.44
22.19,59.63,317.48,87.58,69.56
22.05,59.72,319.85,87.51,69.04
21.84,58.41,323.85,85.07,68.98
21.51,59.62,330.81,88.06,67.16
21.08,59.35,339.42,85.26,65.68
21.19,59.13,347.14,87.47,65.84
21.22,59.65,344.24,87.25,65.8
21.39,59.87,349.12,86.26,66.16
21.01,59.87,342.55,86.07,65.09
20.99,57.94,350.32,90.46,65.51
20.88,59.33,346.96,85.51,64.71
20.41,58.13,341.09,91.01,63.53
20.23,56.25,341.47,102.29,63.35
20.32,54.65,334.85,100.83,64.6
20,55.82,338.27,102.27,62.62
19.77,55.65,348.09,100.38,61.39
19.42,54.13,344.58,98.89,60.6
19.08,55.22,342.5,100.67,58.54
19.19,56.93,336.47,102.13,58.55
19.61,58.93,328.53,87.46,60.18
19.84,58.25,330.89,90.51,61.34
20.22,60,339.64,86.36,62.06
20.62,58.5,343.84,90.2,64.08
20.15,58.05,346.96,91.87,62.25
20.49,59.28,339.29,84.99,63.51
20.68,58.85,345.33,87.89,64.18
21.17,58.88,347.36,89.79,65.87
20.69,57.2,354.5,92.97,64.55
20.37,55.86,357.11,102.26,63.61
20.1,57.47,361.57,91.73,61.88
19.65,57.87,358.71,90.69,59.86
19.97,55.95,351.51,100.65,62.09
20.09,55.93,352.78,100.89,62.54
19.69,57.7,352.89,92.09,60.25
19.5,56.53,362.04,97.9,59.46
19.92,56.84,361.38,101.37,61.22
19.52,57.82,362.73,91.48,59.13
19.41,58.28,355.41,91.06,58.63
19.13,59.19,364.64,87.88,56.81
19.37,60.67,364.19,85.93,57.34
19.33,59.39,367.5,88.46,57.51
19.71,57.68,366.51,91.05,59.87
20.14,57.42,359.32,92.22,62.12
20.57,56.74,357.8,94.17,64.14
20.13,55.09,348.29,101.17,63.19
19.91,53.48,353.27,96.73,62.88
20.36,51.67,344.38,94.86,65.86
20.76,52.09,349.05,97.48,67.06
20.42,53.46,350.45,96.12,65.11
20.57,51.72,342.6,97.51,66.69
20.14,50.09,339.5,91.9,65.78
20.22,48.21,345.35,88.9,64.97
20.09,49.04,342.54,86.81,65.06
19.96,50.97,344.23,91.22,64.51
19.48,49.49,337.44,85.48,62.74
19.64,47.58,346.76,90.33,62.01
19.21,48.26,353.45,87.77,60.22
19.39,48.1,352.26,89.3,61.02
19.34,49.3,346.48,85.09,61.73
19.39,51.01,342.32,90.86,61.93
19.69,50.14,338.05,91.49,63.81
19.51,51.5,340.78,94.39,62.31
19.47,52.73,350.27,98.05,61.29
19.02,51.86,348.33,97.32,59.57
18.97,51.42,341.75,85.08,59.91
19.28,49.67,342.55,90.46,61.67
19.32,48.39,343.88,87.46,61.1
18.83,49.79,349.03,90.46,59.39
18.84,50.35,358.85,91.4,59.08
18.86,48.41,361.39,88.51,58.39
18.88,47.12,364.81,89.48,57.62
19.36,47.88,363.79,90.2,60.37
19.6,48.27,360.21,88.67,61.88
19.14,49.1,360.49,85.73,60.24
19.07,49.84,356.38,90.5,60.34
19.25,48.26,364.81,89.59,59.84
18.94,49.03,361.27,86.74,59.16
18.59,49.61,362.68,91.24,57.67
18.77,48.97,367.67,85.54,58.17
18.46,47.87,366.68,89.69,55.94
18.88,47.93,358.07,90.05,58.25
19.23,49.5,350.94,85.24,61.17
19.05,51.04,354.37,91.95,59.93
19.29,50.22,354.06,90.25,61.46
19.64,51.89,354.54,97.77,62.21
19.91,51.74,349.99,97.25,63.69
19.44,50.16,347.41,91,62.37
19.71,51.36,347.96,85.57,63.24
19.23,49.61,350.77,92.12,61.11
19.19,49.56,359.61,85.56,61.11
19.54,51.19,355.21,85.84,62.26
19.39,52.22,357.71,97.96,60.85
19.5,50.63,358.86,90.8,62.13
19.19,48.83,356.15,87.93,60.4
19.32,47.41,353.32,90.14,60.22
19.15,46.4,354.81,89.86,58.81
19.56,47.04,347.67,89.47,61.3
19.11,45.76,342.78,89.54,58.58
19.2,45.81,352.48,89.46,58.77
19.45,44.07,357.41,89.72,58.79
19.54,45.23,353.72,89.42,60.01
19.64,43.75,350.92,89.08,59.61
19.7,41.9,341.6,88.83,59.13
19.54,43.29,332.31,90.35,59.42
19.56,44.19,338.45,90.56,59.85
20,45.74,344.37,90.68,62.57
19.84,44.04,338.94,90.16,61.05
19.44,45.46,330.62,89.35,60.32
19.37,47.44,331.44,89.41,61.16
19.82,47.52,336.62,89.71,63.09
19.45,46.97,328.03,88.68,61.34
19.6,48.38,325.45,88.33,62.98
19.28,46.73,323.43,88.82,60.54
19.44,47.49,320.43,89.41,61.82
19.85,45.72,321.45,88.93,62.64
20.29,45.13,319.46,90.55,64.22
20.21,45.52,328.06,90.41,63.83
19.88,44.22,324.58,89.61,61.78
20.06,43.75,314.84,89.85,62.55
20.43,43.46,306.18,90.44,64.23
20.58,44.69,302.68,90.53,65.68
20.12,43.93,306.87,90.64,63.17
20.4,43.35,316.24,89.6,63.82
20.64,44.54,325.62,90.03,65.17
20.22,42.99,330.37,90.37,62.35
19.89,42.27,338.09,90.66,60.25
19.55,42.88,335.1,89.53,59.19
19.19,44.56,327.81,89.79,58.73
19.01,45.26,324.92,89.19,58.4
18.83,44.06,325.75,89.74,56.71
19.25,45.82,315.85,89.41,60.09
19.24,45.48,315.66,90.53,59.86
19.06,44.78,322.46,89.74,58.39
18.57,45.44,312.82,89.61,56.69
18.83,47.39,318.44,88.77,58.94
18.66,47.35,310.38,90.3,58.28
18.61,48.62,314.84,88.05,58.75
19.07,49.05,321.61,86.41,61.37
19.52,49.7,327.22,91.16,63.24
19.48,50.15,318.18,90.45,63.44
19.82,50.11,322.86,91.31,64.86
19.65,48.31,325.95,88.47,62.93
19.66,48.58,324.49,88.44,63.44
19.99,46.92,330.92,88.72,63.68
19.59,48.61,322.7,88.71,63.07
19.63,49.79,315.09,91.12,64.19
20.09,49.83,313.76,90.4,66.32
19.76,51.78,319.72,96.83,63.93
19.35,51.46,323.48,85.07,62.31
18.97,51.18,319.94,86.19,60.66
19.03,50.32,317.91,91.21,61.25
19.44,51.26,308.3,85.77,63.25
19.07,50,298.7,90.73,62.17
18.97,48.44,295.53,87.43,60.95
18.71,48.98,300.69,86.68,59.84
18.72,50.82,293.46,90.99,60.27
19.11,49,290.98,85.63,62.13
19.01,48.73,290.72,87.66,61.47
18.68,49.48,291.2,84.42,60.34
18.76,50.09,290.55,91.74,60.85
18.59,48.43,299.49,88.14,58.97
18.35,50.38,304.4,91.13,58.31
18.05,48.62,310.61,87.25,56.1
18.15,47.11,318.73,90.05,55.42
18.47,48.76,323.86,86.39,57.86
18.96,49.14,319.8,85.31,60.62
19.05,48.72,314.94,87.2,60.74
19.4,47.74,313.18,89.69,62
19.4,49.05,307.07,85.81,63.04
19.64,50.76,315.68,89.65,64.03
19.51,52.52,319.83,97.51,62.44
19.74,50.78,316.81,91.13,64.46
19.95,51.52,322.57,95.26,64.83
19.63,51.78,312.62,96.27,63.53
19.65,53.36,319.6,99.65,62.74
19.36,51.7,328.44,97.32,61.85
19.48,53.01,331.94,97.47,61.76
19.62,54.53,333.99,101.15,61.59
19.25,56.39,334.59,98.55,59.17
18.81,57.15,337.9,91.79,56.8
18.35,59.12,346.58,88.48,53.55
18.84,57.66,341.63,92.15,56.6
19.3,57.55,346,92.23,58.7
19.78,55.64,354.49,100.6,61.21
19.28,55.42,347.91,101.39,59.29
19.69,57.01,343.88,102.59,60.57
19.47,57.2,347.67,92.36,59.62
19.07,56.14,345.86,101.75,58.01
19.37,56,348.83,102.09,59.41
19.12,57.28,358.82,92.21,57.57
18.85,58.67,367.39,88.44,55.55
19.34,59.91,366.94,85.96,57.46
19.01,59.93,373.44,86.08,55.68
18.57,58.45,380.44,89.38,53.85
18.7,57.37,380.29,91.65,54.9
18.93,58.78,374.67,89.82,55.62
19.02,58.53,379.07,88.98,56.03
18.68,56.84,370.29,102.58,55.07
18.6,58.36,370.53,84.97,54.28
18.63,56.37,375.35,101.48,54.95
18.38,57.37,381.31,93.33,53.28
18.41,59.05,383.61,88.84,52.71
18.15,58.49,386.77,89.17,51.56
18.12,56.84,378.16,100.66,52.09
18.57,55.14,386.17,100.79,54.84
18.57,55.73,387.37,101.61,54.51
18.11,55.25,385.32,100.23,52.48
18,53.64,390.49,96.4,52.59
18,52.08,384.4,97.57,53.37
18.31,50.59,375.72,91.05,55.89
18.17,50.19,378.5,91.84,55.31
18,49.33,375.09,85.2,54.38
18.06,50.67,381.61,90.77,54.47
18,51.44,387.16,85.24,53.83
18.07,51.59,395.34,93.39,53.7
18,52.53,398.4,97.89,52.75
18.34,53.26,400.06,99.94,54.09
18.02,52.34,407.65,98.65,52.6
18,53.55,407.69,96.07,52.12
18,51.82,403.01,96.63,52.94
18,52.68,410.89,99.23,52.27
18,50.77,411.36,90.48,53.24
18,51.9,410.24,96.85,52.7
18,51.16,414.33,85.31,53.08
18,49.76,412.43,91.82,53.37
18,50.84,418.22,90.83,52.99
18,52.14,417.46,96.62,52.37
18,53.42,420.96,96.08,51.76
18,52.48,430.88,98.68,51.78
18,53.09,437.47,99.39,51.32
18,54.43,431.58,101.17,50.91
18,54.18,435.67,99.33,50.93
18,54.16,435.61,99.45,50.93
18,55.18,435.05,100.94,50.49
18.18,55.7,440.12,102.05,50.98
18,57.03,438.32,100.08,49.61
18.16,55.62,443.04,101.96,50.83
18.08,53.88,451.3,100.04,50.97
18.04,52.83,457.44,99.1,51
18.22,51.54,449.32,94.2,52.84
18.7,53.04,440.15,98.19,54.76
18.31,51.64,431.97,95.17,53.72
18.02,52.04,436.6,97.2,51.89
18,52.09,445.01,96.25,51.58
18,53.5,447.57,96.7,50.94
18.33,55.43,442.06,101.77,51.82
18.54,57.3,448.94,93.15,52.04
18.79,55.61,456.18,100.18,53.52
18.5,56.62,450.6,99.3,51.91
18.49,58.37,449.39,86.58,51.47
18.66,59.42,457.39,87.16,51.63
18.97,57.46,464.38,92.25,53.59
19.01,56.43,467.14,98.53,54.05
18.82,56.33,465.37,101.56,53.15
19.23,55.14,469.93,100.21,55.47
19.42,56.26,467.76,102.37,55.96
19.61,54.35,459.76,100.32,57.9
19.63,55.66,451.58,101.16,57.68
20,55.6,443.77,102.17,59.58
19.92,53.74,436.43,99.58,60.24
19.73,54.1,431.07,99.4,59.43
19.62,53.49,434.91,96.16,59.13
19.27,52.38,432.66,96.99,58.04
19.04,54.3,428.63,100.71,56.16
19.14,55.5,433.4,100.81,56.04
19.35,57.19,441.72,91.88,56.22
19.05,58.05,436.52,90.46,54.65
19.12,57.96,434.33,91.37,54.65
18.7,58.71,428.29,90.12,52.92
18.83,57.12,433.64,93.1,53.97
19.04,56.98,439.2,101.03,54.77
19.07,56.83,438.58,101.51,55
18.62,57.73,435.65,92.3,52.67
18.51,57.21,438.07,91.7,52.29
18.11,55.71,443.33,100.24,50.61
18,54.95,435.13,100.32,50.58
18.15,54.64,432.23,100.69,51.55
18.4,54.69,431.34,100.22,52.81
18.24,54.33,436.85,100.16,51.98
18,55.73,432.35,102.47,50.35
18.16,57.67,439.4,92.14,50.31
18.05,57.14,444.85,92.42,49.84
18.01,55.14,449.07,100.11,50.15
18,55.19,456.23,100.7,49.85
18.3,56.12,446.75,101.54,51.23
18.53,55.23,444.34,101.37,52.85
18.25,55.93,448.43,101.97,51.03
18,56.02,444.44,102.52,49.87
18.47,54.7,453.18,100.55,52.51
18.09,53.16,461.33,98.76,51.03
18,54.13,468.25,99.72,49.97
18.26,55.27,469,100.23,50.73
18,56.06,465.26,102.53,49.25
18,55.07,464.09,100.24,49.73
18.43,56.16,459.02,100.09,51.52
18.13,57.16,468.83,92.69,49.47
18.54,58.46,478.09,89.05,50.75
18.19,57.1,470.78,102.04,49.55
18,55.33,466.68,100.18,49.48
18.4,56.34,461.09,100.48,51.16
18,56.68,460.4,96.17,49.22
18.04,54.94,456.38,101.36,49.94
18.31,55.82,458.03,100.56,51.07
18.07,54.18,454.05,98.89,50.76
18,55.39,455.5,100.86,49.76
18.42,56.67,458.95,96.92,51.33
18,57.06,461.83,102.76,48.91
18.4,57.04,456.27,101.84,51.04
18.45,58.89,446.55,88.2,51.09
18.77,60.28,437.76,85.5,52.41
18.29,59.84,445.64,86.96,49.97
18.49,59.42,446.17,87.11,51.11
18.95,58.26,456.08,91.13,53.47
19.39,59.9,447.25,87.28,55.24
19.54,60.24,455.79,86.89,55.52
19.58,59.91,465.11,86.21,55.57
19.19,60.87,456.65,84.48,53.68
19,61.84,454.24,85.23,52.4
18.96,60.54,451.86,85.16,52.84
18.61,59.34,448.61,84.93,51.67
19.02,59.63,449.11,86.17,53.56
18.9,59.7,443.16,86.42,53.15
19.04,60.77,451.93,86.43,53.08
19.16,60.95,448.07,85.59,53.87
19.54,61.7,448.39,83.84,55.19
19.49,62.42,453.25,84.36,54.51
19.87,60.79,457.68,85.98,56.71
20.36,59.19,460.81,88.92,59.33
20.61,59.76,459.21,87.32,60.12
20.66,58.38,451.17,86.65,61.19
20.93,59.93,444.15,87.07,61.72
21.36,60.23,444.29,86.65,63.07
21.77,59.27,451.78,86.17,64.51
21.44,58.8,453.99,88.9,63.6
21.13,59.55,447.43,86.6,62.49
21.31,59.57,452.68,88.01,62.9
21.54,58.77,462.01,87.92,63.72
21.08,57.15,458.63,91.82,62.88
20.89,55.33,458.7,101.49,62.8
21.03,57.07,457.79,101.08,62.59
21.23,56.52,463.57,98.04,63.42
21.11,57.83,470.52,92.4,62.32
21.15,58.75,470.74,89.07,62.15
20.79,57.68,468.31,91.89,61.34
20.9,56,473.23,102.15,62.14
21.36,55.63,480.08,100.61,63.69
21.14,56.22,489.44,102.14,62.38
20.71,56.67,485.6,97.26,60.83
20.46,55.93,482.39,102.06,60.2
20.05,57.33,474.9,93.07,58.25
19.57,57.61,469.97,91.47,56.26
19.81,56.71,476.82,94.59,57.45
19.65,56.7,476.31,94.44,56.7
19.64,55.64,472.18,101.39,57.08
19.45,57.4,476.75,92.7,55.52
19.42,58.77,477.07,87.94,54.92
19.71,57.16,481.04,93.25,56.7
19.32,56.09,479.43,101.68,55.23
19.63,55.7,489.28,101.69,56.53
19.85,57.24,482.79,92.78,57.22
19.86,58.71,490.52,89.63,56.48
19.48,58.16,488.85,91.49,55
19.75,59.54,491.72,87.54,55.65
19.65,60.67,493.11,86.41,54.72
19.17,61.1,485.86,84.59,52.63
19.14,60.97,484.41,84.76,52.54
19.1,62.57,491.13,84.4,51.47
18.88,62.69,482.96,83.17,50.7
18.73,60.91,473.43,85.42,50.93
18.58,61.62,471.49,83.42,49.97
18.79,61.26,465.59,85.5,51.27
18.86,62.66,470.61,84.24,51.07
19.03,62.9,467.45,82.89,51.79
19.05,63.65,460.74,83.34,51.79
18.58,61.75,469.02,85.04,49.97
18.45,63.11,474.39,83.81,48.61
18.03,61.93,466.57,84.92,47.19
18,61.44,474.69,84.01,47.03
18,63.31,465.6,84.46,46.53
18.04,63.47,458.32,83.3,46.9
18.36,61.54,449.2,84.69,49.56
18.51,63.46,451.43,83.92,49.47
18.65,64.55,458.69,79.83,49.56
18.32,65.02,451.96,79.83,47.96
18.6,63.06,457.68,84.21,49.88
18.73,64.96,466.51,80.18,49.49
18.48,63.12,461.35,83.7,49.15
18.66,61.67,465.41,84.45,50.49
18.99,62.65,462.94,83.22,51.84
18.91,63.51,467.55,82.9,50.96
19.05,63.14,458.3,82.86,52
18.55,63.47,461.63,82.21,49.4
18.47,64.11,468.77,81.97,48.49
18.59,62.77,461.74,84.07,49.83
18.93,61.36,462.75,83.68,52.04
18.49,61.39,466.06,84.52,49.73
18.55,60.73,466.44,85.04,50.34
19.05,61.61,468.13,83.8,52.32
19.01,62.39,467.49,83.2,51.86
18.71,63.33,477.06,83.49,49.73
18.37,62.55,477.23,82.64,48.4
18,62.47,468.23,84.46,46.83
18,63.93,458.97,84.17,46.48
18.33,62.47,464.51,84.14,48.62
18.6,63.01,465.02,82.66,49.69
18.16,64.43,465.32,81.06,46.98
18.46,62.57,469.15,82.85,49.06
18.88,63.33,461.31,85.03,51.02
19.24,62.21,453.33,83.32,53.45
19.12,63.67,453.48,82.59,52.28
18.84,62.82,448.41,82.94,51.5
18.79,62.64,450.19,83.73,51.22
18.68,62.49,443.19,84.38,50.92
18.31,63.12,447.64,83.03,48.72
18.43,61.78,452.48,83.49,49.74
18.03,60.03,459.62,85.92,48.2
18.14,59.79,464.93,85.92,48.69
18.08,59.27,473.63,86.03,48.31
18,59.17,467.5,87.59,48.13
18,57.7,477.04,92.2,48.35
18.49,56.16,471.26,101.04,51.45
18.11,56.87,463.68,100.82,49.5
18,57.08,470.6,101.61,48.62
18.08,58.5,470.69,90.19,49.02
18,59.97,471.06,87.49,47.86
18.32,59.45,471,87.56,49.52
18,60.18,476.97,86.62,47.47
18.05,62.13,477.19,84.49,46.95
18.08,62.28,481.09,83.4,46.93
18,64.23,478.04,83.12,45.78
18,63.12,481.61,83.21,46.18
18,63.65,477.08,83.26,46.07
18,65.4,486.86,82.04,45.08
18.44,63.96,479.25,84.09,48.06
18.57,65.31,470.2,82.12,48.47
18.16,65.32,477.88,81.72,46.19
18.05,63.89,486.82,83.42,45.68
18.41,62.11,482.2,85.7,48.59
18.02,63.28,492.08,85.13,45.74
18.21,64.25,498.47,82.23,46.25
18.3,66.11,496.75,82.44,45.97
18.63,64.95,488.88,79.49,48.42
18.36,65.42,494.45,81.93,46.66
18,63.59,497.33,82.16,45.52
18.47,65.55,491.02,78.86,47.32
18.83,63.88,492.78,83.22,49.63
19.32,63.18,482.9,84.97,52.52
19.59,65.12,489.99,79.09,52.83
19.38,63.53,486.05,82.78,52.57
19.18,62.91,488.68,82.64,51.85
19.6,61.06,491.02,84.89,54.44
19.5,60.14,490.93,85.47,54.37
19.35,60.56,491.69,85.41,53.46
19.67,61.28,491.99,85.52,54.62
19.36,60.5,492.07,85.78,53.5
19.49,59.64,484.56,87.88,54.71
19.16,61.22,481.5,85.63,52.58
18.78,63.05,490.93,82.49,49.8
18.71,61.13,491.79,85.39,50.17
19.21,62.86,489.89,84.03,51.82
18.76,62.5,495.72,82.75,49.77
19.05,61.12,489.69,86.24,51.82
18.7,62.94,499.19,83.17,49.21
18.45,62.42,489.43,84.2,48.45
18.04,61.78,493.93,85.15,46.49
18,63.35,484.22,85.04,45.95
18,61.43,476.68,84.91,46.96
18.43,62.92,475.92,83.44,48.54
18.07,64.17,480.71,83.49,46.1
18.44,64.82,471.33,81.73,47.94
18.82,64.69,475.47,80.57,49.83
18.56,65.51,466.42,80.11,48.48
18.27,64.49,456.46,80.4,47.75
18.18,63.05,463.57,83.91,47.64
18.25,61.86,453.91,83.73,48.78
18,61.24,451.75,85.86,47.78
18,61.88,453.29,85.24,47.6
18.24,59.96,447.47,86.3,49.64
18.4,59.15,440.46,87.42,50.96
18.3,58.6,436.23,89.42,50.77
18.3,57.35,432.4,92.75,51.32
18.53,56.42,434.96,97.47,52.69
18.12,55.66,433.32,100.19,50.9
18,53.74,440.56,99.17,50.98
18.4,54.33,431.06,100.47,52.9
18.76,52.74,439.17,99.13,55.15
18.86,51.39,444.84,84.68,56.29
18.89,52.23,437.16,97.76,56.12
18.6,53.2,443.42,99.51,54.1
18.42,52.84,443.22,98.23,53.34
18.21,50.98,435.74,92.18,53.44
18.19,49.9,440.32,91.05,53.57
18.55,49.54,440.38,84.86,55.21
18.96,50.29,445.43,90.79,57.45
19.39,51.1,442.07,90.59,58.97
19.26,51.3,446.8,85.92,58.22
18.93,52.99,450.04,96.76,55.62
18.87,51.83,456.36,96.96,55.63
18.67,51.43,450.3,84.87,55.2
18.3,51.53,443.95,94.43,53.35
18.62,51.44,447.77,85.3,55.04
18.68,51.16,440.77,85.94,55.68
18.5,50.55,435.26,89.92,55.14
18.34,50.95,428.21,92.12,54.28
18.66,52.4,428.8,96.98,55.2
18.51,54.23,425.94,100.87,53.73
18.48,53.16,417.59,98.48,54.27
18.35,51.41,418.97,85.69,54.58
18.07,51.72,417.71,96.53,52.9
18,53.54,410.03,96.75,52.04
18.16,51.91,408.48,97.91,53.51
18,50.93,404.98,90.57,53.35
18,51.34,414.6,86.31,53.01
18.25,52.94,424.51,97.34,53.04
18,52.62,428.41,98.48,51.79
18,51.72,428.88,97.22,52.2
18.09,50.12,427.14,91.73,53.44
18.1,49.85,430.01,90.75,53.38
18.12,50.24,430.11,91.07,53.48
18,51.33,431.67,86.26,52.51
18,51.85,433.16,96.81,52.02
18,53.23,436.82,99.15,51.27
18,52.82,435.66,98.56,51.67
18.31,54.71,433.29,100.15,52.28
18,56.34,426.39,100.76,50.3
18.48,56.04,420.24,100.57,52.98
18.92,56.69,430.05,94.85,54.71
18.46,56.08,438.19,101.62,52.29
18.77,57.12,447.88,92.53,53.55
19.04,55.7,444.79,101.04,55.08
19.29,56.31,451.12,101.75,55.82
19.62,55.45,454.52,100.1,57.61
19.33,57.17,448.12,92.76,55.94
18.88,56.33,439.62,100.99,54.21
19.19,57.42,448.6,93.2,55.12
19.41,56.57,455.27,97.52,56.25
19.82,54.71,449.59,100.96,59
19.53,53.41,454.39,96.4,58.16
19.51,53.82,456.76,100.05,57.76
19.45,54.03,459.25,99.01,57.35
19.63,55.25,466.62,100.66,57.4
19.53,54.16,476.46,99.25,57.14
20,54.73,474.84,101.22,59.01
20.07,55.4,465.12,101.54,59.32
19.64,57.16,469.56,92.41,56.73
19.63,56.65,465.52,99.17,56.9
20.02,58.32,475.16,89.51,57.79
20.36,59.38,484.18,86.69,58.57
20.56,59.95,492.92,86.27,58.88
20.7,60.3,489.89,86.15,59.38
20.9,59.69,493.63,87.7,60.22
20.88,59.15,500,88.13,60.16
20.54,61.09,500,85.36,58.12
20.62,61.33,500,85.46,58.3
21.01,63.12,500,84.06,59.01
21.28,64.95,500,80.1,59.2
21.59,65.57,499.57,80.12,59.92
21.87,66.43,489.7,82.1,60.6
22.33,67.19,489.84,80.13,61.53
22.51,66.54,498.27,80.67,61.94
22.66,65.01,493.67,79.26,63.12
22.37,64.07,490.31,82.85,62.95
22.6,65.82,485.87,81.51,62.84
22.3,66.24,494.65,80.9,61.69
22.64,66.94,495.3,80.91,62.15
22.32,66.67,496.21,79.61,61.53
22.78,66.9,486.5,81.23,62.73
22.97,66.11,495.1,80.75,63.23
22.78,67.21,487.46,80.16,62.57
23.11,67.19,483.17,80.58,63.33
23.38,66.15,474.49,80.37,64.51
23.53,65.52,480.46,79.9,64.88
23.49,67.01,472.73,81.28,64.34
23.23,65.05,465.14,80.7,65.06
23.33,64.52,469.3,80.31,65.38
23.73,63.6,468.41,82.43,66.15
24.05,64.96,462.28,79.47,65.14
24.34,65.59,457.8,79.86,64.35
24.07,64.61,460.47,80.67,65.34
23.77,66.29,463.03,81.73,64.8
23.45,66.25,466.17,82.14,64.8
23.72,67.72,466.05,79.87,64.06
23.8,66.62,470.54,78.24,64.43
24.29,67.05,464.74,80.33,63.45
24.43,65.09,456.42,79.31,64.5
24.92,66.51,450.18,82.35,62.69
24.83,65.27,458.03,82.08,63.41
25.02,64.72,462.72,80.46,63.15
25.01,63.04,457.65,84.13,64.17
24.82,61.18,464.86,84.35,65.48
24.65,62.21,465.39,84.1,65.27
24.73,60.77,459.49,85.24,66.05
25.06,61.32,468.92,84.31,64.69
25.48,60.09,475.38,86.2,64.02
25.27,61,478.48,85.55,63.98
25.17,62.51,472.01,83.38,63.64
24.88,64.41,467.2,80.23,63.53
25.31,65.63,470.01,79.77,61.61
25.57,66.67,475.26,79.08,60.13
25.46,66.86,479.37,80.06,60.19
25.9,67.51,475.01,81.56,58.44
26.03,68.72,483.81,80.23,57.05
26.43,68.42,481.8,79.2,55.83
26.57,67.98,487.65,79.65,55.31
26.57,68.17,497.54,77.81,54.96
26.95,69.31,500,78.58,52.55
26.8,67.83,497.09,81.23,54.12
26.65,67.77,490.11,80.52,55.02
26.22,69.76,481.25,80.32,55.83
25.73,70,485.11,78.34,57.38
26.22,70,487.49,79.3,55.46
26.12,70,483.86,79.17,55.98
26.45,68.3,480.86,79.58,55.81
26.68,67.45,477.45,79.78,55.5
26.81,66.3,478.73,81.72,55.55
26.33,68.2,479.68,78.99,56.35
26.04,67.5,483.82,81.15,57.76
26.13,69.15,486.59,79.08,56.39
26.33,67.45,479.88,81,56.78
26.66,65.7,483.64,79.79,56.44
26.48,65.25,490.99,81.67,57.16
26.57,63.41,498.94,83.09,57.66
26.21,65.34,500,81.72,57.9
26.11,64.3,500,81.67,58.87
26.32,62.6,500,83.47,59.08
25.87,61.93,494.56,84.05,61.17
25.44,61.45,490.07,83.8,62.95
25.13,62.4,488.62,84.26,63.28
25.23,63.78,485.8,83.83,62.31
24.99,62.39,479.3,84.05,63.95
24.94,62.97,480.79,82.57,63.71
24.95,62.68,489.54,83.23,63.58
25.08,61.94,480.65,84.78,63.92
25.55,63.93,483.84,82.58,61.39
25.55,64.07,488.55,82.95,61.17
25.16,65.37,488.63,81.77,61.57
25.15,64.56,489.4,79.74,62.09
24.72,65.69,489.22,78.86,62.52
24.49,63.72,484.23,83.32,64.2
24.57,62.33,475.05,83.04,65.1
24.44,64.21,475.4,82.38,64.31
24.86,64.94,483.85,80.6,62.75
24.39,65.06,479.21,79.8,63.82
24.36,67.01,478.65,80.9,62.92
24.21,67.65,469.31,81.16,63.15
24.27,67.61,466.02,80.25,63.16
24.62,66.6,468.59,78.62,62.92
24.56,68.59,476.77,80.62,61.64
25.01,67.02,472.95,80.75,61.54
24.56,66.27,481.68,81.64,62.78
24.91,67.96,485.67,80.32,60.92
25.39,68.56,493.11,79.61,58.98
25.78,69.54,490.01,80.33,57.22
25.8,70,494.5,78.32,56.8
26.25,70,499.46,79.94,55.09
26.09,70,500,78.88,55.5
25.67,68.24,490.54,78.8,58.41
25.68,67.25,483.12,80.71,59.12
25.37,65.74,486.81,79.14,60.87
25.85,65.94,486.57,82.35,59.19
25.64,64.43,494.8,81.25,60.51
25.91,66.42,500,81.31,58.34
26.08,67.94,500,81.02,56.83
26.26,67.19,500,81.56,56.6
26.1,68.64,500,79.39,56.37
26.19,67.78,500,80.51,56.52
26.02,68.35,495.84,80.01,56.92
26.03,68.23,495.89,78,57.02
26.14,66.66,500,79.96,57.39
26.03,67.56,496.77,81.22,57.34
25.97,65.94,500,82.55,58.4
26.11,64.58,497.51,81.34,58.81
26.1,66.46,495.46,80.46,57.82
26.15,66.32,490.72,81.74,57.78
25.87,65.44,496.88,81.61,59.14
26.1,67.08,487.3,81.32,57.64
26.19,67.05,488.13,80.51,57.37
25.82,65.43,482.28,81.95,59.73
25.67,64.19,488.9,81.8,60.78
25.74,66.16,493.64,80.43,59.25
25.42,65.13,485.08,80.55,61.12
24.97,66.44,481.7,80.92,61.71
25.13,65.39,479.5,82.5,61.9
24.73,66.84,484.43,80.86,61.98
25.14,66.41,478.54,80.77,61.35
24.96,66.3,472.61,81.87,62.06
25.27,64.86,468.11,81.75,62.17
24.79,65.24,471.12,82.71,63.12
24.47,63.25,469.25,85.07,64.92
24,64.53,464.57,80.93,65.38
24.12,62.79,465.21,82.96,66.02
23.74,61.59,462.44,83.93,67.35
23.94,61.18,464.42,84.4,67.16
23.54,61.21,460.68,84.42,67.44
23.44,59.23,465.3,88.79,67.93
23.22,60.93,474.4,85.8,66.54
23.71,62.82,465.53,83.54,66.65
24.01,63.25,475.31,85.2,65.61
24.32,64.44,476.55,80.18,64.43
23.96,63.4,474.14,82.35,65.68
24.42,63.1,480.84,83.64,64.83
24.26,64.41,474.62,81.87,64.47
24.74,65.8,472.2,81.65,62.9
24.36,65.4,478,81.35,63.81
24.02,66.44,475.82,80.82,63.96
23.62,67.04,475.66,81.07,64.24
23.78,65.12,474.72,80.56,65.09
23.52,64.74,468.06,82.2,65.55
23.26,66.53,464.18,81.31,64.43
23.61,68.36,458.5,79.94,64.12
23.14,66.84,457.4,81.48,64.3
22.73,67.22,457.21,80.43,63.39
23.18,66.27,465,81.23,64.41
23.34,65.02,456.61,81,65.5
23.36,64.74,446.7,81.56,65.97
23.28,64.03,449.55,83.75,66.03
23.37,63.7,439.78,82.82,66.63
23.6,61.97,439.87,84.49,67.78
23.14,60.84,448.77,84.97,67.24
23.63,59.35,451.81,85.35,68.66
23.97,57.94,459.87,91.8,68.88
24,57.27,463.79,91.92,69.04
23.77,57.94,457.86,90.36,69.24
23.95,59.29,457.24,86.24,68.39
24.36,61.29,465.94,84.96,66.35
24.07,60.34,459.87,86.81,67.5
24.17,58.63,461.03,89.01,68.2
24.66,57.55,469.5,85.33,67.68
24.62,57.1,467.92,102.35,67.72
24.81,56.6,469.3,99.47,67.58
24.52,56.15,476.4,101.38,68.15
24.42,54.41,471.28,101.24,69.48
23.98,55.32,463.98,100.54,69.93
24.39,55.37,462.08,100.65,69.28
24.33,55.98,466.77,100.28,68.92
23.96,55.8,470.15,100.61,69.59
24.27,55.61,473.32,100.53,69.06
24.09,56.72,466.51,94.89,69.07
23.83,56.07,463.31,102.02,69.77
23.47,57.02,466,100.42,68.75
23.68,56.76,460.84,100.02,69.4
23.62,56.03,456.86,100.77,69.66
23.85,56.08,456.35,100.04,69.94
23.51,54.58,446.99,100.32,70.5
23.61,53.09,449.5,99.2,71.31
23.87,52.75,442.48,98.4,72.08
23.39,54.5,439.75,100.81,70.53
22.97,54.48,434.13,100.57,69.89
22.74,56.44,436.61,98.88,68.5
22.61,57.04,439.12,100.76,67.8
22.42,55.79,434.14,100.72,68.06
22.64,53.82,433.73,100.05,69.53
22.49,55.75,426.77,101.02,68.47
22.61,53.91,423.98,100.01,69.7
22.78,55.38,423.56,100.35,69.42
22.59,55.37,419.54,102.23,69.11
22.49,54.46,412.41,101.05,69.49
22.17,55.36,415.15,101.28,68.21
22.43,54.32,407.23,101.08,69.6
22.4,53.36,400.3,98.23,70.17
22.35,53.3,403.11,98.51,70.01
21.93,53.85,398.89,100.08,68.71
22.17,53.58,398.95,95.32,69.59
21.68,53.08,397.28,99.28,68.33
21.6,52.56,403.48,97.9,68.16
21.21,53.93,401.85,100.07,66.28
21.59,55.91,407.17,100.69,66.52
21.77,54.24,413.62,100.75,67.54
21.53,55.31,416.53,102.11,66.31
21.69,55.93,411.98,101.24,66.68
21.94,57.86,419.78,91.61,66.49
21.94,57.33,422,92.89,66.64
22.38,58.47,424.05,89.13,67.33
21.98,58.73,425.32,88.61,66.13
22.09,59.74,424.03,86.04,66.06
22.31,61.42,422.43,85.45,65.93
22.57,62.17,432.15,84.93,65.95
22.54,62.24,438.23,83.15,65.69
22.8,62.4,440.07,83.92,66.17
22.95,60.42,432.44,84.99,67.52
23.44,59.36,438,86.01,68.78
23.6,60.1,438.16,85.4,68.65
23.59,59.76,433.21,86.98,68.94
23.39,57.95,441.04,91.15,69.12
23.18,58.24,431.44,90.22,68.88
23.07,57.42,438.64,93.2,68.82
22.78,56.56,435.41,97.37,68.58
22.35,54.57,440.83,100.24,68.23
22.25,52.98,446.46,96,68.62
21.82,53.68,436.56,99.38,67.3
22.09,53.38,438.71,95.22,68.27
21.93,54.22,437.71,99.1,67.38
22.23,55.12,446.09,101.39,67.48
22.46,53.77,448.94,99.43,68.66
22.94,52.82,438.99,98.34,70.48
22.97,53.53,445.8,96.1,70.11
22.51,53.29,447.84,98.5,69.05
22.3,51.38,445.31,86.36,69.67
22.62,52.17,451.57,96.32,69.72
22.52,51.09,442.92,92.03,70.33
22.05,52.51,451.94,97.12,68.09
21.9,52.45,454.97,97.51,67.57
22.28,51.74,453.14,97.59,69.01
21.98,49.86,446.68,90.94,69.21
22.32,50.75,444.31,89.58,69.95
22.13,49.28,442.84,85.49,69.49
22.3,50.27,433.01,91.83,70.46
22.46,49.63,425.35,90.95,70.98
22.25,49.53,425.15,84.75,70.54
21.76,48.54,430.02,87.51,68.34
21.93,50.04,436.86,91.26,69.37
21.77,49.41,433.61,85.38,68.84
22.18,48.51,432.89,88.33,69.45
21.69,50.39,428.12,90.41,68.78
21.54,48.56,425.12,87.59,67.8
21.21,50.01,424.68,91.57,67.22
21.49,51.46,425.44,86.26,67.83
21.62,51.4,422.48,85,68.43
22.1,49.72,418.24,92.02,70.3
22,48.51,421.53,88.31,69.27
21.83,46.93,426.96,89.94,67.71
21.41,45.3,417.72,89.77,65.7
21.39,45.25,409.85,89.98,65.7
21.59,43.31,406.76,89.14,65.47
21.7,42.2,412,89.36,65.03
21.68,41.94,402.62,90.48,65.11
21.94,41.07,401.24,90.09,65.47
21.59,40.7,406.97,90.07,63.99
21.98,40.59,403.18,89.34,65.29
21.78,42.37,405.94,89.96,65.58
22.04,43.26,401.98,90.41,66.99
21.72,41.48,392.81,89.02,65.33
22.14,39.76,384.39,89.79,65.85
22.51,38.58,379.19,90.09,66.36
22.22,38.01,377.43,88.93,65.33
21.88,37.75,387.11,90.05,63.84
21.9,39.56,388.74,88.98,64.89
21.85,40.41,379.25,89.28,65.46
22.05,39.95,374,90.2,66
21.68,39.09,370.33,90.39,64.45
21.98,40.31,369.3,89.43,66.14
21.55,38.84,361.13,89.33,64.12
21.23,40.55,370.48,88.69,63.76
21.06,42.53,379.76,89.31,63.96
20.79,42.19,373.34,90.01,62.94
20.29,44.03,377.5,89.19,61.88
20.02,42.68,372.64,89.66,60.07
20.15,41.6,380.67,89.86,59.76
20.14,41.61,373.08,89.85,59.76
20.33,43.04,368.64,89.68,61.72
20.35,42.79,371.28,89.07,61.6
20.26,43.74,362.97,89.12,62.02
20.1,43.11,369.96,90.51,60.72
19.94,41.13,363.67,90.19,59.08
20.17,42.11,362.75,90.19,60.69
19.79,42.16,356.94,90.32,59.21
19.88,40.85,356.71,90.34,58.81
19.58,42.14,358.84,88.88,58.17
20,42.61,362.29,89.21,60.23
19.85,43.72,366.79,90.34,60.07
20.29,44.91,357.04,89.67,62.98
20.55,44.79,363.49,90.53,63.78
20.41,43.84,365.42,89.1,62.65
20.78,44.24,358.88,89.45,64.54
20.63,44.93,353.55,90.68,64.47
21.13,43.12,349.86,88.89,65.51
20.79,41.24,349.73,88.79,63.15
20.39,40.51,346.19,89.66,61.2
20.7,38.93,341.28,88.75,61.7
20.88,37.91,349.01,89.63,61.54
21.08,37.58,351.47,89.82,62.03
21.39,37.86,345.55,90.28,63.53
21.57,39.83,341.32,89.12,65.42
21.42,38.2,336.38,89.55,64.12
21.71,39.39,339.65,89.87,65.63
21.65,38.83,343.11,90.03,65
21.94,37.96,335.21,89.79,65.68
21.53,39.8,333.92,89.56,65.49
21.75,38.07,337.4,90.46,65.05
21.9,38.2,346.83,89.3,65.33
22.01,37.66,341.45,90.34,65.53
21.7,37.93,336.65,89,64.89
21.37,37.65,340.35,89.42,63.47
21.82,39.22,331.79,89.1,66.15
22.21,38.55,332.86,90.64,66.9
22.32,38.56,339.5,90.3,67.01
21.84,37.82,346.88,88.68,65.01
21.96,37.38,343.93,89.73,65.18
22.3,37,334.72,88.95,66.23
21.86,35.32,342.9,90.24,63.72
21.4,36.46,336.93,89.34,63.01
21.35,34.52,339.41,88.69,61.68
21.55,34.9,338.12,90.64,62.57
21.29,33.44,328.74,90.54,61.1
21.16,33.54,326.2,88.72,60.76
21.61,32.14,319.93,89.9,61.75
21.59,32.96,311.55,89.57,62.39
22.03,34.44,313.95,90.3,64.62
22.29,33.69,319.28,90.37,64.78
22.7,34.08,319.09,89.92,66.14
22.37,35.89,316.94,89.56,66.37
22.12,37.8,323.82,90.12,66.48
21.95,36.33,314.68,89.33,65.44
22.3,34.78,311.17,89.87,65.68
21.85,32.78,313.1,89.83,63.13
21.81,32.84,312.34,90.34,63.13
21.52,33.03,319.67,90.42,61.92
21.03,33.32,326.74,89.11,60.15
21.41,35.16,317.39,89.49,62.89
21.09,33.31,327.07,89.14,60.34
20.91,33.35,327.26,89.68,59.71
20.57,34.57,324.51,89.27,59.11
20.85,35.07,330.82,89.52,60.35
20.43,36.91,329.18,89.3,59.77
20.6,37.47,336.63,89.03,60.58
20.86,37.52,337.01,89.52,61.58
20.87,38.24,327.8,88.78,62.36
20.43,39.22,336.34,89.63,60.9
20.63,37.55,345.84,88.9,60.45
20.94,39.3,339.58,88.87,62.91
20.96,39.99,342.54,89.81,63.22
20.67,41.71,336.8,90.08,63.32
20.84,41.1,334.1,89.16,63.72
20.71,43.02,341.82,88.74,64.06
21.19,43.6,347.31,89.46,66.07
21.51,44.32,340.94,88.9,67.81
21.83,44.35,347.49,89.75,68.6
21.97,42.51,342.07,89.55,68.18
21.89,41.39,347.18,89.9,67.11
21.58,41.09,340.36,89.58,66.19
21.58,41.2,334.78,89.61,66.41
21.16,42.1,337.97,89.41,65.35
20.68,40.13,333.22,88.86,62.54
20.98,39.19,331.74,88.98,63.24
21.03,37.93,324.93,90.59,62.83
21.06,38.15,322,90.37,63.16
21.08,38.37,327.95,89.13,63.24
20.85,36.47,321.59,90.41,61.43
21.34,36.8,326.07,89.8,63.32
20.9,35.75,316.2,89.54,61.4
21.36,34.14,316.46,89.73,62.13
21.3,34.79,323.33,89.52,62.1
21.04,34.54,331.79,89.38,60.75
21.21,33.7,333.89,89.31,60.85
21.14,32.94,326.89,90.62,60.3
21.42,34.62,332.87,89.13,62.16
21.6,35.28,326.48,88.81,63.35
21.2,34.06,325.07,90.18,61.27
20.96,32.59,321.45,90.45,59.56
20.7,34.21,328.3,89.8,59.33
20.39,32.36,338.28,89.16,56.65
20.41,33.39,338.37,88.82,57.34
20.27,31.67,337.92,88.84,55.77
20.35,30.71,337.83,90.1,55.49
20.64,31.54,331.77,88.86,57.39
20.72,30.11,339.54,88.78,56.69
20.69,30,341.06,88.92,56.44
20.4,31.27,335.18,89.51,56.16
19.98,32.69,338.75,90.55,55.05
20.23,31.25,332.96,90.3,55.43
19.82,33.16,329.11,89.08,54.9
19.8,32.18,333.72,90.18,54.1
20.27,33.97,338.57,90.05,57.08
20.02,34.79,338.21,90.39,56.46
20.38,36.54,347.59,90.64,58.73
20.22,36.94,348.73,89.9,58.26
20.4,35.13,357.68,89.47,57.72
20.74,36.28,361.09,88.7,59.73
20.47,35.93,353.91,89.88,58.57
20.1,34.41,360.09,90.35,55.92
20.52,36.06,355.46,90.16,58.86
20.42,34.98,355.67,90.48,57.73
20.36,35.23,349.06,89.69,57.87
19.99,36.57,347.45,90.38,57.1
19.94,35.22,344.38,90.21,56.17
20.04,35.6,353.58,90.11,56.57
20.14,35.36,363.53,89.8,56.55
19.77,34.35,359.68,90.61,54.4
20.09,36.26,360.07,90.26,56.94
20.14,37.26,357.33,88.93,57.88
19.89,38.44,361.53,89.38,57.31
19.39,36.79,366.18,88.79,53.93
19.7,34.93,371.43,89.31,54.06
19.72,33.67,379.02,89.01,53.23
19.66,33.52,372.98,90.07,53.04
19.5,32.41,376.04,89.52,51.56
19.49,33.91,376.31,89.42,52.35
19.81,32.99,383.9,89.74,53.08
19.34,34.81,387.25,90.09,51.86
19.74,35.4,395.25,89.77,53.87
19.61,34.2,401.85,90.2,52.36
19.33,35.92,402.5,90.27,52
19.55,35.78,408.09,88.86,52.82
19.51,33.87,412.33,88.99,51.26
19.55,35.23,421.01,89.3,52.12
19.4,36.68,418.59,89.98,52.28
18.9,37.13,420.01,90.29,50.18
18.79,36.94,422.01,89.51,49.49
19.22,37.32,426.33,89.22,51.63
19.17,36.3,427.39,89.58,50.74
18.68,36.93,425.23,89.11,48.85
18.79,38.48,421.72,89.7,50.37
18.61,40.19,430,89.26,50.23
18.6,41.25,433.36,89.5,50.76
18.32,40.46,430.73,89.68,48.96
18,41.27,434.38,89.45,47.79
18,39.32,443.65,89.9,46.35
18,38.44,451.52,90.21,45.62
18,39.83,451.72,88.77,46.41
18.42,38.68,456.75,90.19,47.65
18.35,37.4,452.58,90.46,46.64
18.23,39.1,452.86,89.22,47.1
18.1,40.75,448.41,89.53,47.53
18.26,40.98,446.48,89.19,48.53
18,41.13,452.06,89.03,47.19
18.14,41.64,442.37,90.66,48.43
18.09,41,437.72,90.53,47.93
18,41.59,436.63,90.31,47.89
18.14,41.86,442.07,90.13,48.56
18.07,41.09,447.08,90.05,47.65
18,41.49,447.73,90.31,47.5
18,43.42,444.56,89.4,48.73
18,43.65,448.63,90.67,48.72
18.35,45.6,446.3,89.55,51.67
18,44.41,445.51,89.57,49.27
18,45.04,451.17,89.28,49.5
18.48,45.71,455.29,90.6,52.11
18.04,45.36,448.91,90.33,49.93
18,44.68,450.58,89.41,49.28
18.24,42.71,446.99,88.79,49.42
18.63,44.08,451.81,90.43,51.98
19.04,43.04,446.29,89,53.52
19.34,44.26,443.46,89.32,55.76
18.9,45.65,440.97,89.52,54.55
19.33,46.15,444.22,89.58,56.78
19.15,46.17,439.19,88.87,56.16
19.59,47.74,444.87,89.27,58.94
19.5,46.56,439.5,88.75,58
19.88,45.18,436.22,90.25,58.95
19.67,45.76,426.23,88.81,58.69
19.49,44.84,429.46,88.8,57.26
19.11,43.96,423,90.38,55.06
18.63,43.25,421.52,89.48,52.39
18.9,41.38,419.06,90.27,52.71
18.84,43.3,422.16,88.7,53.46
19.1,44.57,425.23,88.76,55.33
18.61,44.83,422.01,90.02,53.25
18.19,44.83,412.87,89.69,51.46
18.41,44.76,418.61,89.79,52.3
18.02,43.11,422.13,90.21,49.28
18,43.95,422.16,90.39,49.7
18,42.85,417.02,90.19,49.23
18.18,43.4,422.86,89.59,50.27
18.27,42.62,430.95,89.17,50.05
18.01,43.6,431.06,89.21,49.26
18.33,42.56,422.15,88.74,50.29
18.12,43.74,427.82,89.11,50
18,42.11,423.97,90.58,48.55
18.49,40.4,426.15,89.45,49.88
18.13,41.84,422.23,89.28,49.14
18.59,43.69,429.01,90.22,52.27
18.12,43.8,428.15,90.22,50
18,45.1,419.41,88.86,50.51
18.49,45.41,424.99,88.79,52.9
18.06,43.41,418.68,88.91,49.79
18.44,41.48,419.44,90.01,50.53
18,42.9,425.87,89.82,49
18.4,42.84,420.42,89.03,51.07
18.3,41.35,427.55,88.87,49.52
18.5,40.5,436.46,89.29,49.74
18.95,40.7,442.65,90.65,51.83
18.97,42.57,437.21,89.61,53.17
19.16,43.16,433.87,90.24,54.54
18.77,42.75,425.5,90.65,52.67
18.78,42.24,425.45,89.65,52.44
19.26,42.24,418.96,90.37,54.94
18.99,43.23,413.16,89.04,54.41
19.3,43.42,411.65,89.1,56.02
19.25,43.84,413,90.41,56
19.35,45.58,403.32,88.74,57.84
18.91,46.95,405.61,89.78,56.46
18.54,47.18,398.53,90.68,54.97
18.18,46.41,398.97,90.27,52.73
18.66,46.62,395.77,90.68,55.3
19.1,47.64,400.54,89.51,57.91
19.41,47.89,395.77,89.34,59.43
19.64,49.11,404.37,85.2,61.25
19.54,49.64,403.23,90.46,61.06
19.69,51.39,409.83,86.44,61.36
19.65,51.87,408.09,96.81,60.63
19.22,51.34,413.54,84.79,59.03
18.86,52.19,416.92,97.34,56.75
18.41,50.57,412.3,90.19,55.32
18.49,49.59,405.79,91.74,55.89
18.53,50.59,401.03,91.03,56.13
18.21,49.64,399.25,91.67,54.71
18.52,50.88,403.66,91.34,55.97
18.29,50.92,394.61,92.12,55.08
18.7,51.35,401.19,86.22,56.69
18.93,50.01,393.1,90.87,58.68
19.35,50.17,394.77,90.65,60.26
19.53,49.47,393.77,86.32,61.02
19.77,48.62,389.44,87.86,61.97
20.14,49.13,380.34,86.3,64.23
19.8,49.32,388.99,86.1,62.52
19.44,50.21,385.69,91.41,61.2
19.78,49.08,381.14,85.91,62.56
20.19,49.61,381.24,90.24,64.59
19.7,50.61,381.74,89.83,62.45
19.75,50.32,377.74,91.11,62.86
20.03,49.99,385.53,91.82,63.97
20.28,50.57,380.83,89.86,64.97
20.45,50.28,383.75,90.81,65.66
20.61,50.9,391.55,91.56,65.82
20.31,51,390.48,90.36,64.6
19.88,50.15,384.81,90.34,63.3
20.02,50.39,380.5,89.44,63.95
20.04,51.05,376.39,90.8,63.87
19.79,49.32,370.83,85.23,63.08
19.38,50.52,374.22,90.53,61.18
18.89,50.66,377.95,89.75,58.71
18.87,50.89,372.83,92.25,58.63
19.14,52.63,378.57,99.14,58.84
18.74,50.92,380.34,90.98,57.76
18.77,51.57,372.09,94.2,57.79
18.82,52.76,379.67,98.3,57.26
18.48,53.27,387.92,98.23,55.11
18.57,53.31,390.25,99.63,55.47
18.87,52.23,389.66,97.1,57.55
18.39,53.34,392.1,99.45,54.53
18.76,52.27,401.49,97.3,56.55
18.77,51.24,401.77,86.34,57.2
18.53,52.67,404.36,98.43,55.11
18.12,52.21,398.4,97.71,53.49
18,53.04,404.02,99.82,52.31
18,54.37,395.85,100.6,52.03
18,53.89,395.96,100.05,52.25
18.1,54.36,388.03,100.93,52.75
18,53.7,392.75,99.83,52.42
18,55.51,391.21,100.61,51.65
18,57.14,396.73,91.9,50.99
18.29,56.84,394.71,101.88,52.42
18.35,56.43,400.12,97.51,52.83
18.17,56.66,392.11,95.99,52.09
18,55.82,389.58,101.36,51.61
18.15,57.49,384.86,91.81,51.95
18,57.26,377.45,91.74,51.53
18.05,56.4,377.45,97.56,52.03
18,56.08,377.37,100.66,51.86
18,56.4,375.44,98.15,52.07
18.35,55.81,370.84,100.01,53.87
18.66,56.05,369.76,101.1,55.34
18.29,57.39,361.43,92.53,53.38
18,57.83,363.25,90.85,51.77
18.01,56.75,358.87,100.01,52.18
18.28,56.58,350.87,97.43,53.86
18.7,57.39,358.03,92.98,55.53
18.4,55.61,363.06,100.44,54.43
18.54,54.67,362.86,100.77,55.24
19.03,52.72,371,98.55,58.59
18.75,52.61,373.36,98.19,57.15
18.99,54.5,370.6,101.14,57.62
18.56,55.39,369.69,100.48,55.1
19.05,53.57,375.6,96,58.25
18.62,52.61,370.05,97.15,56.68
19.06,51.79,363.44,97.81,59.32
19.44,52.73,367.55,99.36,60.59
19,54,370.47,99.01,57.86
18.65,55.09,364.72,100.18,55.49
18.71,56.24,363.36,101.89,55.73
18.77,55.24,366.8,100.58,56.32
18.87,55.13,363.1,100.84,56.95
18.61,57.11,360.72,102.89,54.99
18.37,55.78,350.85,101.94,54.52
18.43,56.95,350.79,100.34,54.28
18,58.84,356.68,88.18,51.59
18,56.92,359.42,102.14,52.01
18,56.72,369.03,94.07,51.99
18,55.34,367.84,100.94,52.41
18.06,53.45,358.69,95.13,53.91
18.44,53.53,355.72,96.18,55.84
18.23,53.36,352.25,99.45,54.91
18.27,53.77,359.05,99.71,54.75
18.58,55.52,363.63,101.32,55.34
18.28,56.44,369.49,97.88,53.36
18.67,54.81,375.06,101.8,55.73
18.34,53.01,368.39,96.48,55.14
18.76,54.23,369.57,101.59,56.6
18.84,54.65,374.76,100.68,56.64
18.57,55.99,379.2,102.36,54.7
18.43,57.39,371.19,91.99,53.6
18.4,55.67,372.64,100.11,54.16
18.76,57.43,369.37,91.57,55.5
18.72,56.12,360.92,100.6,55.88
19.16,57.48,356.09,91.24,57.83
19.5,58.3,361.69,91.14,58.87
19.3,59.4,367.13,86.59,57.43
19.75,59.63,365.95,86.19,59.41
19.45,60.46,360.58,85.36,57.47
19.05,61.05,362.26,85.45,55.72
18.57,60.2,364.95,85.43,53.67
18.97,60.22,364.27,86.81,55.63
18.67,58.92,367.71,89.28,54.55
18.22,60.24,373.57,87.17,51.58
18.49,60.34,379.41,86.69,52.74
18.65,59.45,378.28,87.46,53.95
18.88,59.25,378.54,87.68,55.14
18.43,60.85,383.23,86.31,52.1
18.33,60.14,376.4,86.93,52.1
18.77,61.04,383.62,84.87,53.77
18.47,59.25,380.75,87.34,53.05
18.9,58.46,376.66,88.91,55.59
18.41,57.78,374.88,90.64,53.42
18.45,56.92,373.88,101.68,53.81
18.37,57.1,379.69,101.83,53.16
18,58.09,383.43,91.24,51.05
18,57.7,390.41,92.31,50.94
18.18,55.71,385.19,101.18,52.65
18.13,54.7,389.17,100.6,52.76
18,56.66,394.77,96.04,51.2
18.13,57.77,384.89,92.57,51.77
18,56.72,375.3,94.17,51.79
18,57.4,370.48,93.05,51.65
18,59.24,371.68,88.11,50.97
18.23,57.3,378.77,92.77,52.58
18.61,55.92,378.51,100.96,54.92
18.79,54.05,383.77,99.4,56.42
18.73,55.08,382.41,101.49,55.75
18.24,54.66,386.96,100.33,53.33
18,56.33,390.07,102.44,51.4
18.09,57.33,390.43,92.91,51.59
18.59,56.25,398.28,101.9,54.12
18.65,56.37,399.89,101.06,54.18
18.97,57.49,402.49,92.36,55.43
18.53,56.87,411.63,100.82,53.14
18.39,57.57,419.56,92.6,52.08
18.63,57.9,423.34,90.83,53.03
18.9,59.66,423.76,86.55,53.75
19.28,61.2,431.69,84.85,54.65
18.9,60.71,422.21,85.75,53.34
18.67,62.53,421.63,82.89,51.58
18.76,63.67,428.54,82.35,51.36
18.38,63.91,438,82.61,49.1
18,63.68,441.89,83.2,47.11
18,61.82,437.29,83.42,48.2
18.35,60.98,443.38,86.05,49.89
18.17,61.11,451.15,84.71,48.74
18.27,62.83,460.97,83.68,48.23
18,63.75,470.17,82.7,46.24
18,64.23,473.22,83.18,45.92
18.35,64.15,464.71,81.19,48.06
18.17,66.06,468.28,81.72,46.26
18.14,65.48,462.64,79.98,46.53
18.18,65.89,454.46,82.2,46.75
18.15,66.71,461.77,78.15,46.15
18,65.19,464.54,81.19,45.87
18,63.87,457.85,83.81,46.55
18.13,65.08,450.81,80.93,46.97
18,64.08,450.7,83.06,46.68
18,64.89,448.2,79.18,46.52
18.2,64.85,449.16,81.29,47.45
18.43,62.96,446.97,83.1,49.37
18.1,64.89,442.36,80.56,47.2
18.2,65.84,435.67,82.05,47.47
18,64.68,427.47,80.96,47.21
18.46,64.51,417.66,80.09,49.89
18.95,62.64,424.18,83.03,52.77
19.43,61.91,432.83,83.93,55.08
19.49,60.99,430.32,84.44,55.8
19.32,59.95,424.28,87.5,55.57
19.46,58,430.9,91.37,56.77
19.58,58.21,422.22,90.75,57.46
19.78,59.41,415.48,88.09,58.12
19.96,57.93,424.69,91.11,59.2
19.78,56.49,417.7,98.64,59.07
19.83,55.8,421.77,100.91,59.4
19.79,55.42,419.14,100.15,59.46
19.44,56.47,428.36,98.48,57.17
19.48,57.71,425.41,91.03,57.14
19.53,56.45,427.79,98.83,57.66
19.73,54.69,426.42,100.05,59.24
19.89,53.4,428.44,95.88,60.55
20.27,52.84,434.07,97.77,62.23
20.01,51.89,442.51,96.84,61.32
19.6,51.1,451.08,90.51,59.63
19.99,52.51,444.48,97.35,60.84
19.83,52.04,443.52,97.51,60.4
19.52,52.39,442.75,98.83,58.84
19.43,54.01,434.55,99.22,57.97
19.6,54.5,430.62,101.39,58.63
19.5,56.31,426.28,102.47,57.58
19.6,54.67,421.67,100.96,58.86
19.23,55.3,413.93,100.47,57.04
18.91,54.26,414.68,101.39,55.96
18.78,54.41,424.65,101.15,55
18.65,53.22,422.78,98.63,54.96
18.32,52.8,422.43,99.16,53.52
18.58,51.6,412.91,94.12,55.65
18.29,50.11,404.21,91.69,55.13
18,49.6,411.72,90.89,53.33
18,51.12,418.62,91.28,52.85
18,50.4,428.3,90.68,52.88
18,51.3,430.93,85.37,52.56
18.32,53.26,433.97,99.91,52.95
18.57,51.91,428.74,97.6,54.9
18.73,51.82,422.24,97.53,55.95
18.4,52.75,422.42,99.28,53.92
18.46,51.58,420.9,94.76,54.84
18.39,52.53,425.11,97.8,53.85
18.69,52.16,429.17,97.27,55.4
18.46,51.7,432.83,97.11,54.37
18.01,51.93,430.04,96.26,52.13
18.05,52.79,430.27,99.44,51.93
18.22,51.9,426.55,97.77,52.97
18.22,52.28,425.3,97.9,53.14
18,52.18,417.16,98.74,52.32
18,54.12,412.72,99.78,51.63
18.43,55.85,406.03,100.72,53.24
18.52,57.45,414.88,91.47,52.9
18.42,58.95,413.68,87.85,51.9
18.28,59.9,405.22,86.14,51.12
18.37,60.95,412.18,85.2,50.85
18.3,59.58,419.46,86.25,50.93
18.44,58.45,419.66,89.24,52.05
18.3,58.27,425.81,90.94,51.22
18.36,56.52,416.6,97.5,52.39
18.65,57.85,424.86,90.59,53.14
18.71,58.06,418.82,91.4,53.5
18.93,56.48,412,98.72,55.3
18.49,57.46,417.39,92.16,52.65
18.51,56.59,422.89,97.81,52.89
18.33,57.01,422.87,102.59,51.73
18.04,56.76,422.41,100.03,50.27
18,58.69,412.78,89.9,49.95
18,57.36,418.65,92.27,50.24
18,55.6,426.27,101,50.6
18.11,54.09,424.5,99.59,51.85
18.35,55.02,424.3,101.19,52.64
18.46,53.92,415.13,100.08,53.91
18.16,54.18,424.74,99.54,52.02
18.64,55.43,431.44,102.14,53.25
18.81,53.58,434.34,95.1,55.3
18.96,51.93,428.03,97.87,56.81
19.05,50.18,419.23,91.58,58.37
19.11,50.67,413.29,89.73,58.7
18.9,49.4,412.34,85.29,57.72
19.02,50.74,408.62,91.33,58.29
19.1,49.95,410.21,90.95,58.92
19.22,48.65,412.17,87.4,58.76
19.69,46.71,408.72,89.8,59.87
19.63,45.37,415.77,90.11,58.58
19.46,45.15,409,89.47,57.87
19.94,43.44,416.46,90.24,58.82
20.25,44.25,415.02,89.42,60.71
20.45,45,417.58,89.25,61.91
20.73,46.32,409.76,88.76,64.06
21.21,44.82,410.22,89.4,64.96
21.03,43.68,409.11,90.66,63.68
20.92,42.11,407.52,89.03,62.42
21.13,40.99,399.17,88.74,62.82
20.91,41.3,401.22,89.64,62.07
20.45,43.25,397.96,89.16,61.5
20.8,41.91,399.47,88.98,62.04
21.28,41.41,391.9,89.96,63.77
21.39,40.27,385.19,89.81,63.71
21.66,41.34,377.74,90.33,65.45
22.07,43.16,383.57,90.34,67.56
21.98,41.63,380.87,89.95,66.54
22.1,40.09,390.66,89.13,65.74
22.44,41.99,400.03,90.22,67.47
22.88,42.39,392.77,89.18,69
23.09,44.06,401.76,89.69,70.13
22.6,43.62,396.98,89.9,68.9
22.88,43.04,397.99,89.71,69.24
22.39,41.35,406.26,89.12,66.83
22.16,42.08,405.53,89.17,66.62
22.64,43.14,399.34,90.39,68.63
22.51,42.49,395.62,89.85,68.05
22.89,44.36,394.31,89.75,70.08
22.45,45.67,393.46,90.03,69.75
22.91,44.17,396.15,90.55,69.94
22.68,42.22,404.94,89.08,68.08
22.74,42.08,404.61,89.18,68.14
23.19,41.42,406.76,90.22,68.73
22.8,40.91,415.1,89.48,67.31
23.28,42.47,405.32,89.05,69.55
23.24,44.47,412.78,88.86,70.32
23.35,46.15,417.79,90.08,71.34
23.04,44.62,410.34,88.96,70.1
23.36,44.17,404.91,90.59,70.6
22.87,44.86,404.02,90.4,70.03
22.57,45.88,404.41,88.73,69.86
23.02,45.84,394.58,88.74,71.18
23.42,46.76,400.73,90.43,72.3
23.82,47.84,392.77,90.1,73.81
24.27,46.93,394.56,90.66,73.24
23.84,47.52,389.98,89.15,73.75
24.18,47.82,395.47,89.51,73.8
24.2,48.92,402.46,93.66,73.94
24.35,49.75,412.38,91.5,73.87
24.83,49.63,413.73,92.17,72.89
24.88,49.8,415.52,90.23,72.81
24.84,51.49,423.18,94.98,71.84
25.15,49.72,414.78,91.75,72.18
25.13,48.69,418.72,91.02,71.66
24.7,46.8,420.99,88.82,71.67
24.34,47.41,423.17,90.01,72.54
24.15,47.72,423.41,89.21,72.97
23.66,49.63,416.4,91.66,73.74
23.35,48.7,419.89,87.79,72.67
23.21,48.37,412.31,87.59,72.46
23.04,49.5,420.37,84.41,72.55
23.23,48.63,429.27,87.32,72.17
22.93,47.84,434.65,89.37,70.89
22.52,48.81,434.65,86.28,70.54
22.61,50.54,437.74,90.87,70.98
22.69,50.35,443.15,90.93,71.09
23.04,48.65,441.82,87.71,71.42
23.36,48.53,449.74,88.31,71.7
23.37,48.04,444.91,88.86,71.57
23.45,48.7,452.11,86.88,71.92
23.67,49.26,456.77,85.75,72.46
23.65,50.82,447.31,91.35,72.67
23.19,49.1,447.81,85.5,71.81
22.72,47.63,450.88,89.68,69.77
22.9,46.28,447.45,89.32,69.55
22.96,45.65,443.84,90.13,69.43
23.34,45.03,442.85,89.47,69.91
22.92,44.23,447.11,88.7,68.48
22.71,45.19,452.81,88.92,68.41
23.07,45.18,448.42,89.07,69.31
23.23,43.39,444.6,88.71,68.76
23.68,44.66,454.45,89.07,69.99
24.09,43.5,456.49,89.17,69.97
24.57,43.41,447.36,89.27,69.57
24.85,43.84,438.05,89.73,69.53
24.77,45.73,445.69,90.58,70.31
24.51,46.84,445.13,90.23,71.29
24.89,45.14,449.01,90.16,69.7
24.82,45.09,445.48,90.65,69.92
24.94,44.78,448.5,89.76,69.47
24.91,43.56,442.66,89.88,69.15
24.87,45.27,447.82,90.5,69.84
25.24,43.54,439.88,90.09,68.55
24.78,44.84,442.23,90.13,69.97
24.59,44.69,433.22,89.36,70.56
25.09,45.94,431.7,90.6,70.16
25.3,46.98,436.29,89.36,70.04
25.04,46.16,432.74,89.38,70.33
25.41,44.9,433.6,89.39,68.93
25.03,43.81,439.23,89.78,69.11
25.38,45.52,448.49,89.88,68.78
25.13,45.67,453.44,89.35,69.32
25.15,43.94,450.88,90.14,68.56
25.47,42.03,457.02,89.29,66.82
25.91,43.25,453.63,88.96,66.29
26,44.35,445.66,89.02,66.75
26.49,43.41,447.55,90,64.75
26.47,44.39,439.27,90.44,65.48
26.17,46.1,441.31,89.9,67.11
25.99,47.97,434.11,88.76,68.68
26.39,46.23,430.55,90.18,66.79
26.39,44.59,439.43,89.57,65.84
26.77,45.21,435.36,90.41,64.89
27.16,44.16,437.13,89.98,62.99
26.72,42.5,432.53,90.55,64.04
26.6,40.97,441.65,90.36,63.58
26.11,41.47,437.08,90.03,65.45
26.25,42.24,437.22,89.92,65.38
26.56,41.57,428.47,89.59,64.41
26.92,42.65,422.23,90.38,63.75
27.41,41.2,420.33,89.44,61.35
26.96,40.17,418.36,90.48,62.73
27.03,39.71,417.76,88.79,62.32
27.15,38.87,422.71,90.57,61.34
27.22,39.47,421.39,89.45,61.4
27.21,38.27,423.78,89.73,60.9
27.32,36.38,414.4,89.94,60.06
26.97,37.94,411.92,89.31,62
27.04,39.85,411.47,90.17,62.53
27.4,40.01,420.83,88.93,60.98
27.32,38.2,428.56,89.96,60.29
27.69,38.12,437.56,90.28,58.5
27.5,38.83,435.26,89.66,59.64
27.87,40.09,442.81,89.27,58.32
28.3,39.93,448.5,90.18,56.21
28.38,40.53,453,90,55.9
28.6,39.37,458.57,89.44,54.31
28.17,40.77,462.67,89.95,56.7
28.03,38.91,464.74,90.58,56.53
27.73,38.86,460.8,90.68,57.99
27.81,37.04,468.8,90.54,56.69
27.89,35.17,476.48,89,55.44
27.63,34.7,482.79,90.09,56.14
27.68,35.24,478.79,89.01,56.27
28.11,35.86,470.74,90.51,54.89
28.26,36.2,478.03,89.3,54.17
27.85,34.46,486.98,90.67,55.03
27.55,33.33,492.58,89.36,55.65
27.7,32.34,483.78,89.26,54.95
27.35,31.9,482.34,89.81,56.11
27.64,33.62,486.69,90.56,55.54
27.58,33.65,478.49,90.57,56.06
27.68,34.01,484.2,90.04,55.63
27.23,32.89,492.99,89.95,56.63
27.31,34.73,486.59,90.43,57.23
27.76,32.77,483.93,89.79,54.87
28,31.51,482.1,89.66,53.45
28.15,31.6,489.02,90.31,52.65
28.27,30,496.48,89.99,51.3
28.11,31.98,495.3,89.65,52.79
28.6,31.04,489.86,90.13,50.4
28.98,30,487.45,88.86,48.4
29.01,30,489.08,89.67,48.4
28.54,30.8,498.73,90.62,50.32
28.54,32.36,499.13,88.8,50.91
28.79,31.53,495.35,89.56,49.51
28.38,31.35,493.18,90.11,51.4
28.17,32.68,500,90.51,52.58
28.24,32.22,494.19,89.94,52.31
28.31,32.56,494.39,90.04,52.12
28.48,30.58,499.87,89.83,50.5
28.66,31.54,495.13,90.13,50.14
28.33,31.59,492.34,88.93,51.77
28,33.4,485.95,88.79,54.02
27.62,31.79,485.85,89.19,54.96
28.03,32.81,487.77,89.88,53.6
28.01,34.47,485.37,89.72,54.38
28.01,35.08,483.69,89.16,54.7
28.16,37.03,488.71,90.5,54.57
28.4,36.53,498.08,88.74,53.07
28.59,36.13,500,89.67,51.97
28.7,35.65,500,90.17,51.25
29,34.59,500,89.84,49.45
28.65,35.98,499.01,90.23,51.61
28.74,37.42,500,89.17,51.72
28.84,37.36,500,88.85,51.2
29.2,38.75,497.27,89.89,49.96
29.33,36.92,500,89.21,48.63
29.18,36.74,500,89.41,49.28
28.81,34.75,500,89.74,50.43
28.54,35.98,500,89.68,52.12
28.46,36.06,500,88.99,52.57
28.55,36.73,500,89.12,52.33
28.58,36.48,500,90.11,52.14
28.26,35.93,493.39,90.61,53.58
28.27,35.21,488.92,90.2,53.38
28.41,37.2,488.1,89.95,53.53
28.28,35.52,492.08,88.9,53.42
28.57,36.2,495.16,89.76,52.2
29.04,36.54,494.9,90.59,50.06
28.89,34.55,500,90.14,49.97
28.75,32.95,500,89.26,50.07
28.54,33.15,495.76,89.62,51.26
28.86,31.24,500,89.39,48.98
28.43,30.15,500,89.02,50.54
28.02,30,500,89.92,52.25
27.83,30,494.6,89.49,53.2
27.56,30.41,491.16,90.14,54.49
27.6,31.66,483.12,89.87,55.09
27.92,31.31,480.58,90.29,53.71
28.21,33.3,488.77,90.43,53
28.34,32.62,495.36,89.49,52.13
28.68,33.51,500,89.77,50.61
28.93,33.96,500,90.59,49.54
28.53,34.38,493.41,89.29,51.8
28.32,33.93,489.01,89.89,52.72
28.29,32.18,497.11,89.72,52.03
28.5,31.76,498.3,90.25,50.83
28.27,32.97,488.67,89.44,52.66
28.71,32.14,496.46,90.36,50.07
29.13,32.11,500,88.94,48
29.01,31.92,500,89.29,48.5
29.33,32.6,493.28,88.85,47.32
29.27,30.92,498.45,89.81,46.94
29.65,31.84,490.3,90.02,45.51
29.22,33.22,492.08,88.7,48.12
28.84,34.34,490.36,88.96,50.48
29.03,32.94,498.67,90.49,48.77
28.57,32.71,493.75,89.56,51
28.48,33.82,488.82,88.76,51.99
28.76,33.57,482.31,88.85,50.76
28.86,32.98,478.05,90.49,50.21
29.01,34.94,471.76,89.96,50.34
29,36.73,466.02,89.5,51.22
28.54,36.49,469.36,90.52,53.2
28.21,37.04,479.01,89.07,54.89
27.76,38.21,478.06,89.65,57.07
27.28,36.68,473.61,89.68,58.54
27.35,36.99,472.05,89.82,58.41
26.98,36.53,475.91,89.87,59.49
26.96,35.04,470.55,89.74,59.13
27.17,34.04,461.84,89.3,58.28
27.16,32.7,456.68,89.42,57.89
27.19,30.74,449.67,89.56,57.24
27.08,30.99,443.78,89.14,57.92
27.51,30,438,90.01,56.13
27.02,30,430.37,88.93,58.11
27.11,30,428.64,90.62,57.85
27.29,31.06,431.31,90.25,57.56
27.15,32.91,422.33,89.16,58.78
26.82,31.19,421.28,89.33,59.54
27.19,30,423.37,89.66,57.76
27.12,31.99,425.24,89.54,58.72
27.09,30.2,426.31,89.79,58.06
26.94,30.69,419.57,90.16,58.98
26.64,31.18,419.69,90.56,60.14
26.48,30,426.19,89.22,59.93
26.63,30,435.58,90.04,59.21
26.98,31.61,428.74,88.74,58.97
27.4,33.35,425.44,89,58.26
27.62,32.87,429.38,89.34,57.07
27.69,31.46,432.24,90.6,56.17
27.72,30.7,424.47,90.58,55.98
27.43,30.46,426,89.53,56.94
27.59,31.9,421.38,90.05,57.06
27.36,32.81,426.95,89.44,58.16
27.41,32.83,419.69,89.47,58.16
26.94,31.52,421.92,89.5,59.24
27.21,31.34,419.57,90.49,58.3
27.56,32.51,423.33,90.28,57.32
27.29,32.04,430,88.91,57.99
27.44,33.28,426.81,90.27,58
27.9,31.82,428.25,90.64,55.52