step,gt_occ,gt_win,pred_occ,pred_win,p_occ,p_win,err_base,err_occ,err_win,err_full
0,True,False,True,False,0.5319,0.4729,0.197759,0.125174,0.380434,0.186844
1,True,False,True,False,0.5603,0.4493,0.199731,0.125718,0.382124,0.187273
2,True,False,True,False,0.5857,0.4289,0.202391,0.126317,0.38407,0.187582
3,True,False,True,False,0.5962,0.4322,0.186476,0.137187,0.370933,0.149329
4,True,False,True,False,0.6021,0.449,0.16763,0.1463,0.369224,0.126323
5,True,False,True,False,0.6037,0.4614,0.169314,0.150655,0.380479,0.136143
6,True,False,True,False,0.6038,0.4702,0.177189,0.156794,0.393096,0.147308
7,True,False,True,False,0.6036,0.4769,0.180283,0.158139,0.396975,0.150947
8,True,False,True,False,0.6036,0.4833,0.17896,0.157456,0.395051,0.149245
9,True,False,True,False,0.6034,0.4914,0.170155,0.154866,0.387092,0.140974
10,True,False,True,True,0.6023,0.5003,0.163207,0.153917,0.38353,0.136164
11,True,False,True,True,0.6006,0.5093,0.157253,0.152501,0.378985,0.131875
12,True,False,True,True,0.598,0.5174,0.153405,0.151988,0.377037,0.130935
13,True,False,True,True,0.5978,0.5274,0.147977,0.159361,0.37293,0.120477
14,True,False,True,True,0.596,0.5344,0.141128,0.164274,0.374332,0.117569
15,True,False,True,True,0.592,0.5381,0.147631,0.16577,0.381542,0.1298
16,True,False,True,True,0.5885,0.5413,0.152523,0.168749,0.386864,0.134678
17,True,False,True,True,0.5858,0.5444,0.150739,0.172485,0.385265,0.132246
18,True,False,True,True,0.5839,0.5478,0.152256,0.171875,0.385821,0.132359
19,True,False,True,True,0.582,0.5504,0.152091,0.171477,0.386247,0.132889
20,True,False,True,True,0.5801,0.5524,0.153254,0.169712,0.388014,0.134717
21,True,False,True,True,0.5779,0.5537,0.152307,0.16981,0.387941,0.134922
22,True,False,True,True,0.5761,0.5548,0.152809,0.169375,0.388377,0.135337
23,True,False,True,True,0.5767,0.5581,0.156054,0.174037,0.389856,0.133311
24,True,False,True,True,0.5749,0.5587,0.153612,0.178429,0.394209,0.136239
25,True,False,True,True,0.5706,0.5564,0.158158,0.181429,0.401539,0.147189
26,True,False,True,True,0.5668,0.5543,0.165083,0.18507,0.409704,0.15426
27,True,False,True,True,0.5626,0.5516,0.165727,0.18635,0.412973,0.156903
28,True,False,True,True,0.5582,0.5485,0.167581,0.187382,0.416221,0.160394
29,True,False,True,True,0.5537,0.5452,0.163569,0.1863,0.413263,0.157942
30,True,False,True,True,0.5503,0.5428,0.165641,0.186758,0.414348,0.158541
31,True,False,True,True,0.547,0.5405,0.16506,0.186733,0.414356,0.158737
32,True,False,True,True,0.5447,0.5389,0.164171,0.186043,0.412289,0.156663
33,True,False,True,True,0.5446,0.5395,0.164998,0.18975,0.411182,0.152846
34,True,False,True,True,0.5439,0.5395,0.165,0.192088,0.414283,0.154316
35,True,False,True,True,0.5417,0.5378,0.169205,0.191917,0.418567,0.162074
36,True,False,True,True,0.5403,0.5369,0.172055,0.193517,0.420389,0.163807
37,True,False,True,True,0.5388,0.5358,0.173185,0.193244,0.422748,0.165566
38,True,False,True,True,0.536,0.5334,0.173334,0.194252,0.425965,0.169087
39,True,False,True,True,0.5337,0.5314,0.170634,0.19322,0.422383,0.166004
40,True,False,True,True,0.5322,0.5302,0.172971,0.193655,0.42414,0.16718
41,True,False,True,True,0.5304,0.5286,0.172018,0.193542,0.423981,0.167318
42,True,False,True,True,0.5295,0.528,0.171357,0.193454,0.421691,0.164993
43,True,False,True,True,0.5307,0.5293,0.172062,0.1976,0.419679,0.16143
44,True,False,True,True,0.5328,0.5316,0.171957,0.2021,0.418099,0.158721
45,True,False,True,True,0.5342,0.5332,0.174937,0.201432,0.422325,0.162607
46,True,False,True,True,0.5351,0.5342,0.174313,0.203868,0.422508,0.162902
47,True,False,True,True,0.5358,0.535,0.175591,0.202647,0.424262,0.164325
48,True,False,True,True,0.5356,0.5349,0.175477,0.201052,0.4259,0.166185
49,True,False,True,True,0.535,0.5344,0.174628,0.201375,0.425604,0.166139
50,True,False,True,True,0.5347,0.5341,0.174799,0.20139,0.425601,0.16608
51,True,False,True,True,0.5342,0.5337,0.174931,0.200936,0.426025,0.166504
52,True,False,True,True,0.5337,0.5333,0.174637,0.201247,0.425745,0.166293
53,True,False,True,True,0.532,0.5316,0.180271,0.203605,0.434413,0.174913
54,True,False,True,True,0.5279,0.5276,0.182675,0.207997,0.442734,0.18333
55,True,False,True,True,0.5228,0.5225,0.184076,0.210328,0.447571,0.18804
56,True,False,True,True,0.519,0.5188,0.182978,0.210216,0.444906,0.185327
57,True,False,True,True,0.5171,0.5169,0.184822,0.21074,0.444334,0.183983
58,True,False,True,True,0.514,0.5138,0.187169,0.211593,0.450185,0.189702
59,True,False,True,True,0.5088,0.5087,0.185179,0.21222,0.452587,0.193032
60,True,False,True,True,0.5031,0.503,0.186104,0.213246,0.455865,0.196656
61,True,False,False,False,0.4972,0.497,0.184052,0.213,0.455409,0.196706
62,True,False,False,False,0.4925,0.4923,0.183166,0.212354,0.453446,0.194653
63,True,False,False,False,0.4896,0.4895,0.183873,0.214184,0.453984,0.192502
64,True,False,False,False,0.4859,0.4858,0.182887,0.215334,0.455982,0.194037
65,True,False,False,False,0.4803,0.4802,0.18414,0.214609,0.459966,0.200815
66,True,False,False,False,0.476,0.4759,0.189548,0.215422,0.463176,0.204746
67,True,False,False,False,0.4729,0.4728,0.194575,0.21722,0.466352,0.208223
68,True,False,False,False,0.4705,0.4705,0.199556,0.220679,0.469979,0.212349
69,True,False,False,False,0.4689,0.4688,0.20364,0.223071,0.472558,0.215483
70,True,False,False,False,0.4677,0.4677,0.206434,0.224682,0.474299,0.217611
71,True,False,False,False,0.4669,0.4669,0.210145,0.22759,0.477296,0.220871
72,True,False,False,False,0.4665,0.4665,0.213096,0.229124,0.478987,0.223026
73,True,False,False,False,0.4666,0.4666,0.216246,0.230957,0.480904,0.225193
74,True,False,False,False,0.4676,0.4675,0.219304,0.231861,0.481359,0.226307
75,True,False,False,False,0.469,0.469,0.221437,0.232448,0.481599,0.227007
76,True,False,False,False,0.4707,0.4707,0.221685,0.231651,0.480502,0.226263
77,True,False,False,False,0.4723,0.4722,0.219785,0.229845,0.478525,0.224278
78,True,False,False,False,0.4734,0.4734,0.217963,0.228869,0.477456,0.222932
79,True,False,False,False,0.4743,0.4743,0.215736,0.227128,0.475661,0.220978
80,True,False,False,False,0.4749,0.4749,0.214837,0.227075,0.475515,0.220554
81,True,False,False,False,0.4754,0.4754,0.213663,0.225943,0.474379,0.219404
82,True,False,False,False,0.4757,0.4757,0.211767,0.224597,0.472972,0.217817
83,True,False,False,False,0.4757,0.4756,0.211717,0.22548,0.473783,0.218413
84,True,False,False,False,0.4754,0.4754,0.211513,0.225486,0.474109,0.218693
85,True,False,False,False,0.4756,0.4756,0.208209,0.224167,0.471371,0.214609
86,True,False,False,False,0.4754,0.4754,0.205677,0.224305,0.470336,0.212817
87,True,False,False,False,0.4748,0.4748,0.204863,0.223828,0.469974,0.212805
88,True,False,False,False,0.4744,0.4743,0.203202,0.222251,0.468388,0.211191
89,True,False,False,False,0.4737,0.4737,0.202632,0.222441,0.468495,0.211049
90,True,False,False,False,0.4732,0.4732,0.202133,0.221866,0.467928,0.210507
91,True,False,False,False,0.4727,0.4727,0.201364,0.221364,0.467396,0.209888
92,True,False,False,False,0.4722,0.4722,0.200854,0.221108,0.467112,0.20952
93,True,False,False,False,0.472,0.472,0.200236,0.222792,0.467163,0.208336
94,True,False,False,False,0.4712,0.4712,0.197914,0.222906,0.466817,0.207356
95,True,False,False,False,0.4703,0.4703,0.19689,0.225323,0.467723,0.206812
96,True,False,False,False,0.469,0.469,0.194629,0.224279,0.466494,0.205609
97,True,False,False,False,0.4675,0.4675,0.193375,0.223944,0.466319,0.205417
98,True,False,False,False,0.4661,0.4661,0.199227,0.229902,0.472265,0.211329
99,True,False,False,False,0.4656,0.4656,0.199463,0.227263,0.469943,0.20995
100,False,False,False,False,0.4648,0.4648,0.195871,0.224897,0.467442,0.207046
101,False,False,False,False,0.4639,0.4639,0.193612,0.223801,0.466217,0.205441
102,False,False,False,False,0.4629,0.4629,0.192259,0.222997,0.465353,0.204397
103,False,False,False,False,0.4619,0.4619,0.19024,0.22138,0.463691,0.202603
104,False,False,False,False,0.4609,0.4609,0.188479,0.220401,0.462626,0.201281
105,False,False,False,False,0.4599,0.4599,0.187358,0.219767,0.461938,0.200434
106,False,False,False,False,0.4589,0.4589,0.186391,0.219116,0.461253,0.199645
107,False,False,False,False,0.458,0.458,0.185075,0.218118,0.460219,0.198508
108,False,False,False,False,0.457,0.457,0.183334,0.217136,0.458911,0.19704
109,False,False,False,False,0.4561,0.4561,0.182044,0.216926,0.458165,0.196093
110,False,False,False,False,0.4551,0.4551,0.181936,0.217011,0.458359,0.196176
111,False,False,False,False,0.4543,0.4543,0.180983,0.216654,0.457311,0.195163
112,False,False,False,False,0.4535,0.4535,0.180178,0.216561,0.456958,0.194644
113,False,False,False,False,0.4523,0.4523,0.179688,0.216207,0.456809,0.195342
114,False,False,False,False,0.4506,0.4506,0.181273,0.216803,0.459105,0.19821
115,False,False,False,False,0.4487,0.4487,0.187765,0.217767,0.464336,0.205919
116,False,False,False,False,0.4466,0.4466,0.190116,0.219129,0.467589,0.209088
117,False,False,False,False,0.4449,0.4449,0.190902,0.219725,0.468514,0.209463
118,False,False,False,False,0.4435,0.4435,0.191991,0.220043,0.46949,0.210481
119,False,False,False,False,0.4424,0.4424,0.192915,0.220181,0.470001,0.211144
120,False,False,False,False,0.4415,0.4415,0.193409,0.220268,0.470288,0.211508
121,False,False,False,False,0.4407,0.4407,0.194184,0.220476,0.470949,0.21221
122,False,False,False,False,0.4401,0.4401,0.195327,0.220746,0.47181,0.213175
123,False,False,False,False,0.4403,0.4403,0.194512,0.220666,0.47036,0.210664
124,False,False,False,False,0.4406,0.4406,0.19331,0.220722,0.469092,0.209064
125,False,False,False,False,0.4403,0.4403,0.194836,0.219713,0.470022,0.21199
126,False,False,False,False,0.4402,0.4402,0.195793,0.219669,0.470608,0.212625
127,False,False,False,False,0.4403,0.4403,0.197002,0.220753,0.471604,0.213355
128,False,False,False,False,0.4405,0.4405,0.197149,0.220477,0.471375,0.213264
129,False,False,False,False,0.4406,0.4406,0.196501,0.219956,0.470839,0.212688
130,False,False,False,False,0.4407,0.4407,0.196479,0.220187,0.471043,0.212808
131,False,False,False,False,0.4408,0.4408,0.196309,0.219912,0.470779,0.212579
132,False,False,False,False,0.4408,0.4408,0.195806,0.219632,0.470389,0.212147
133,False,False,False,False,0.4401,0.4401,0.197652,0.220739,0.472741,0.21563
134,False,False,False,False,0.4388,0.4388,0.200061,0.22256,0.476754,0.21975
135,False,False,False,False,0.4375,0.4375,0.199837,0.222879,0.477232,0.219756
136,False,False,False,False,0.4363,0.4363,0.199405,0.222852,0.477082,0.219502
137,False,False,False,False,0.4353,0.4353,0.199394,0.222875,0.477128,0.219527
138,False,False,False,False,0.4344,0.4344,0.198178,0.222457,0.475893,0.218299
139,False,False,False,False,0.4334,0.4334,0.197642,0.222494,0.475883,0.218096
140,False,False,False,False,0.4326,0.4326,0.197496,0.222441,0.475725,0.217942
141,False,False,False,False,0.4319,0.4319,0.197117,0.222344,0.475415,0.217606
142,False,False,False,False,0.4312,0.4312,0.196399,0.222154,0.474829,0.216972
143,False,False,False,False,0.4308,0.4308,0.195202,0.223581,0.474433,0.215293
144,False,False,False,False,0.4298,0.4298,0.192851,0.224315,0.474245,0.214402
145,False,False,False,False,0.429,0.429,0.189352,0.224333,0.472061,0.210798
146,False,False,False,False,0.4283,0.4283,0.187906,0.224023,0.471,0.2095
147,False,False,False,False,0.4274,0.4274,0.186621,0.223549,0.470034,0.208731
148,False,False,False,False,0.4268,0.4268,0.186445,0.223382,0.469443,0.208009
149,False,False,False,False,0.4265,0.4265,0.186175,0.223209,0.468889,0.207364
150,False,False,False,False,0.4264,0.4264,0.185751,0.22299,0.468203,0.206595
151,False,False,False,False,0.4265,0.4265,0.185626,0.222864,0.467749,0.206038
152,False,False,False,False,0.4267,0.4267,0.185029,0.222598,0.466934,0.205153
153,False,False,False,False,0.427,0.427,0.184459,0.221559,0.46597,0.204065
154,False,False,False,False,0.4276,0.4276,0.182568,0.220149,0.46326,0.201571
155,False,False,False,False,0.4287,0.4287,0.183032,0.219977,0.462519,0.200805
156,False,False,False,False,0.4296,0.4296,0.183158,0.220006,0.462601,0.200873
157,False,False,False,False,0.4304,0.4304,0.182945,0.219949,0.462433,0.200718
158,False,False,False,False,0.4312,0.4312,0.182152,0.219663,0.461552,0.19981
159,False,False,False,False,0.4321,0.4321,0.182972,0.219829,0.461934,0.200053
160,False,False,False,False,0.4328,0.4328,0.182463,0.219701,0.461623,0.199804
161,False,False,False,False,0.4334,0.4334,0.182601,0.219702,0.461607,0.199741
162,False,False,False,False,0.434,0.434,0.181574,0.219362,0.46058,0.198714
163,False,False,False,False,0.4349,0.4349,0.183715,0.220908,0.462207,0.200178
164,False,False,False,False,0.4353,0.4353,0.184888,0.222475,0.46419,0.201945
165,False,False,False,False,0.4355,0.4355,0.186383,0.223655,0.466493,0.203909
166,False,False,False,False,0.4356,0.4356,0.186356,0.223842,0.46665,0.204033
167,False,False,False,False,0.4358,0.4358,0.186852,0.224035,0.467193,0.204425
168,False,False,False,False,0.4358,0.4358,0.186641,0.22398,0.467069,0.204357
169,False,False,False,False,0.4362,0.4362,0.186315,0.223595,0.465888,0.203154
170,False,False,False,False,0.4368,0.4368,0.187075,0.223828,0.466467,0.203546
171,False,False,False,False,0.4372,0.4372,0.186605,0.223632,0.465923,0.203099
172,False,False,False,False,0.4377,0.4377,0.186964,0.223737,0.466203,0.203289
173,False,False,False,False,0.4386,0.4386,0.184945,0.220641,0.463029,0.200164
174,False,False,False,False,0.4375,0.4375,0.168567,0.221413,0.466826,0.188098
175,False,False,False,False,0.4363,0.4363,0.157607,0.232016,0.469937,0.17788
176,False,False,False,False,0.4345,0.4345,0.154837,0.232699,0.469463,0.176565
177,False,False,False,False,0.4327,0.4327,0.153177,0.23079,0.468137,0.175678
178,False,False,False,False,0.4316,0.4316,0.153845,0.230697,0.467962,0.17526
179,False,False,False,False,0.4308,0.4308,0.153672,0.229994,0.467252,0.174529
180,False,False,False,False,0.4305,0.4305,0.153837,0.229532,0.466753,0.173919
181,False,False,False,False,0.4304,0.4304,0.153914,0.229109,0.466304,0.173394
182,False,False,False,False,0.4308,0.4308,0.153781,0.228103,0.465275,0.172296
183,False,False,False,False,0.4318,0.4318,0.154272,0.230055,0.465553,0.17122
184,False,False,False,False,0.4324,0.4324,0.153166,0.230748,0.465798,0.170871
185,False,False,False,False,0.4328,0.4328,0.152324,0.229352,0.464947,0.170153
186,False,False,False,False,0.4335,0.4335,0.153001,0.229644,0.465172,0.170177
187,False,False,False,False,0.4342,0.4342,0.152543,0.228643,0.464184,0.169231
188,False,False,False,False,0.4353,0.4353,0.152923,0.228403,0.46389,0.168778
189,False,False,False,False,0.4364,0.4364,0.152942,0.228092,0.463565,0.168411
190,False,False,False,False,0.4376,0.4376,0.152851,0.227528,0.462838,0.167635
191,False,False,False,False,0.4392,0.4392,0.152884,0.227244,0.461932,0.166619
192,False,False,False,False,0.441,0.441,0.153086,0.227066,0.461298,0.165846
193,False,False,False,False,0.4423,0.4423,0.154445,0.226524,0.462023,0.167669
194,False,False,False,False,0.4438,0.4438,0.156551,0.226612,0.463103,0.169148
195,False,False,False,False,0.4449,0.4449,0.160359,0.225954,0.465197,0.1733
196,False,False,False,False,0.4462,0.4462,0.164165,0.226136,0.467413,0.176375
197,False,False,False,False,0.448,0.448,0.165119,0.226654,0.467571,0.17588
198,False,False,False,False,0.4498,0.4498,0.164972,0.226411,0.466819,0.175093
199,False,False,False,False,0.4517,0.4517,0.165276,0.226369,0.466654,0.17481
200,False,False,False,False,0.4531,0.4531,0.16561,0.226652,0.467482,0.175618
201,False,False,False,False,0.4543,0.4543,0.165036,0.226448,0.466942,0.175209
202,False,False,False,False,0.4558,0.4558,0.165052,0.226201,0.466167,0.174344
203,False,False,False,False,0.4572,0.4572,0.165998,0.226826,0.46684,0.1749
204,False,False,False,False,0.4584,0.4584,0.166369,0.227282,0.467315,0.175301
205,False,False,False,False,0.4592,0.4592,0.18704,0.220749,0.477003,0.196779
206,False,False,False,False,0.4608,0.4608,0.194854,0.221333,0.481633,0.202397
207,False,False,False,False,0.4626,0.4626,0.194231,0.222468,0.481536,0.200852
208,False,False,False,False,0.4645,0.4645,0.194154,0.222577,0.480865,0.200133
209,False,False,False,False,0.4664,0.4664,0.194342,0.222707,0.480492,0.199656
210,False,False,False,False,0.4682,0.4682,0.19446,0.222754,0.480345,0.199453
211,False,False,False,False,0.47,0.47,0.194404,0.22288,0.479996,0.199084
212,False,False,False,False,0.4715,0.4715,0.194743,0.222705,0.480504,0.199536
213,False,False,False,False,0.4729,0.4729,0.19792,0.221122,0.480948,0.20244
214,False,False,False,False,0.4745,0.4745,0.20107,0.219937,0.48236,0.204833
215,False,False,False,False,0.476,0.476,0.200425,0.220316,0.48197,0.20407
216,False,False,False,False,0.4773,0.4773,0.20055,0.220269,0.48209,0.204162
217,False,False,False,False,0.4785,0.4785,0.200328,0.220435,0.481619,0.203712
218,False,False,False,False,0.4796,0.4796,0.200684,0.220306,0.481991,0.204008
219,False,False,False,False,0.4807,0.4807,0.200281,0.220497,0.481325,0.203404
220,False,False,False,False,0.482,0.482,0.200382,0.220717,0.480691,0.202667
221,False,False,False,False,0.4833,0.4833,0.200696,0.220705,0.480763,0.202642
222,False,False,False,False,0.4846,0.4846,0.200523,0.220838,0.480375,0.202267
223,False,False,False,False,0.4858,0.4858,0.200692,0.220862,0.480319,0.202149
224,False,False,False,False,0.4869,0.4869,0.200639,0.220941,0.480103,0.201927
225,False,False,False,False,0.4879,0.4879,0.227382,0.230211,0.490284,0.228655
226,False,False,False,False,0.4908,0.49,0.244903,0.243121,0.500152,0.241644
227,False,False,False,False,0.4949,0.4916,0.243564,0.237767,0.494303,0.236844
228,False,False,False,False,0.4986,0.4934,0.243298,0.237967,0.493691,0.236252
229,False,False,True,False,0.5019,0.4948,0.243705,0.237863,0.494044,0.236509
230,False,False,True,False,0.5046,0.4957,0.24369,0.237695,0.494518,0.23704
231,False,False,True,False,0.5069,0.4966,0.243386,0.237755,0.494251,0.236847
232,False,False,True,False,0.509,0.4972,0.243625,0.237626,0.494575,0.23713
233,False,False,True,False,0.5108,0.498,0.252877,0.24729,0.503375,0.246352
234,False,False,True,False,0.5129,0.4985,0.262185,0.255045,0.511069,0.254386
235,False,False,True,False,0.5153,0.4989,0.263189,0.254724,0.510441,0.254136
236,False,False,True,False,0.518,0.4998,0.263659,0.255044,0.509509,0.253417
237,False,False,True,True,0.5206,0.5004,0.263862,0.254503,0.509107,0.253075
238,False,False,True,True,0.5226,0.5006,0.263924,0.254291,0.50973,0.253746
239,False,False,True,True,0.5242,0.5008,0.263625,0.254285,0.509698,0.253811
240,False,False,True,True,0.5255,0.5007,0.263733,0.254203,0.509965,0.254071
241,False,False,True,True,0.5268,0.501,0.26345,0.254356,0.509489,0.253636
242,False,False,True,True,0.5279,0.5011,0.263762,0.254273,0.509731,0.253802
243,False,False,True,True,0.5289,0.5012,0.263596,0.254322,0.509618,0.253731
244,False,False,True,True,0.5297,0.5009,0.263905,0.254074,0.510358,0.25445
245,False,False,True,True,0.5303,0.5009,0.257107,0.24807,0.503458,0.247668
246,False,False,True,True,0.5303,0.5007,0.255914,0.247547,0.504451,0.247877
247,False,False,True,True,0.5301,0.5002,0.256023,0.248314,0.505895,0.249149
248,False,False,True,False,0.5298,0.4998,0.255901,0.248311,0.505906,0.249201
249,False,False,True,False,0.5296,0.4992,0.256033,0.248195,0.506317,0.249612
250,False,False,True,False,0.5295,0.4985,0.255908,0.24813,0.506508,0.249865
251,False,False,True,False,0.5296,0.4975,0.25609,0.247857,0.507296,0.250681
252,False,False,True,False,0.5292,0.4971,0.255388,0.248186,0.506322,0.249832
253,False,False,True,False,0.5295,0.4959,0.260028,0.251402,0.511415,0.254765
254,False,False,True,False,0.5296,0.495,0.261671,0.253247,0.512582,0.256458
255,False,False,True,False,0.5301,0.4941,0.254499,0.245185,0.504679,0.248714
256,False,False,True,False,0.5303,0.493,0.249277,0.240598,0.500589,0.244503
257,False,False,True,False,0.53,0.4924,0.248979,0.241427,0.500922,0.24482
258,False,False,True,False,0.5296,0.4921,0.248885,0.241606,0.50039,0.24426
259,False,False,True,False,0.5291,0.4924,0.248865,0.241887,0.499591,0.243377
260,False,False,True,False,0.5291,0.4922,0.249538,0.241597,0.500487,0.244149
261,False,False,True,False,0.529,0.4917,0.249243,0.241445,0.50091,0.244718
262,False,False,True,False,0.5286,0.4918,0.248738,0.241764,0.499963,0.243833
263,False,False,True,False,0.5286,0.4916,0.249378,0.241588,0.500504,0.244221
264,False,False,True,False,0.5284,0.4915,0.24908,0.24161,0.500433,0.244241
265,False,False,True,False,0.5284,0.4911,0.254565,0.246792,0.506136,0.249929
266,False,False,True,False,0.5286,0.4908,0.25618,0.247914,0.506949,0.251058
267,False,False,True,False,0.529,0.4905,0.256193,0.247502,0.506474,0.250642
268,False,False,True,False,0.5295,0.49,0.256345,0.247375,0.506871,0.251031
269,False,False,True,False,0.5297,0.4898,0.256045,0.247487,0.506536,0.250759
270,False,False,True,False,0.5298,0.4898,0.256091,0.247604,0.506166,0.250334
271,False,False,True,False,0.5302,0.4896,0.256429,0.247438,0.506683,0.250796
272,False,False,True,False,0.5303,0.4895,0.256068,0.24754,0.506346,0.250542
273,False,False,True,False,0.5304,0.4896,0.264629,0.256127,0.514563,0.258703
274,False,False,True,False,0.5309,0.4899,0.27054,0.260944,0.51864,0.263143
275,False,False,True,False,0.5323,0.4894,0.273172,0.261591,0.520686,0.265402
276,False,False,True,False,0.5333,0.4893,0.273198,0.262049,0.520239,0.265306
277,False,False,True,False,0.5343,0.4894,0.273256,0.261938,0.519454,0.264498
278,False,False,True,False,0.5352,0.4897,0.27343,0.261977,0.519353,0.264328
279,False,False,True,False,0.5359,0.4901,0.273354,0.262092,0.518995,0.263956
280,False,False,True,False,0.5367,0.4902,0.273678,0.261942,0.519469,0.264375
281,False,False,True,False,0.5373,0.4903,0.273439,0.261952,0.519446,0.264428
282,False,False,True,False,0.5377,0.4906,0.273313,0.262096,0.519003,0.263978
283,False,False,True,False,0.5382,0.491,0.269894,0.258519,0.515286,0.260192
284,False,False,True,False,0.5385,0.4913,0.265301,0.254139,0.511172,0.255983
285,False,False,True,False,0.5386,0.4912,0.253434,0.242605,0.50033,0.245088
286,False,False,True,False,0.5377,0.4919,0.244056,0.235519,0.491863,0.236462
287,False,False,True,False,0.5367,0.4924,0.244647,0.23662,0.493318,0.237625
288,False,False,True,False,0.5357,0.4928,0.244371,0.236574,0.493425,0.237835
289,False,False,True,False,0.5349,0.4929,0.244418,0.236482,0.493688,0.238112
290,False,False,True,False,0.5343,0.4928,0.244452,0.23632,0.494162,0.238628
291,False,False,True,False,0.5336,0.4926,0.244231,0.236319,0.494168,0.238708
292,False,False,True,False,0.533,0.4925,0.244203,0.236359,0.494072,0.238609
293,False,False,True,False,0.5326,0.4922,0.239673,0.231562,0.489729,0.234251
294,False,False,True,False,0.5319,0.4922,0.234711,0.227361,0.486132,0.229497
295,False,False,True,False,0.5311,0.4924,0.233089,0.226206,0.485166,0.227858
296,False,False,True,False,0.5302,0.4924,0.232924,0.226394,0.486183,0.228577
297,False,False,True,False,0.5293,0.4922,0.232966,0.226785,0.486652,0.229218
298,False,False,True,False,0.5285,0.4921,0.232855,0.22675,0.486568,0.229161
299,False,False,True,False,0.5277,0.4919,0.232955,0.226814,0.486744,0.229324
300,False,False,True,False,0.5264,0.4916,0.233049,0.228622,0.488912,0.23152
301,False,False,True,False,0.5249,0.4915,0.232615,0.228693,0.488631,0.231322
302,False,False,True,False,0.5237,0.4913,0.232967,0.2288,0.488883,0.231483
303,False,False,True,False,0.5227,0.491,0.23117,0.227118,0.488744,0.230208
304,False,False,True,False,0.5215,0.4907,0.229654,0.226202,0.488292,0.229281
305,False,False,True,False,0.5203,0.4903,0.232974,0.229731,0.490716,0.233108
306,False,False,True,False,0.5193,0.4898,0.23504,0.231752,0.492703,0.235548
307,False,False,True,False,0.5186,0.4893,0.235094,0.231561,0.493061,0.235512
308,False,False,True,False,0.5179,0.4888,0.235243,0.231655,0.493324,0.235754
309,False,False,True,False,0.5172,0.4882,0.23534,0.232101,0.493997,0.23647
310,False,False,True,False,0.5165,0.4878,0.234801,0.231687,0.493376,0.235952
311,False,False,True,False,0.516,0.4873,0.235302,0.231991,0.493885,0.23635
312,False,False,True,False,0.5155,0.487,0.234809,0.231616,0.493149,0.235697
313,False,False,True,False,0.5151,0.4867,0.233012,0.229634,0.492696,0.233948
314,False,False,True,False,0.5145,0.4864,0.230796,0.227949,0.491321,0.232234
315,False,False,True,False,0.5129,0.4872,0.223271,0.223058,0.487258,0.224913
316,False,False,True,False,0.5106,0.4877,0.217394,0.219128,0.48346,0.219878
317,False,False,True,False,0.5088,0.4877,0.217183,0.218416,0.482861,0.220388
318,False,False,True,False,0.5072,0.4878,0.217017,0.218279,0.482738,0.220306
319,False,False,True,False,0.5057,0.4877,0.217195,0.21862,0.483072,0.22062
320,False,False,True,False,0.5044,0.4877,0.21696,0.218402,0.482873,0.220476
321,False,False,True,False,0.5033,0.4877,0.217032,0.218323,0.482783,0.220351
322,False,False,True,False,0.5023,0.4877,0.217118,0.218461,0.482915,0.22047
323,False,False,True,False,0.5005,0.4876,0.212817,0.216639,0.481101,0.216314
324,False,False,False,False,0.4984,0.4871,0.210001,0.215244,0.48029,0.214491
325,False,False,False,False,0.4965,0.4865,0.204957,0.212366,0.477883,0.209799
326,False,False,False,False,0.4943,0.4856,0.204127,0.211965,0.478551,0.209997
327,False,False,False,False,0.4921,0.4844,0.203679,0.211187,0.478267,0.210191
328,False,False,False,False,0.4902,0.4834,0.204122,0.211859,0.478913,0.210762
329,False,False,False,False,0.4883,0.4823,0.203744,0.211636,0.478725,0.210677
330,False,False,False,False,0.4866,0.4813,0.204021,0.212167,0.479244,0.211162
331,False,False,False,False,0.4849,0.4802,0.203821,0.212279,0.479384,0.211385
332,False,False,False,False,0.4835,0.4794,0.203584,0.211753,0.478865,0.210887
333,False,False,False,False,0.4823,0.4788,0.202599,0.211875,0.478959,0.209714
334,False,False,False,False,0.4809,0.4777,0.202003,0.212188,0.480029,0.210163
335,False,False,False,False,0.4793,0.4765,0.19793,0.212924,0.47926,0.206696
336,False,False,False,False,0.4775,0.475,0.197117,0.21388,0.480076,0.206992
337,False,False,False,False,0.4756,0.4735,0.197128,0.21342,0.480226,0.20747
338,False,False,False,False,0.4739,0.472,0.197435,0.214048,0.480841,0.208051
339,False,False,False,False,0.4725,0.4708,0.196814,0.213029,0.479855,0.207162
340,False,False,False,False,0.4714,0.4699,0.197471,0.213622,0.480395,0.207543
341,False,False,False,False,0.47,0.4687,0.19747,0.214397,0.4812,0.208438
342,False,False,False,False,0.4687,0.4676,0.1969,0.213782,0.480627,0.207989
343,False,False,False,False,0.4676,0.4666,0.19562,0.214816,0.480419,0.206795
344,False,False,False,False,0.4666,0.4658,0.192556,0.213917,0.478052,0.203675
345,False,False,False,False,0.4659,0.4651,0.193135,0.213853,0.478075,0.203967
346,False,False,False,False,0.4652,0.4645,0.192978,0.213807,0.478045,0.203985
347,False,False,False,False,0.4646,0.4641,0.192866,0.213417,0.477652,0.203586
348,False,False,False,False,0.4641,0.4636,0.193269,0.214074,0.478289,0.20416
349,False,False,False,False,0.4636,0.4632,0.192823,0.21364,0.477889,0.203864
350,False,False,False,False,0.4634,0.463,0.192823,0.213056,0.477283,0.203191
351,False,False,False,False,0.4631,0.4627,0.193504,0.214301,0.478497,0.204313
352,False,False,False,False,0.4628,0.4625,0.192584,0.213212,0.477474,0.203483
353,False,False,False,False,0.4625,0.4623,0.196634,0.211461,0.479051,0.207385
354,False,False,False,False,0.4737,0.4585,0.212542,0.197395,0.470673,0.216328
355,False,False,False,False,0.484,0.4568,0.220713,0.204357,0.464795,0.219615
356,False,False,False,False,0.4924,0.4559,0.219888,0.205243,0.46511,0.219302
357,False,False,False,False,0.4999,0.4545,0.220444,0.205373,0.466315,0.220654
358,False,False,True,False,0.5064,0.4533,0.219995,0.205276,0.466085,0.220548
359,False,False,True,False,0.5122,0.4525,0.219851,0.205014,0.465283,0.219705
360,False,False,True,False,0.5174,0.4517,0.220401,0.205212,0.465812,0.220109
361,False,False,True,False,0.5218,0.4508,0.220307,0.205366,0.466325,0.22071
362,False,False,True,False,0.5257,0.4501,0.219949,0.205229,0.46595,0.220414
363,False,False,True,False,0.5323,0.4464,0.227891,0.205727,0.470045,0.228002
364,False,False,True,False,0.5388,0.4425,0.234111,0.210474,0.475201,0.234444
365,False,False,True,False,0.5444,0.4389,0.235677,0.212098,0.476679,0.236271
