sigma,eta,occ_accuracy,win_accuracy,combined_accuracy,deployed
1.0,0.05,98.9,65.4,64.4,False
1.0,0.1,99.2,65.4,64.7,False
1.0,0.15,99.4,65.5,65.0,False
1.0,0.2,99.5,65.5,65.1,False
1.0,0.25,99.6,65.3,65.2,False
1.5,0.05,99.2,65.4,64.7,False
1.5,0.1,99.4,65.6,65.0,False
1.5,0.15,99.5,65.6,65.1,True
1.5,0.2,99.6,65.6,65.2,False
1.5,0.25,99.6,65.6,65.2,False
2.0,0.05,99.4,65.5,64.9,False
2.0,0.1,99.5,65.5,65.1,False
2.0,0.15,99.6,65.6,65.2,False
2.0,0.2,99.7,65.6,65.3,False
2.0,0.25,99.7,65.6,65.3,False
2.5,0.05,99.5,65.5,65.0,False
2.5,0.1,99.6,65.6,65.2,False
2.5,0.15,99.7,65.6,65.3,False
2.5,0.2,99.7,65.7,65.3,False
2.5,0.25,99.8,65.7,65.4,False
3.0,0.05,99.5,65.5,65.1,False
3.0,0.1,99.6,65.6,65.2,False
3.0,0.15,99.7,65.7,65.4,False
3.0,0.2,99.8,65.6,65.4,False
3.0,0.25,99.8,65.7,65.5,False
