condition,seed,comfort_target,det_acc,kWh,satisfaction,MO,mean_hvac
Static,123,0.5,63.1,45.05,85.4,0.8199,0.325
Static,123,1.0,62.1,24.09,81.69,0.8171,0.151
Static,123,2.0,60.6,6.04,70.58,0.8797,0.0
RegimeAware,123,0.5,63.2,45.28,85.44,0.8199,0.327
RegimeAware,123,1.0,62.4,24.64,81.88,0.8169,0.155
RegimeAware,123,2.0,60.6,6.04,70.58,0.8797,0.0
Oracle,123,0.5,63.1,45.14,85.42,0.8199,0.326
Oracle,123,1.0,62.1,24.28,81.76,0.817,0.152
Oracle,123,2.0,60.6,6.04,70.58,0.8797,0.0
RandomSwitch,123,0.5,63.1,46.38,85.55,0.8193,0.337
RandomSwitch,123,1.0,62.1,26.76,82.39,0.8146,0.173
RandomSwitch,123,2.0,60.6,6.04,70.58,0.8797,0.0
