method,n_sensors,dropped,occ_accuracy,win_accuracy,combined_accuracy
PolicyGRID,6,none,96.5,56.6,56.7
PolicyGRID,5,co2,95.7,51.4,49.9
PolicyGRID,4,noisedb,85.6,59.0,46.0
PolicyGRID,3,lightlevel,93.8,67.9,54.4
PolicyGRID,2,airquality,51.4,65.6,35.5
PolicyGRID,1,humidity,51.4,65.6,35.5
PolicyGRID-O,6,none,88.6,56.6,56.4
PolicyGRID-O,5,co2,86.3,54.9,54.2
PolicyGRID-O,4,noisedb,67.0,51.1,39.7
PolicyGRID-O,3,lightlevel,69.1,53.8,36.8
PolicyGRID-O,2,airquality,58.5,59.1,29.6
PolicyGRID-O,1,humidity,51.5,64.1,31.7
PC,6,none,97.1,80.5,79.6
PC,5,co2,96.3,81.3,79.5
PC,4,noisedb,75.2,76.7,61.4
PC,3,lightlevel,67.1,82.4,55.2
PC,2,airquality,52.2,80.6,40.6
PC,1,humidity,52.2,80.6,40.6
SAM,6,none,94.8,67.8,62.2
SAM,5,co2,94.8,67.8,62.2
SAM,4,noisedb,94.8,67.8,62.2
SAM,3,lightlevel,94.8,67.8,62.2
SAM,2,airquality,72.8,75.8,47.1
SAM,1,humidity,65.2,62.3,12.0
ICP,6,none,92.2,62.4,62.2
ICP,5,co2,88.3,60.7,61.4
ICP,4,noisedb,88.3,60.7,61.4
ICP,3,lightlevel,91.9,65.5,61.3
ICP,2,airquality,80.9,63.2,56.0
ICP,1,humidity,51.4,67.7,40.8
NOTEARS-I,6,none,99.5,64.5,64.2
NOTEARS-I,5,co2,99.6,63.2,62.9
NOTEARS-I,4,noisedb,85.7,60.4,55.4
NOTEARS-I,3,lightlevel,93.1,62.6,58.5
NOTEARS-I,2,airquality,59.9,50.0,31.1
NOTEARS-I,1,humidity,51.2,50.9,29.1
ABCD,6,none,92.2,62.4,62.2
ABCD,5,co2,88.3,60.7,61.4
ABCD,4,noisedb,88.3,60.7,61.4
ABCD,3,lightlevel,91.9,65.5,61.3
ABCD,2,airquality,80.9,63.2,56.0
ABCD,1,humidity,51.4,67.7,40.8
JCI,6,none,92.2,62.4,62.2
JCI,5,co2,88.3,60.7,61.4
JCI,4,noisedb,88.3,60.7,61.4
JCI,3,lightlevel,91.9,65.5,61.3
JCI,2,airquality,80.9,63.2,56.0
JCI,1,humidity,51.4,67.7,40.8
Causal Bandits,6,none,92.2,62.4,62.2
Causal Bandits,5,co2,88.3,60.7,61.4
Causal Bandits,4,noisedb,88.3,60.7,61.4
Causal Bandits,3,lightlevel,91.9,65.5,61.3
Causal Bandits,2,airquality,80.9,63.2,56.0
Causal Bandits,1,humidity,51.4,67.7,40.8
IID,6,none,93.6,46.8,45.6
IID,5,co2,93.1,39.4,37.9
IID,4,noisedb,93.1,39.4,37.9
IID,3,lightlevel,94.1,41.4,39.2
IID,2,airquality,48.6,39.7,38.7
IID,1,humidity,48.6,39.7,38.7
