method,ood_occ,ood_win,ood_comb,ood_brier_o,ood_brier_w,ind_occ,ind_win,ind_comb,ind_brier_o,ind_brier_w
causal_bandits,46.2,34.3,21.9,0.4726,0.6034,68.9,90.2,68.9,0.283,0.0851
gies,37.6,46.2,34.0,0.5249,0.443,73.8,99.5,73.8,0.1476,0.0157
icp,37.7,24.6,23.5,0.5551,0.6681,71.0,88.8,70.8,0.1552,0.0781
iid,37.7,50.7,25.3,0.5235,0.3982,65.8,90.7,65.8,0.3029,0.0708
jci,46.2,39.9,24.3,0.4234,0.4843,65.6,17.8,14.8,0.2711,0.6604
llm_only,39.8,55.5,28.7,0.5309,0.3931,62.8,90.2,62.8,0.3424,0.0794
notears_i,38.4,39.6,31.7,0.5513,0.5297,73.8,100.0,73.8,0.2419,0.0055
pc,48.9,43.9,27.5,0.4212,0.4789,65.0,44.8,41.3,0.2493,0.4019
policygrid,59.7,75.4,48.6,0.3809,0.2331,42.9,45.9,19.7,0.3761,0.4299
policygrid_o,72.4,77.2,62.7,0.2406,0.1894,62.8,90.2,62.8,0.3111,0.0759
sam,72.3,79.2,64.8,0.2003,0.1715,65.3,44.5,41.3,0.2798,0.4416
varlingam,62.0,75.4,60.9,0.3415,0.221,63.7,91.0,63.7,0.3225,0.068
