step,gt_occ,gt_win,pred_occ,pred_win,p_occ,p_win
0,True,False,True,False,0.5124,0.3936
1,True,False,True,False,0.516,0.3158
2,True,False,True,False,0.5111,0.2622
3,True,False,False,False,0.4613,0.2552
4,True,False,True,False,0.5038,0.3146
5,True,False,True,False,0.5068,0.3398
6,True,False,False,False,0.4821,0.338
7,True,False,False,False,0.4548,0.3316
8,True,False,False,False,0.4396,0.3335
9,True,False,False,False,0.4571,0.3628
10,True,False,False,False,0.4729,0.3892
11,True,False,False,False,0.4869,0.4128
12,True,False,False,False,0.4994,0.4339
13,True,False,True,False,0.5529,0.4951
14,True,False,True,True,0.6273,0.5792
15,True,False,True,True,0.6513,0.611
16,True,False,True,True,0.6587,0.6246
17,True,False,True,True,0.6656,0.6368
18,True,False,True,True,0.6714,0.6472
19,True,False,True,True,0.6762,0.6559
20,True,False,True,True,0.6803,0.6632
21,True,False,True,True,0.6836,0.6694
22,True,False,True,True,0.6864,0.6745
23,True,False,True,True,0.714,0.7047
24,True,False,True,True,0.7513,0.7445
25,True,False,True,True,0.7607,0.7555
26,True,False,True,True,0.762,0.7579
27,True,False,True,True,0.7632,0.76
28,True,False,True,True,0.7641,0.7616
29,True,False,True,True,0.7647,0.7628
30,True,False,True,True,0.7653,0.7638
31,True,False,True,True,0.7657,0.7646
32,True,False,True,True,0.766,0.7651
33,True,False,True,True,0.7795,0.7788
34,True,False,True,True,0.7978,0.7973
35,True,False,True,True,0.7961,0.7957
36,True,False,True,True,0.7894,0.7892
37,True,False,True,True,0.7846,0.7844
38,True,False,True,True,0.7808,0.7806
39,True,False,True,True,0.7778,0.7777
40,True,False,True,True,0.7756,0.7755
41,True,False,True,True,0.7738,0.7737
42,True,False,True,True,0.7724,0.7724
43,True,False,True,True,0.7779,0.7779
44,True,False,True,True,0.7866,0.7865
45,True,False,True,True,0.7928,0.7928
46,True,False,True,True,0.7973,0.7973
47,True,False,True,True,0.8006,0.8006
48,True,False,True,True,0.803,0.803
49,True,False,True,True,0.8047,0.8047
50,True,False,True,True,0.8059,0.8059
51,True,False,True,True,0.8068,0.8068
52,True,False,True,True,0.8075,0.8075
53,True,False,True,True,0.8079,0.8079
54,True,False,True,True,0.8083,0.8083
55,True,False,True,True,0.8085,0.8085
56,True,False,True,True,0.8087,0.8087
57,True,False,True,True,0.8089,0.8089
58,True,False,True,True,0.809,0.809
59,True,False,True,True,0.809,0.809
60,True,False,True,True,0.8047,0.8047
61,True,False,True,True,0.8028,0.8028
62,True,False,True,True,0.8045,0.8045
63,True,False,True,True,0.8111,0.8111
64,True,False,True,True,0.8139,0.8139
65,True,False,True,True,0.8013,0.8013
66,True,False,True,True,0.7887,0.7887
67,True,False,True,True,0.7789,0.7789
68,True,False,True,True,0.771,0.771
69,True,False,True,True,0.7648,0.7648
70,True,False,True,True,0.7597,0.7597
71,True,False,True,True,0.7556,0.7556
72,True,False,True,True,0.7523,0.7523
73,True,False,True,True,0.7496,0.7496
74,True,False,True,True,0.7474,0.7474
75,True,False,True,True,0.7456,0.7456
76,True,False,True,True,0.7441,0.7441
77,True,False,True,True,0.7429,0.7429
78,True,False,True,True,0.742,0.742
79,True,False,True,True,0.7413,0.7413
80,True,False,True,True,0.7407,0.7407
81,True,False,True,True,0.7403,0.7403
82,True,False,True,True,0.74,0.74
83,True,False,True,True,0.7398,0.7398
84,True,False,True,True,0.7396,0.7396
85,True,False,True,True,0.7469,0.7469
86,True,False,True,True,0.7576,0.7576
87,True,False,True,True,0.7657,0.7657
88,True,False,True,True,0.7718,0.7718
89,True,False,True,True,0.7764,0.7764
90,True,False,True,True,0.7799,0.7799
91,True,False,True,True,0.7826,0.7826
92,True,False,True,True,0.7846,0.7846
93,True,False,True,True,0.7922,0.7922
94,True,False,True,True,0.8017,0.8017
95,True,False,True,True,0.815,0.815
96,True,False,True,True,0.8261,0.8261
97,True,False,True,True,0.8333,0.8333
98,True,False,True,True,0.838,0.838
99,True,False,True,True,0.8409,0.8409
100,False,False,True,True,0.8429,0.8429
101,False,False,True,True,0.8442,0.8442
102,False,False,True,True,0.845,0.845
103,False,False,True,True,0.8456,0.8456
104,False,False,True,True,0.846,0.846
105,False,False,True,True,0.8462,0.8462
106,False,False,True,True,0.8464,0.8464
107,False,False,True,True,0.8465,0.8465
108,False,False,True,True,0.8466,0.8466
109,False,False,True,True,0.8467,0.8467
110,False,False,True,True,0.8467,0.8467
111,False,False,True,True,0.8468,0.8468
112,False,False,True,True,0.8468,0.8468
113,False,False,True,True,0.8437,0.8437
114,False,False,True,True,0.8375,0.8375
115,False,False,True,True,0.8215,0.8215
116,False,False,True,True,0.8045,0.8045
117,False,False,True,True,0.7913,0.7913
118,False,False,True,True,0.7809,0.7809
119,False,False,True,True,0.7727,0.7727
120,False,False,True,True,0.7662,0.7662
121,False,False,True,True,0.761,0.761
122,False,False,True,True,0.7569,0.7569
123,False,False,True,True,0.7606,0.7606
124,False,False,True,True,0.7683,0.7683
125,False,False,True,True,0.7656,0.7656
126,False,False,True,True,0.7603,0.7603
127,False,False,True,True,0.7563,0.7563
128,False,False,True,True,0.753,0.753
129,False,False,True,True,0.7505,0.7505
130,False,False,True,True,0.7484,0.7484
131,False,False,True,True,0.7468,0.7468
132,False,False,True,True,0.7454,0.7454
133,False,False,True,True,0.7369,0.7369
134,False,False,True,True,0.7243,0.7243
135,False,False,True,True,0.7139,0.7139
136,False,False,True,True,0.7052,0.7052
137,False,False,True,True,0.6978,0.6978
138,False,False,True,True,0.6916,0.6916
139,False,False,True,True,0.6864,0.6864
140,False,False,True,True,0.6819,0.6819
141,False,False,True,True,0.6782,0.6782
142,False,False,True,True,0.675,0.675
143,False,False,True,True,0.6813,0.6813
144,False,False,True,True,0.6927,0.6927
145,False,False,True,True,0.7131,0.7131
146,False,False,True,True,0.7329,0.7329
147,False,False,True,True,0.7506,0.7506
148,False,False,True,True,0.7655,0.7655
149,False,False,True,True,0.7781,0.7781
150,False,False,True,True,0.7889,0.7889
151,False,False,True,True,0.7978,0.7978
152,False,False,True,True,0.806,0.806
153,False,False,True,True,0.8114,0.8114
154,False,False,True,True,0.8173,0.8173
155,False,False,True,True,0.8216,0.8216
156,False,False,True,True,0.8244,0.8244
157,False,False,True,True,0.8266,0.8266
158,False,False,True,True,0.8298,0.8298
159,False,False,True,True,0.8312,0.8312
160,False,False,True,True,0.8328,0.8328
161,False,False,True,True,0.8338,0.8338
162,False,False,True,True,0.8364,0.8364
163,False,False,True,True,0.8378,0.8378
164,False,False,True,True,0.8397,0.8397
165,False,False,True,True,0.8401,0.8401
166,False,False,True,True,0.8416,0.8416
167,False,False,True,True,0.8419,0.8419
168,False,False,True,True,0.8424,0.8424
169,False,False,True,True,0.8447,0.8447
170,False,False,True,True,0.8451,0.8451
171,False,False,True,True,0.8464,0.8464
172,False,False,True,True,0.8467,0.8467
173,False,False,True,True,0.8471,0.8471
174,False,False,True,True,0.8476,0.8476
175,False,False,True,True,0.8547,0.8547
176,False,False,True,True,0.8632,0.8632
177,False,False,True,True,0.8679,0.8679
178,False,False,True,True,0.8705,0.8705
179,False,False,True,True,0.8719,0.8719
180,False,False,True,True,0.8728,0.8728
181,False,False,True,True,0.8732,0.8732
182,False,False,True,True,0.8735,0.8735
183,False,False,True,True,0.8748,0.8748
184,False,False,True,True,0.8759,0.8759
185,False,False,True,True,0.8766,0.8766
186,False,False,True,True,0.877,0.877
187,False,False,True,True,0.8772,0.8772
188,False,False,True,True,0.8773,0.8773
189,False,False,True,True,0.8774,0.8774
190,False,False,True,True,0.8774,0.8774
191,False,False,True,True,0.8774,0.8774
192,False,False,True,True,0.8775,0.8775
193,False,False,True,True,0.877,0.877
194,False,False,True,True,0.8756,0.8756
195,False,False,True,True,0.8687,0.8687
196,False,False,True,True,0.8597,0.8597
197,False,False,True,True,0.8541,0.8541
198,False,False,True,True,0.8506,0.8506
199,False,False,True,True,0.8483,0.8483
200,False,False,True,True,0.8468,0.8468
201,False,False,True,True,0.8458,0.8458
202,False,False,True,True,0.8452,0.8452
203,False,False,True,True,0.8448,0.8448
204,False,False,True,True,0.8445,0.8445
205,False,False,True,True,0.7945,0.7945
206,False,False,True,True,0.7377,0.7208
207,False,False,True,True,0.6804,0.6493
208,False,False,True,True,0.6267,0.5814
209,False,False,True,True,0.5773,0.5192
210,False,False,True,False,0.5326,0.4638
211,False,False,False,False,0.4929,0.416
212,False,False,False,False,0.4581,0.3758
213,False,False,False,False,0.4267,0.3243
214,False,False,False,False,0.3942,0.273
215,False,False,False,False,0.3655,0.2363
216,False,False,False,False,0.3417,0.2106
217,False,False,False,False,0.3222,0.193
218,False,False,False,False,0.3062,0.1811
219,False,False,False,False,0.2933,0.1731
220,False,False,False,False,0.2829,0.1679
221,False,False,False,False,0.2746,0.1644
222,False,False,False,False,0.268,0.1621
223,False,False,False,False,0.2627,0.1606
224,False,False,False,False,0.2585,0.1597
225,False,False,False,False,0.2787,0.1475
226,False,False,False,False,0.3044,0.1421
227,False,False,False,False,0.3336,0.1379
228,False,False,False,False,0.3596,0.1355
229,False,False,False,False,0.3826,0.1341
230,False,False,False,False,0.4031,0.1333
231,False,False,False,False,0.4212,0.1329
232,False,False,False,False,0.4372,0.1326
233,False,False,False,False,0.4514,0.1324
234,False,False,False,False,0.4663,0.132
235,False,False,False,False,0.4797,0.1317
236,False,False,False,False,0.4918,0.1314
237,False,False,True,False,0.5026,0.1313
238,False,False,True,False,0.5121,0.1311
239,False,False,True,False,0.5204,0.1311
240,False,False,True,False,0.5278,0.1311
241,False,False,True,False,0.5342,0.131
242,False,False,True,False,0.5399,0.131
243,False,False,True,False,0.5448,0.131
244,False,False,True,False,0.5492,0.131
245,False,False,True,False,0.5529,0.131
246,False,False,True,False,0.5556,0.1312
247,False,False,True,False,0.5577,0.1313
248,False,False,True,False,0.5596,0.1314
249,False,False,True,False,0.5612,0.1314
250,False,False,True,False,0.5626,0.1315
251,False,False,True,False,0.5638,0.1315
252,False,False,True,False,0.5649,0.1315
253,False,False,True,False,0.5658,0.1315
254,False,False,True,False,0.5669,0.1314
255,False,False,True,False,0.568,0.1313
256,False,False,True,False,0.569,0.1313
257,False,False,True,False,0.5699,0.1313
258,False,False,True,False,0.5706,0.1312
259,False,False,True,False,0.5713,0.1312
260,False,False,True,False,0.5718,0.1312
261,False,False,True,False,0.5723,0.1312
262,False,False,True,False,0.5728,0.1312
263,False,False,True,False,0.5732,0.1312
264,False,False,True,False,0.5735,0.1312
265,False,False,True,False,0.5738,0.1312
266,False,False,True,False,0.5742,0.1312
267,False,False,True,False,0.5746,0.1311
268,False,False,True,False,0.575,0.1311
269,False,False,True,False,0.5753,0.1311
270,False,False,True,False,0.5756,0.1311
271,False,False,True,False,0.5758,0.1311
272,False,False,True,False,0.576,0.1311
273,False,False,True,False,0.5762,0.1311
274,False,False,True,False,0.5767,0.131
275,False,False,True,False,0.5772,0.131
276,False,False,True,False,0.5778,0.1309
277,False,False,True,False,0.5785,0.1308
278,False,False,True,False,0.579,0.1308
279,False,False,True,False,0.5795,0.1307
280,False,False,True,False,0.5799,0.1307
281,False,False,True,False,0.5803,0.1307
282,False,False,True,False,0.5806,0.1307
283,False,False,True,False,0.5809,0.1307
284,False,False,True,False,0.5811,0.1307
285,False,False,True,False,0.5813,0.1307
286,False,False,True,False,0.5815,0.1307
287,False,False,True,False,0.5817,0.1307
288,False,False,True,False,0.5818,0.1307
289,False,False,True,False,0.5819,0.1307
290,False,False,True,False,0.582,0.1307
291,False,False,True,False,0.5821,0.1307
292,False,False,True,False,0.5822,0.1307
293,False,False,True,False,0.5822,0.1307
294,False,False,True,False,0.5813,0.1308
295,False,False,True,False,0.5796,0.131
296,False,False,True,False,0.577,0.1313
297,False,False,True,False,0.5743,0.1315
298,False,False,True,False,0.5719,0.1317
299,False,False,True,False,0.5699,0.1317
300,False,False,True,False,0.5681,0.1318
301,False,False,True,False,0.5665,0.1318
302,False,False,True,False,0.5651,0.1318
303,False,False,True,False,0.5639,0.1318
304,False,False,True,False,0.562,0.132
305,False,False,True,False,0.5599,0.1321
306,False,False,True,False,0.5585,0.1321
307,False,False,True,False,0.5576,0.1321
308,False,False,True,False,0.5569,0.1321
309,False,False,True,False,0.5562,0.1321
310,False,False,True,False,0.5556,0.1321
311,False,False,True,False,0.5551,0.1321
312,False,False,True,False,0.5547,0.1321
313,False,False,True,False,0.5543,0.1321
314,False,False,True,False,0.5533,0.1322
315,False,False,True,False,0.552,0.1323
316,False,False,True,False,0.5491,0.1326
317,False,False,True,False,0.5453,0.1329
318,False,False,True,False,0.5419,0.1331
319,False,False,True,False,0.539,0.1332
320,False,False,True,False,0.5364,0.1333
321,False,False,True,False,0.5341,0.1333
322,False,False,True,False,0.5321,0.1333
323,False,False,True,False,0.5303,0.1333
324,False,False,True,False,0.5273,0.1336
325,False,False,True,False,0.5159,0.1337
326,False,False,True,False,0.5004,0.1335
327,False,False,False,False,0.4877,0.1333
328,False,False,False,False,0.4765,0.1332
329,False,False,False,False,0.4667,0.1331
330,False,False,False,False,0.4581,0.1331
331,False,False,False,False,0.4505,0.133
332,False,False,False,False,0.4439,0.133
333,False,False,False,False,0.4305,0.133
334,False,False,False,False,0.414,0.1329
335,False,False,False,False,0.382,0.1327
336,False,False,False,False,0.3515,0.1328
337,False,False,False,False,0.3273,0.1327
338,False,False,False,False,0.3076,0.1327
339,False,False,False,False,0.2918,0.1326
340,False,False,False,False,0.2791,0.1326
341,False,False,False,False,0.268,0.1326
342,False,False,False,False,0.2602,0.1326
343,False,False,False,False,0.2502,0.1333
344,False,False,False,False,0.2443,0.136
345,False,False,False,False,0.2405,0.1375
346,False,False,False,False,0.2374,0.1384
347,False,False,False,False,0.2351,0.139
348,False,False,False,False,0.2332,0.1393
349,False,False,False,False,0.2318,0.1395
350,False,False,False,False,0.2308,0.1396
351,False,False,False,False,0.2293,0.1397
352,False,False,False,False,0.2288,0.1398
353,False,False,False,False,0.2319,0.1363
354,False,False,False,False,0.2398,0.1366
355,False,False,False,False,0.2402,0.1385
356,False,False,False,False,0.2381,0.1399
357,False,False,False,False,0.2352,0.1407
358,False,False,False,False,0.2337,0.1412
359,False,False,False,False,0.2335,0.1415
360,False,False,False,False,0.233,0.1417
361,False,False,False,False,0.2313,0.1418
362,False,False,False,False,0.231,0.1419
363,False,False,False,False,0.2454,0.1414
364,False,False,False,False,0.2649,0.1415
365,False,False,False,False,0.2864,0.1418
