seed,removed,n_sensors,accuracy
42,none,6,94.3
42,temperature,5,94.3
42,humidity,4,94.3
42,co2,3,94.3
42,lightlevel,2,94.3
42,noisedb,1,94.3
42,airquality,0,94.3
123,none,6,94.9
123,temperature,5,94.9
123,humidity,4,94.9
123,co2,3,94.9
123,lightlevel,2,94.9
123,noisedb,1,94.9
123,airquality,0,94.9
456,none,6,94.9
456,temperature,5,94.9
456,humidity,4,94.9
456,co2,3,94.9
456,lightlevel,2,94.9
456,noisedb,1,94.9
456,airquality,0,94.9
789,none,6,95.1
789,temperature,5,95.1
789,humidity,4,95.1
789,co2,3,95.1
789,lightlevel,2,95.1
789,noisedb,1,95.1
789,airquality,0,95.1
999,none,6,93.4
999,temperature,5,93.4
999,humidity,4,93.4
999,co2,3,93.4
999,lightlevel,2,93.4
999,noisedb,1,93.4
999,airquality,0,93.4
