timestamp,device,phase,test,strategy,effects
2026-04-09T21:19:31.663560,Humidifier,screening,1,deterministic_max,"{'Temperature': 0.0, 'Humidity': 0.025547, 'AirQuality': -0.030194, 'EnergyConsumption': 0.001097, 'Satisfaction': 0.0, 'Occupancy': 0.0, 'WindowState': 0.0}"
2026-04-09T22:11:35.686139,Humidifier,screening,2,deterministic_max,"{'Temperature': 0.001862, 'Humidity': 0.021898, 'AirQuality': -0.0174, 'EnergyConsumption': 0.001108, 'Satisfaction': 0.005079, 'Occupancy': 0.0, 'WindowState': 0.0}"
2026-04-09T23:03:39.883425,Humidifier,screening,3,deterministic_max,"{'Temperature': 0.005587, 'Humidity': 0.021898, 'AirQuality': -0.006141, 'EnergyConsumption': 0.001093, 'Satisfaction': 0.015238, 'Occupancy': 0.0, 'WindowState': 0.0}"
2026-04-09T23:55:44.187278,Humidifier,confirmatory,1,deterministic_max,"{'Temperature': 0.0, 'Humidity': 0.007299, 'AirQuality': -0.008188, 'EnergyConsumption': 0.001101, 'Satisfaction': 0.0, 'Occupancy': 0.0, 'WindowState': 0.0}"
2026-04-10T00:47:48.599277,Humidifier,confirmatory,2,deterministic_max,"{'Temperature': 0.003724, 'Humidity': 0.018248, 'AirQuality': -0.003582, 'EnergyConsumption': 0.00109, 'Satisfaction': 0.011429, 'Occupancy': 0.0, 'WindowState': 0.0}"
2026-04-10T01:39:53.839249,Humidifier,confirmatory,3,paired_counterfactual,"{'Temperature': 0.0, 'Humidity': 0.0, 'AirQuality': 0.006653, 'EnergyConsumption': 0.0, 'Satisfaction': 0.0, 'Occupancy': 0.0, 'WindowState': 0.0}"
2026-04-10T02:31:58.141795,Humidifier,confirmatory,4,paired_counterfactual,"{'Temperature': 0.001862, 'Humidity': -0.007299, 'AirQuality': 0.013306, 'EnergyConsumption': 0.0, 'Satisfaction': 0.005079, 'Occupancy': 0.0, 'WindowState': 0.0}"
2026-04-10T03:15:09.587304,Heater,screening,1,deterministic_max,"{'Temperature': 0.117318, 'Humidity': -0.059611, 'AirQuality': 0.021494, 'EnergyConsumption': 0.89024, 'Satisfaction': 0.325714, 'Occupancy': 0.0, 'WindowState': 0.0}"
2026-04-10T03:58:14.083477,Heater,screening,2,deterministic_max,"{'Temperature': 0.07635, 'Humidity': -0.03163, 'AirQuality': 0.034289, 'EnergyConsumption': 0.889744, 'Satisfaction': 0.210159, 'Occupancy': 0.0, 'WindowState': 0.0}"
2026-04-10T04:41:18.415654,Heater,screening,3,deterministic_max,"{'Temperature': 0.055866, 'Humidity': -0.029197, 'AirQuality': 0.018424, 'EnergyConsumption': 0.88877, 'Satisfaction': 0.154286, 'Occupancy': 0.0, 'WindowState': 0.0}"
2026-04-10T05:24:22.939469,Heater,confirmatory,1,deterministic_max,"{'Temperature': 0.054004, 'Humidity': -0.013382, 'AirQuality': 0.012794, 'EnergyConsumption': 0.887396, 'Satisfaction': 0.146667, 'Occupancy': 0.0, 'WindowState': 0.0}"
2026-04-10T06:07:27.249394,Heater,confirmatory,2,deterministic_max,"{'Temperature': 0.050279, 'Humidity': -0.017032, 'AirQuality': 0.016888, 'EnergyConsumption': 0.886851, 'Satisfaction': 0.137778, 'Occupancy': 0.0, 'WindowState': 0.0}"
2026-04-10T06:50:31.287300,Heater,confirmatory,3,paired_counterfactual,"{'Temperature': -0.054004, 'Humidity': 0.034063, 'AirQuality': -0.010747, 'EnergyConsumption': 0.0, 'Satisfaction': -0.149206, 'Occupancy': 0.0, 'WindowState': 0.0}"
2026-04-10T07:33:35.447408,Heater,confirmatory,4,paired_counterfactual,"{'Temperature': -0.039106, 'Humidity': 0.007299, 'AirQuality': 0.003071, 'EnergyConsumption': 0.0, 'Satisfaction': -0.108571, 'Occupancy': 0.0, 'WindowState': 0.0}"
2026-04-10T08:18:46.763390,Fan,screening,1,deterministic_max,"{'Temperature': 0.013035, 'Humidity': 0.009732, 'AirQuality': -0.016377, 'EnergyConsumption': 0.041128, 'Satisfaction': 0.035556, 'Occupancy': 0.0, 'WindowState': 0.0}"
2026-04-10T09:03:51.071401,Fan,screening,2,deterministic_max,"{'Temperature': 0.01676, 'Humidity': 0.010949, 'AirQuality': -0.02303, 'EnergyConsumption': 0.041056, 'Satisfaction': 0.045714, 'Occupancy': 0.0, 'WindowState': 0.0}"
2026-04-10T09:48:55.867471,Fan,screening,3,deterministic_max,"{'Temperature': 0.011173, 'Humidity': 0.004866, 'AirQuality': -0.010235, 'EnergyConsumption': 0.041072, 'Satisfaction': 0.032381, 'Occupancy': 0.0, 'WindowState': 0.0}"
2026-04-10T10:34:00.639236,Fan,confirmatory,1,deterministic_max,"{'Temperature': 0.03352, 'Humidity': 0.026764, 'AirQuality': -0.003071, 'EnergyConsumption': 0.041165, 'Satisfaction': 0.093333, 'Occupancy': 0.0, 'WindowState': 0.0}"
2026-04-10T11:19:04.895403,Fan,confirmatory,2,deterministic_max,"{'Temperature': 0.018622, 'Humidity': 0.002433, 'AirQuality': 0.003582, 'EnergyConsumption': 0.041004, 'Satisfaction': 0.052698, 'Occupancy': 0.0, 'WindowState': 0.0}"
2026-04-10T12:04:10.403308,Fan,confirmatory,3,paired_counterfactual,"{'Temperature': -0.042831, 'Humidity': 0.048662, 'AirQuality': 0.004094, 'EnergyConsumption': 0.0, 'Satisfaction': -0.11873, 'Occupancy': 0.0, 'WindowState': 0.0}"
2026-04-10T12:49:14.487394,Fan,confirmatory,4,paired_counterfactual,"{'Temperature': -0.01676, 'Humidity': 0.023114, 'AirQuality': -0.009212, 'EnergyConsumption': 0.0, 'Satisfaction': -0.045714, 'Occupancy': 0.0, 'WindowState': 0.0}"
