method,n_sensors,dropped,occ_accuracy,occ_std,win_accuracy,win_std,combined_accuracy,combined_std
PolicyGRID-O,6,none,98.6,0.3,75.6,0.3,74.3,0.6
PolicyGRID-O,5,co2,98.6,0.3,75.6,0.3,74.3,0.6
PolicyGRID-O,4,noisedb,80.1,0.9,74.9,0.7,57.5,0.7
PolicyGRID-O,3,lightlevel,64.9,0.6,69.7,0.6,60.2,0.9
PolicyGRID-O,2,airquality,51.3,0.3,72.2,0.3,49.5,0.1
PolicyGRID-O,1,humidity,50.6,0.4,75.6,0.3,50.6,0.4
PolicyGRID,6,none,99.1,0.1,90.9,0.5,90.0,0.7
PolicyGRID,5,co2,99.1,0.1,90.9,0.5,90.0,0.7
PolicyGRID,4,noisedb,64.8,1.1,69.7,1.0,36.2,1.6
PolicyGRID,3,lightlevel,63.3,1.7,49.8,0.7,38.4,0.4
PolicyGRID,2,airquality,59.3,1.6,75.2,0.5,48.9,1.6
PolicyGRID,1,humidity,47.3,0.5,75.6,0.3,47.3,0.5
PC,6,none,64.4,0.2,75.6,0.3,51.4,0.1
PC,5,co2,64.4,0.2,75.6,0.3,51.4,0.1
PC,4,noisedb,51.5,0.2,75.6,0.3,51.4,0.1
PC,3,lightlevel,51.4,0.1,75.6,0.3,51.4,0.1
PC,2,airquality,51.4,0.1,75.6,0.3,51.4,0.1
PC,1,humidity,51.4,0.1,75.6,0.3,51.4,0.1
GIES,6,none,64.4,0.2,75.6,0.3,51.4,0.1
GIES,5,co2,64.4,0.2,75.6,0.3,51.4,0.1
GIES,4,noisedb,51.5,0.2,75.6,0.3,51.4,0.1
GIES,3,lightlevel,51.4,0.1,75.6,0.3,51.4,0.1
GIES,2,airquality,51.4,0.1,75.6,0.3,51.4,0.1
GIES,1,humidity,51.4,0.1,75.6,0.3,51.4,0.1
ICP,6,none,97.6,0.3,68.9,0.5,68.1,0.4
ICP,5,co2,97.6,0.3,68.9,0.5,68.1,0.4
ICP,4,noisedb,78.2,0.4,69.5,0.4,60.6,0.4
ICP,3,lightlevel,76.8,0.2,70.0,0.3,63.5,0.3
ICP,2,airquality,77.6,0.3,74.1,0.4,65.5,0.5
ICP,1,humidity,77.6,0.3,74.1,0.4,65.5,0.5
NOTEARS-I,6,none,64.3,0.3,75.6,0.3,51.4,0.1
NOTEARS-I,5,co2,62.9,0.2,75.6,0.3,51.4,0.1
NOTEARS-I,4,noisedb,51.4,0.1,75.4,0.2,51.1,0.1
NOTEARS-I,3,lightlevel,51.4,0.1,75.3,0.2,51.1,0.2
NOTEARS-I,2,airquality,51.3,0.2,75.6,0.3,51.3,0.2
NOTEARS-I,1,humidity,51.4,0.1,75.6,0.3,51.4,0.1
ABCD,6,none,59.0,1.3,75.6,0.3,51.4,0.1
ABCD,5,co2,53.8,1.0,75.6,0.3,51.4,0.1
ABCD,4,noisedb,52.2,0.3,75.3,0.5,51.2,0.4
ABCD,3,lightlevel,51.4,0.1,75.6,0.3,51.4,0.1
ABCD,2,airquality,52.7,0.6,75.6,0.3,52.0,0.3
ABCD,1,humidity,51.4,0.1,75.6,0.3,51.4,0.1
JCI,6,none,65.2,0.9,75.6,0.3,52.0,0.4
JCI,5,co2,65.2,0.9,75.6,0.3,52.0,0.4
JCI,4,noisedb,51.7,0.1,75.6,0.3,51.4,0.1
JCI,3,lightlevel,51.4,0.1,75.6,0.3,51.4,0.1
JCI,2,airquality,51.4,0.1,75.6,0.3,51.4,0.1
JCI,1,humidity,51.4,0.1,75.6,0.3,51.4,0.1
Causal Bandits,6,none,73.4,0.6,75.6,0.3,50.6,0.3
Causal Bandits,5,co2,73.4,0.6,75.6,0.3,50.6,0.3
Causal Bandits,4,noisedb,73.4,0.6,75.6,0.3,50.6,0.3
Causal Bandits,3,lightlevel,70.6,0.4,78.7,1.1,55.7,0.8
Causal Bandits,2,airquality,57.5,0.4,78.4,0.2,50.8,0.1
Causal Bandits,1,humidity,57.5,0.4,78.4,0.2,50.8,0.1
IID,6,none,99.3,0.2,75.3,0.9,74.7,1.0
IID,5,co2,99.3,0.2,75.3,0.9,74.7,1.0
IID,4,noisedb,80.6,0.7,69.8,1.7,61.1,1.3
IID,3,lightlevel,80.6,0.7,69.8,1.7,61.1,1.3
IID,2,airquality,48.6,0.1,24.4,0.3,51.4,0.1
IID,1,humidity,48.6,0.1,24.4,0.3,51.4,0.1
