method,run,comfort_target,satisfaction,energy,kwh,dh,mo_score,n_steps
PolicyGRID,0,0.5,89.57966666666668,33.60058333333333,3.696,0.0,0.803,120
PolicyGRID,1,0.5,89.70675000000001,33.60058333333333,3.696,0.0,0.804,120
PolicyGRID,2,0.5,89.38491666666665,33.600500000000004,3.696,0.0,0.802,120
PolicyGRID-O,0,0.5,90.86158333333333,7.038500000000003,0.774,0.095,0.917,120
PolicyGRID-O,1,0.5,88.37049999999999,6.600833333333336,0.725,1.331,0.904,120
PolicyGRID-O,2,0.5,92.39450000000001,7.154583333333335,0.786,0.02,0.926,120
PolicyGRID-Random,0,0.5,82.00316666666667,2.179583333333334,0.238,0.125,0.883,120
PolicyGRID-Random,1,0.5,69.98116666666667,1.4941666666666673,0.163,4.978,0.814,120
PolicyGRID-Random,2,0.5,75.4965,1.7960833333333341,0.196,1.623,0.846,120
PolicyGRID-Rewired,0,0.5,95.775,58.73616666666667,6.453,0.0,0.74,120
PolicyGRID-Rewired,1,0.5,95.22025000000001,49.46316666666668,5.434,0.002,0.773,120
PolicyGRID-Rewired,2,0.5,95.63066666666667,45.767166666666675,5.028,0.0,0.791,120
PolicyGRID-Empty,0,0.5,90.07466666666666,29.598583333333327,3.262,0.0,0.822,120
PolicyGRID-Empty,1,0.5,89.45508333333333,29.598583333333327,3.262,0.0,0.818,120
PolicyGRID-Empty,2,0.5,90.16166666666666,29.598583333333327,3.262,0.0,0.823,120
PolicyGRID,0,0.8,88.42299999999999,24.209416666666666,2.663,0.0,0.834,120
PolicyGRID,1,0.8,88.88183333333333,22.734500000000004,2.5,0.0,0.842,120
PolicyGRID,2,0.8,88.74791666666667,24.16933333333333,2.658,0.0,0.836,120
PolicyGRID-O,0,0.8,90.58891666666666,6.076250000000002,0.667,0.702,0.919,120
PolicyGRID-O,1,0.8,87.57116666666666,6.076250000000002,0.667,2.126,0.901,120
PolicyGRID-O,2,0.8,92.78466666666667,6.076250000000002,0.667,0.06,0.932,120
PolicyGRID-Random,0,0.8,79.1185,3.647250000000002,0.4,1.109,0.86,120
PolicyGRID-Random,1,0.8,84.91133333333333,18.403083333333328,2.023,0.005,0.836,120
PolicyGRID-Random,2,0.8,84.1805,36.89733333333334,4.059,0.099,0.757,120
PolicyGRID-Rewired,0,0.8,95.36158333333333,39.23574999999999,4.311,0.0,0.815,120
PolicyGRID-Rewired,1,0.8,95.36449999999998,36.22125000000001,3.979,0.0,0.827,120
PolicyGRID-Rewired,2,0.8,95.6125,39.23575,4.311,0.0,0.817,120
PolicyGRID-Empty,0,0.8,89.81241666666668,29.598583333333327,3.262,0.0,0.82,120
PolicyGRID-Empty,1,0.8,89.4225,29.598583333333327,3.262,0.0,0.818,120
PolicyGRID-Empty,2,0.8,89.32108333333333,29.598583333333327,3.262,0.0,0.818,120
PolicyGRID,0,1.0,84.74341666666668,4.619166666666667,0.508,0.223,0.89,120
PolicyGRID,1,1.0,86.16325,6.251166666666666,0.687,0.001,0.892,120
PolicyGRID,2,1.0,86.2125,7.214916666666668,0.794,0.002,0.888,120
PolicyGRID-O,0,1.0,84.48133333333334,6.076250000000002,0.667,3.334,0.883,120
PolicyGRID-O,1,1.0,89.64691666666664,6.076250000000002,0.667,0.768,0.914,120
PolicyGRID-O,2,1.0,91.15741666666668,6.076250000000002,0.667,0.409,0.923,120
PolicyGRID-Random,0,1.0,70.17341666666668,1.1358333333333333,0.123,3.635,0.816,120
PolicyGRID-Random,1,1.0,81.90724999999999,2.580416666666667,0.283,0.156,0.881,120
PolicyGRID-Random,2,1.0,82.24408333333334,3.2327500000000002,0.354,1.831,0.881,120
PolicyGRID-Rewired,0,1.0,95.10941666666668,36.22125000000001,3.979,0.0,0.826,120
PolicyGRID-Rewired,1,1.0,95.09566666666666,36.22125000000001,3.979,0.0,0.826,120
PolicyGRID-Rewired,2,1.0,95.37533333333334,36.22125000000001,3.979,0.0,0.827,120
PolicyGRID-Empty,0,1.0,90.134,29.598583333333327,3.262,0.0,0.822,120
PolicyGRID-Empty,1,1.0,89.91283333333334,29.598583333333327,3.262,0.0,0.821,120
PolicyGRID-Empty,2,1.0,89.84641666666667,29.598583333333327,3.262,0.0,0.821,120
PolicyGRID,0,1.5,84.18250000000002,4.316583333333333,0.475,2.019,0.888,120
PolicyGRID,1,1.5,86.80783333333332,4.015333333333333,0.442,0.029,0.905,120
PolicyGRID,2,1.5,85.196,3.6554166666666674,0.401,1.026,0.897,120
PolicyGRID-O,0,1.5,92.81275000000001,6.076250000000002,0.667,0.077,0.933,120
PolicyGRID-O,1,1.5,89.46966666666667,6.076250000000002,0.667,1.227,0.913,120
PolicyGRID-O,2,1.5,88.65733333333334,6.076250000000002,0.667,1.249,0.908,120
PolicyGRID-Random,0,1.5,85.90608333333333,3.4067500000000006,0.374,0.26,0.902,120
PolicyGRID-Random,1,1.5,79.60508333333334,3.465166666666668,0.38,2.752,0.864,120
PolicyGRID-Random,2,1.5,84.06466666666665,3.3637500000000005,0.369,0.686,0.891,120
PolicyGRID-Rewired,0,1.5,95.53524999999999,35.718833333333336,3.924,0.0,0.83,120
PolicyGRID-Rewired,1,1.5,95.59391666666667,35.718833333333336,3.924,0.0,0.831,120
PolicyGRID-Rewired,2,1.5,95.28391666666667,35.718833333333336,3.924,0.0,0.829,120
PolicyGRID-Empty,0,1.5,89.84283333333333,29.598583333333327,3.262,0.0,0.821,120
PolicyGRID-Empty,1,1.5,89.45241666666668,29.598583333333327,3.262,0.0,0.818,120
PolicyGRID-Empty,2,1.5,90.18149999999999,29.598583333333327,3.262,0.0,0.823,120
PolicyGRID,0,2.0,85.93266666666666,4.164,0.459,1.21,0.899,120
PolicyGRID,1,2.0,86.76766666666666,3.88175,0.427,0.065,0.905,120
PolicyGRID,2,2.0,83.73891666666667,3.7308333333333334,0.41,1.455,0.888,120
PolicyGRID-O,0,2.0,93.72041666666668,6.076250000000002,0.667,0.05,0.938,120
PolicyGRID-O,1,2.0,89.79683333333332,6.076250000000002,0.667,0.787,0.914,120
PolicyGRID-O,2,2.0,89.8485,6.076250000000002,0.667,0.984,0.915,120
PolicyGRID-Random,0,2.0,84.39825,3.5100833333333337,0.385,0.688,0.892,120
PolicyGRID-Random,1,2.0,80.26533333333333,3.516416666666667,0.386,3.125,0.868,120
PolicyGRID-Random,2,2.0,86.55083333333332,3.6640000000000006,0.402,0.076,0.905,120
PolicyGRID-Rewired,0,2.0,95.45866666666667,35.718833333333336,3.924,0.0,0.83,120
PolicyGRID-Rewired,1,2.0,95.39641666666667,35.718833333333336,3.924,0.0,0.83,120
PolicyGRID-Rewired,2,2.0,95.55808333333333,35.718833333333336,3.924,0.0,0.83,120
PolicyGRID-Empty,0,2.0,89.63808333333333,29.598583333333327,3.262,0.0,0.819,120
PolicyGRID-Empty,1,2.0,89.84025,29.598583333333327,3.262,0.0,0.821,120
PolicyGRID-Empty,2,2.0,89.81816666666666,29.598583333333327,3.262,0.0,0.821,120
