timestamp,step,minute,method,Temperature,Humidity,AirQuality,EnergyConsumption,Satisfaction,Occupancy,WindowState,regime,Heater,Humidifier,Fan
2026-04-16T09:33:14.013500,0,0,Validated_eps1.0,23.25,50.55,37.4,0.0,14.8,0,0,base,False,False,False
2026-04-16T09:34:15.183261,1,1,Validated_eps1.0,23.25,50.5,36.3,0.0,14.8,0,0,base,False,False,False
2026-04-16T09:35:16.383101,2,2,Validated_eps1.0,23.25,50.5,36.8,0.0,14.8,0,0,base,False,False,False
2026-04-16T09:36:17.619876,3,3,Validated_eps1.0,23.25,50.5,36.9,0.0,14.8,0,0,base,False,False,False
2026-04-16T09:37:18.831244,4,4,Validated_eps1.0,23.25,50.5,36.1,0.0,14.8,0,0,base,False,False,False
2026-04-16T09:38:20.155103,5,5,Validated_eps1.0,23.25,50.5,36.1,0.0,14.8,0,0,base,False,False,False
2026-04-16T09:39:21.382800,6,6,Validated_eps1.0,23.25,50.5,36.1,0.0,14.8,0,0,base,False,False,False
2026-04-16T09:40:22.489099,7,7,Validated_eps1.0,23.25,50.5,36.8,0.0,14.8,0,0,base,False,False,False
2026-04-16T09:41:23.591492,8,8,Validated_eps1.0,23.25,50.5,35.6,0.0,14.8,0,0,base,False,False,False
2026-04-16T09:42:25.121103,9,9,Validated_eps1.0,23.45,50.0,36.0,0.0,18.1,0,0,base,False,False,False
2026-04-16T09:43:26.249005,10,10,Validated_eps1.0,23.45,50.0,36.1,0.0,18.1,0,0,base,False,False,False
2026-04-16T09:44:27.415275,11,11,Validated_eps1.0,23.5,49.8,36.8,0.0,18.9,1,0,occ,False,False,False
2026-04-16T09:45:28.605252,12,12,Validated_eps1.0,23.5,49.8,36.4,0.0,18.9,1,0,occ,False,False,False
2026-04-16T09:46:29.785765,13,13,Validated_eps1.0,23.5,49.8,37.3,0.0,18.9,1,0,occ,False,False,False
2026-04-16T09:47:31.196964,14,14,Validated_eps1.0,23.5,49.8,37.6,0.0,18.9,1,0,occ,False,False,False
2026-04-16T09:48:32.333325,15,15,Validated_eps1.0,23.5,49.8,37.2,0.0,18.9,1,0,occ,False,False,False
2026-04-16T09:49:33.897060,16,16,Validated_eps1.0,23.5,49.8,37.2,0.0,18.9,1,1,full,False,False,False
2026-04-16T09:50:35.237318,17,17,Validated_eps1.0,23.5,49.8,37.9,0.0,18.9,1,1,full,False,False,False
2026-04-16T09:51:36.495507,18,18,Validated_eps1.0,23.5,49.8,38.4,0.0,18.9,1,1,full,False,False,False
2026-04-16T09:52:37.885248,19,19,Validated_eps1.0,23.35,50.05,38.1,0.0,16.5,1,1,full,False,False,False
2026-04-16T09:53:39.069961,20,20,Validated_eps1.0,23.35,50.05,38.8,0.0,16.5,1,1,full,False,False,False
2026-04-16T09:54:40.172965,21,21,Validated_eps1.0,23.35,50.05,38.6,0.0,16.5,0,1,win,False,False,False
2026-04-16T09:55:41.290538,22,22,Validated_eps1.0,23.35,50.05,39.0,0.0,16.5,0,1,win,False,False,False
2026-04-16T09:56:42.404723,23,23,Validated_eps1.0,23.35,50.05,39.4,0.0,16.5,0,1,win,False,False,False
2026-04-16T09:57:43.600884,24,24,Validated_eps1.0,23.35,50.05,38.0,0.0,16.5,0,1,win,False,False,False
2026-04-16T09:58:44.725957,25,25,Validated_eps1.0,23.35,50.05,38.7,0.0,16.5,0,1,win,False,False,False
2026-04-16T09:59:45.950920,26,26,Validated_eps1.0,23.35,50.05,38.7,0.0,16.5,0,0,base,False,False,False
2026-04-16T10:00:47.136397,27,27,Validated_eps1.0,23.35,50.05,39.5,0.0,16.5,0,0,base,False,False,False
2026-04-16T10:01:48.292515,28,28,Validated_eps1.0,23.35,50.05,38.1,0.0,16.5,0,0,base,False,False,False
2026-04-16T10:02:49.451613,29,29,Validated_eps1.0,23.3,50.1,38.1,0.0,15.6,0,0,base,False,False,False
2026-04-16T10:18:59.247034,0,0,Obs-Only_eps1.0,23.3,49.95,37.5,0.0,15.6,0,0,base,False,False,False
2026-04-16T10:20:00.391072,1,1,Obs-Only_eps1.0,23.3,49.95,37.3,0.0,15.6,0,0,base,False,False,False
2026-04-16T10:21:02.119810,2,2,Obs-Only_eps1.0,23.3,49.95,37.3,0.0,15.6,0,0,base,False,False,False
2026-04-16T10:22:03.262208,3,3,Obs-Only_eps1.0,23.35,49.95,37.1,0.0,16.5,0,0,base,False,False,False
2026-04-16T10:23:04.432359,4,4,Obs-Only_eps1.0,23.35,49.95,37.2,0.0,16.5,0,0,base,False,False,False
2026-04-16T10:24:05.583336,5,5,Obs-Only_eps1.0,23.35,49.8,37.7,0.0,16.5,0,0,base,False,False,False
2026-04-16T10:25:07.006109,6,6,Obs-Only_eps1.0,23.35,49.8,37.2,0.0,16.5,0,0,base,False,False,False
2026-04-16T10:26:09.209611,7,7,Obs-Only_eps1.0,23.35,49.8,36.5,0.0,16.5,0,0,base,False,False,False
2026-04-16T10:27:10.454211,8,8,Obs-Only_eps1.0,23.35,49.8,37.4,0.0,16.5,0,0,base,False,False,False
2026-04-16T10:28:11.623090,9,9,Obs-Only_eps1.0,23.35,49.8,37.8,0.0,16.5,0,0,base,False,False,False
2026-04-16T10:29:12.839119,10,10,Obs-Only_eps1.0,23.35,49.8,36.8,0.0,16.5,0,0,base,False,False,False
2026-04-16T10:30:14.095110,11,11,Obs-Only_eps1.0,23.35,49.8,37.5,0.0,16.5,1,0,occ,False,False,False
2026-04-16T10:31:15.335101,12,12,Obs-Only_eps1.0,23.35,49.8,38.5,0.0,16.5,1,0,occ,False,False,False
2026-04-16T10:32:16.551105,13,13,Obs-Only_eps1.0,23.35,49.65,39.3,0.0,16.5,1,0,occ,False,False,False
2026-04-16T10:33:18.287113,14,14,Obs-Only_eps1.0,23.35,49.65,37.8,0.0,16.5,1,0,occ,False,False,False
2026-04-16T10:34:19.535104,15,15,Obs-Only_eps1.0,23.4,49.75,38.0,0.0,17.3,1,0,occ,False,False,False
2026-04-16T10:35:20.775094,16,16,Obs-Only_eps1.0,23.4,49.75,38.7,0.0,17.3,1,0,occ,False,False,False
2026-04-16T10:36:22.053480,17,17,Obs-Only_eps1.0,23.4,49.75,40.4,0.0,17.3,1,1,full,False,False,False
2026-04-16T10:37:23.355103,18,18,Obs-Only_eps1.0,23.4,49.75,38.4,0.0,17.3,1,1,full,False,False,False
2026-04-16T10:38:24.623103,19,19,Obs-Only_eps1.0,23.4,49.75,38.3,0.0,17.3,1,1,full,False,False,False
2026-04-16T10:39:25.931106,20,20,Obs-Only_eps1.0,23.4,49.75,39.0,0.0,17.3,1,1,full,False,False,False
2026-04-16T10:40:27.207117,21,21,Obs-Only_eps1.0,23.4,49.75,38.1,0.0,17.3,1,1,full,False,False,False
2026-04-16T10:41:28.451127,22,22,Obs-Only_eps1.0,23.4,49.75,39.1,0.0,17.3,0,1,win,False,False,False
2026-04-16T10:42:29.707094,23,23,Obs-Only_eps1.0,23.3,50.2,40.5,0.0,15.6,0,1,win,False,False,False
2026-04-16T10:43:30.947121,24,24,Obs-Only_eps1.0,23.3,50.2,40.7,0.0,15.6,0,1,win,False,False,False
2026-04-16T10:44:32.391101,25,25,Obs-Only_eps1.0,23.1,50.45,40.6,0.0,12.3,0,1,win,False,False,False
2026-04-16T10:45:34.271120,26,26,Obs-Only_eps1.0,23.1,50.45,39.8,0.0,12.3,0,1,win,False,False,False
2026-04-16T10:46:35.499250,27,27,Obs-Only_eps1.0,23.1,50.45,40.5,0.0,12.3,0,0,base,False,False,False
2026-04-16T10:47:36.743093,28,28,Obs-Only_eps1.0,23.1,50.45,40.3,0.0,12.3,0,0,base,False,False,False
2026-04-16T10:48:38.115226,29,29,Obs-Only_eps1.0,23.1,50.45,39.9,0.0,12.3,0,0,base,False,False,False
2026-04-16T11:04:48.236027,0,0,PID,23.45,49.8,38.9,0.0,18.1,0,0,base,False,False,False
2026-04-16T11:05:49.617343,1,1,PID,23.45,49.8,38.6,0.0,18.1,0,0,base,False,False,False
2026-04-16T11:06:50.837309,2,2,PID,23.45,49.8,39.1,0.0,18.1,0,0,base,False,False,False
2026-04-16T11:07:52.268140,3,3,PID,23.45,49.8,39.2,0.0,18.1,0,0,base,False,False,False
2026-04-16T11:08:53.428026,4,4,PID,23.45,49.8,39.0,0.0,18.1,0,0,base,False,False,False
2026-04-16T11:09:54.596247,5,5,PID,23.45,49.8,38.4,0.0,18.1,0,0,base,False,False,False
2026-04-16T11:10:55.809116,6,6,PID,23.45,49.8,37.9,0.0,18.1,0,0,base,False,False,False
2026-04-16T11:11:57.131768,7,7,PID,23.45,49.8,38.1,0.0,18.1,0,0,base,False,False,False
2026-04-16T11:12:58.393974,8,8,PID,23.45,49.8,38.4,0.0,18.1,0,0,base,False,False,False
2026-04-16T11:13:59.537677,9,9,PID,23.45,49.8,37.7,0.0,18.1,0,0,base,False,False,False
2026-04-16T11:15:00.670799,10,10,PID,23.5,49.75,38.6,0.0,18.9,0,0,base,False,False,False
2026-04-16T11:16:01.837904,11,11,PID,23.5,49.75,39.3,0.0,18.9,1,0,occ,False,False,False
2026-04-16T11:17:02.991486,12,12,PID,23.5,49.75,38.8,0.0,18.9,1,0,occ,False,False,False
2026-04-16T11:18:04.175821,13,13,PID,23.5,49.75,37.7,0.0,18.9,1,0,occ,False,False,False
2026-04-16T11:19:05.345141,14,14,PID,23.5,49.75,37.9,0.0,18.9,1,0,occ,False,False,False
2026-04-16T11:20:06.437886,15,15,PID,23.5,49.75,38.3,0.0,18.9,1,0,occ,False,False,False
2026-04-16T11:21:09.179111,16,16,PID,23.5,49.75,38.0,0.0,18.9,1,0,occ,False,False,False
2026-04-16T11:22:10.700148,17,17,PID,23.45,49.75,38.1,0.0,18.1,1,1,full,False,False,False
2026-04-16T11:23:11.914669,18,18,PID,23.45,49.75,39.7,0.0,18.1,1,1,full,False,False,False
2026-04-16T11:24:13.055595,19,19,PID,23.6,50.05,38.9,0.0,20.6,1,1,full,False,False,False
2026-04-16T11:25:14.232719,20,20,PID,23.6,50.05,39.3,0.0,20.6,1,1,full,False,False,False
2026-04-16T11:26:15.437032,21,21,PID,23.6,50.05,39.7,0.0,20.6,1,1,full,False,False,False
2026-04-16T11:27:16.555918,22,22,PID,23.6,50.05,40.3,0.0,20.6,0,1,win,False,False,False
2026-04-16T11:28:17.805789,23,23,PID,23.6,50.05,40.1,0.0,20.6,0,1,win,False,False,False
2026-04-16T11:29:19.262050,24,24,PID,23.6,50.05,40.1,0.0,20.6,0,1,win,False,False,False
2026-04-16T11:30:21.474804,25,25,PID,23.6,50.05,41.5,0.0,20.6,0,1,win,False,False,False
2026-04-16T11:31:24.904325,26,26,PID,23.6,50.05,42.0,0.0,20.6,0,1,win,False,False,False
2026-04-16T11:32:28.134143,27,27,PID,23.5,50.8,41.7,0.0,18.9,0,0,base,False,False,False
2026-04-16T11:33:31.010177,28,28,PID,23.5,50.8,40.2,0.0,18.9,0,0,base,False,False,False
2026-04-16T11:34:33.090819,29,29,PID,23.3,50.65,39.7,0.0,15.6,0,0,base,False,False,False
2026-04-16T11:50:44.703122,0,0,All-OFF,23.45,49.65,37.5,0.0,18.1,0,0,base,False,False,False
2026-04-16T11:51:45.950319,1,1,All-OFF,23.45,49.65,38.1,0.0,18.1,0,0,base,False,False,False
2026-04-16T11:52:47.650925,2,2,All-OFF,23.5,49.65,38.4,0.0,18.9,0,0,base,False,False,False
2026-04-16T11:53:49.078796,3,3,All-OFF,23.5,49.65,37.6,0.0,18.9,0,0,base,False,False,False
2026-04-16T11:54:50.326683,4,4,All-OFF,23.7,49.3,37.1,0.0,22.3,0,0,base,False,False,False
2026-04-16T11:55:52.142110,5,5,All-OFF,23.7,49.3,37.7,0.0,22.3,0,0,base,False,False,False
2026-04-16T11:56:53.286299,6,6,All-OFF,23.7,49.3,38.3,0.0,22.3,1,0,occ,False,False,False
2026-04-16T11:57:55.449705,7,7,All-OFF,23.7,49.3,38.1,0.0,22.3,1,0,occ,False,False,False
2026-04-16T11:58:56.860057,8,8,All-OFF,23.7,49.3,38.7,0.0,22.3,1,0,occ,False,False,False
2026-04-16T11:59:58.005622,9,9,All-OFF,23.7,49.3,37.8,0.0,22.3,1,0,occ,False,False,False
2026-04-16T12:00:59.129324,10,10,All-OFF,23.7,49.3,38.8,0.0,22.3,1,0,occ,False,False,False
2026-04-16T12:02:00.267194,11,11,All-OFF,23.75,49.2,37.0,0.0,23.1,1,0,occ,False,False,False
2026-04-16T12:03:01.405805,12,12,All-OFF,23.75,49.2,37.9,0.0,23.1,1,0,occ,False,False,False
2026-04-16T12:04:02.528705,13,13,All-OFF,23.75,49.2,37.5,0.0,23.1,1,1,full,False,False,False
2026-04-16T12:05:03.871630,14,14,All-OFF,23.8,49.2,38.0,0.0,23.9,1,1,full,False,False,False
2026-04-16T12:06:06.125052,15,15,All-OFF,23.8,49.2,38.3,0.0,23.9,1,1,full,False,False,False
2026-04-16T12:07:07.325581,16,16,All-OFF,23.8,49.2,39.0,0.0,23.9,1,1,full,False,False,False
2026-04-16T12:08:08.506174,17,17,All-OFF,23.8,49.2,39.1,0.0,23.9,1,1,full,False,False,False
2026-04-16T12:09:09.727320,18,18,All-OFF,23.8,49.2,39.0,0.0,23.9,0,0,base,False,False,False
2026-04-16T12:10:10.834619,19,19,All-OFF,23.8,49.2,38.6,0.0,23.9,0,0,base,False,False,False
2026-04-16T12:11:11.975469,20,20,All-OFF,23.8,49.2,39.7,0.0,23.9,0,0,base,False,False,False
2026-04-16T12:12:13.094558,21,21,All-OFF,23.8,49.2,40.5,0.0,23.9,0,0,base,False,False,False
2026-04-16T12:13:14.532139,22,22,All-OFF,23.8,49.2,39.0,0.0,23.9,0,0,base,False,False,False
2026-04-16T12:14:15.646371,23,23,All-OFF,23.95,49.2,38.2,0.0,26.4,0,0,base,False,False,False
2026-04-16T12:15:16.822997,24,24,All-OFF,23.95,49.2,38.9,0.0,26.4,0,0,base,False,False,False
2026-04-16T12:16:17.964271,25,25,All-OFF,23.95,49.2,38.7,0.0,26.4,0,0,base,False,False,False
2026-04-16T12:17:19.077488,26,26,All-OFF,23.95,49.2,38.8,0.0,26.4,0,0,base,False,False,False
2026-04-16T12:18:20.181208,27,27,All-OFF,23.95,49.2,38.0,0.0,26.4,0,0,base,False,False,False
2026-04-16T12:19:21.293597,28,28,All-OFF,23.95,49.2,37.8,0.0,26.4,0,0,base,False,False,False
2026-04-16T12:20:22.396472,29,29,All-OFF,23.95,49.2,38.5,0.0,26.4,0,0,base,False,False,False
