method,seed,weather,comfort_target,kWh,satisfaction,MO,mean_hvac,base_steps,base_kwh,base_sat,occ_steps,occ_kwh,occ_sat,win_steps,win_kwh,win_sat,full_steps,full_kwh,full_sat
Validated,42,mild,0.5,45.29,82.02,0.7916,0.327,15.0,0.47,93.3,184.0,5.8,80.9,725.0,22.73,86.3,516.0,16.28,76.1
Obs-Only,42,mild,0.5,48.67,82.55,0.7915,0.356,14.0,0.46,94.0,206.0,6.98,80.7,726.0,24.06,86.7,494.0,17.18,77.0
Random,42,mild,0.5,64.34,82.7,0.772,0.5,15.0,0.67,89.3,174.0,7.76,81.2,725.0,32.47,86.4,526.0,23.44,77.9
Empty,42,mild,0.5,66.0,84.32,0.7831,0.5,16.0,0.73,92.3,192.0,8.8,83.3,724.0,33.18,88.4,508.0,23.28,78.7
PID,42,mild,0.5,66.0,84.24,0.7825,0.5,,,,,,,,,,,,
DDPC_Behavioral,42,mild,0.5,114.89,78.44,0.6698,0.954,,,,,,,,,,,,
DDPC_Subspace,42,mild,0.5,113.82,77.54,0.6638,0.948,,,,,,,,,,,,
DDPC_Neural,42,mild,0.5,111.45,85.13,0.7296,0.883,,,,,,,,,,,,
DDPC_PETS,42,mild,0.5,75.7,84.51,0.7718,0.583,,,,,,,,,,,,
MPC_Linear,42,mild,0.5,19.27,70.54,0.7314,0.107,,,,,,,,,,,,
Validated,42,mild,0.8,32.91,79.62,0.7835,0.224,21.0,0.48,92.3,194.0,4.45,77.5,725.0,16.49,84.2,500.0,11.49,73.3
Obs-Only,42,mild,0.8,38.12,80.7,0.7802,0.268,10.0,0.26,91.2,215.0,5.71,78.3,726.0,18.5,85.0,489.0,13.65,75.2
Random,42,mild,0.8,63.34,81.73,0.7341,0.5,12.0,0.53,91.3,195.0,8.55,79.8,727.0,32.11,85.5,506.0,22.16,76.9
Empty,42,mild,0.8,66.0,84.24,0.7465,0.5,12.0,0.55,93.0,190.0,8.71,82.6,725.0,33.23,88.4,513.0,23.51,78.8
PID,42,mild,0.8,66.0,84.23,0.7464,0.5,,,,,,,,,,,,
DDPC_Behavioral,42,mild,0.8,45.21,73.38,0.7124,0.377,,,,,,,,,,,,
DDPC_Subspace,42,mild,0.8,44.46,73.22,0.7129,0.371,,,,,,,,,,,,
DDPC_Neural,42,mild,0.8,108.86,84.99,0.661,0.869,,,,,,,,,,,,
DDPC_PETS,42,mild,0.8,55.22,82.63,0.7578,0.408,,,,,,,,,,,,
MPC_Linear,42,mild,0.8,25.24,70.92,0.737,0.196,,,,,,,,,,,,
Validated,42,mild,1.0,24.7,77.19,0.7862,0.156,4.0,0.07,92.1,240.0,4.14,73.8,721.0,12.3,82.2,475.0,8.2,71.2
Obs-Only,42,mild,1.0,30.98,79.23,0.7829,0.208,27.0,0.55,91.1,205.0,4.49,76.8,725.0,14.81,83.5,483.0,11.13,73.2
Random,42,mild,1.0,62.67,80.82,0.7092,0.5,25.0,1.09,88.6,185.0,8.02,78.4,725.0,31.71,84.6,505.0,21.85,75.8
Empty,42,mild,1.0,66.0,84.29,0.7229,0.5,7.0,0.32,93.8,195.0,8.94,83.0,726.0,33.28,88.4,512.0,23.47,78.9
PID,42,mild,1.0,66.0,84.27,0.7228,0.5,,,,,,,,,,,,
DDPC_Behavioral,42,mild,1.0,19.46,68.38,0.7429,0.162,,,,,,,,,,,,
DDPC_Subspace,42,mild,1.0,20.51,68.28,0.7394,0.171,,,,,,,,,,,,
DDPC_Neural,42,mild,1.0,108.68,84.87,0.6135,0.868,,,,,,,,,,,,
DDPC_PETS,42,mild,1.0,55.11,82.85,0.7424,0.406,,,,,,,,,,,,
MPC_Linear,42,mild,1.0,25.29,71.11,0.7452,0.197,,,,,,,,,,,,
Validated,42,mild,1.5,6.45,70.47,0.8341,0.004,20.0,0.08,87.6,200.0,0.83,65.2,724.0,3.46,76.0,496.0,2.07,63.8
Obs-Only,42,mild,1.5,12.9,72.86,0.8198,0.058,11.0,0.09,91.2,168.0,1.43,72.7,726.0,5.75,77.3,535.0,5.62,66.5
Random,42,mild,1.5,61.01,77.64,0.6511,0.5,6.0,0.26,87.6,204.0,8.59,75.8,717.0,30.62,81.1,513.0,21.55,73.4
Empty,42,mild,1.5,66.0,84.25,0.6627,0.5,12.0,0.55,93.8,220.0,10.08,82.1,724.0,33.18,88.3,484.0,22.18,78.8
PID,42,mild,1.5,66.0,84.28,0.6628,0.5,,,,,,,,,,,,
DDPC_Behavioral,42,mild,1.5,0.88,61.13,0.8119,0.007,,,,,,,,,,,,
DDPC_Subspace,42,mild,1.5,0.91,61.25,0.8123,0.008,,,,,,,,,,,,
DDPC_Neural,42,mild,1.5,108.68,84.91,0.4961,0.868,,,,,,,,,,,,
DDPC_PETS,42,mild,1.5,55.31,82.64,0.6976,0.409,,,,,,,,,,,,
MPC_Linear,42,mild,1.5,25.03,70.83,0.7619,0.194,,,,,,,,,,,,
Validated,42,mild,2.0,6.04,69.97,0.8779,0.0,6.0,0.02,90.5,206.0,0.86,65.9,719.0,3.04,75.3,509.0,2.12,63.8
Obs-Only,42,mild,2.0,6.31,70.3,0.8774,0.003,5.0,0.02,86.4,183.0,0.76,67.7,726.0,3.34,75.7,526.0,2.18,63.6
Random,42,mild,2.0,60.0,75.01,0.6068,0.5,20.0,0.83,83.1,200.0,8.33,73.4,724.0,30.17,76.8,496.0,20.67,72.7
Empty,42,mild,2.0,66.0,84.28,0.6028,0.5,17.0,0.78,93.0,174.0,7.98,82.8,725.0,33.23,88.3,524.0,24.02,78.9
PID,42,mild,2.0,66.0,84.32,0.603,0.5,,,,,,,,,,,,
DDPC_Behavioral,42,mild,2.0,0.05,60.66,0.8817,0.0,,,,,,,,,,,,
DDPC_Subspace,42,mild,2.0,0.05,60.75,0.882,0.0,,,,,,,,,,,,
DDPC_Neural,42,mild,2.0,108.71,84.81,0.378,0.868,,,,,,,,,,,,
DDPC_PETS,42,mild,2.0,54.61,82.74,0.6586,0.402,,,,,,,,,,,,
MPC_Linear,42,mild,2.0,25.19,71.09,0.7797,0.196,,,,,,,,,,,,
Validated,123,mild,0.5,45.28,81.95,0.7911,0.327,15.0,0.47,93.3,228.0,7.19,79.1,724.0,22.7,86.3,473.0,14.92,76.3
Obs-Only,123,mild,0.5,48.65,82.44,0.7907,0.355,10.0,0.33,93.3,205.0,6.93,81.1,724.0,23.97,86.6,501.0,17.42,76.8
Random,123,mild,0.5,64.34,82.74,0.7723,0.5,9.0,0.4,92.1,212.0,9.45,81.4,725.0,32.47,86.5,494.0,22.01,77.6
Empty,123,mild,0.5,66.0,84.17,0.7819,0.5,19.0,0.87,93.0,189.0,8.66,82.4,725.0,33.23,88.3,507.0,23.24,78.6
PID,123,mild,0.5,66.0,84.28,0.7828,0.5,,,,,,,,,,,,
DDPC_Behavioral,123,mild,0.5,115.51,78.4,0.6687,0.959,,,,,,,,,,,,
DDPC_Subspace,123,mild,0.5,114.13,77.52,0.6633,0.951,,,,,,,,,,,,
DDPC_Neural,123,mild,0.5,111.44,85.1,0.7293,0.882,,,,,,,,,,,,
DDPC_PETS,123,mild,0.5,75.03,84.53,0.7729,0.577,,,,,,,,,,,,
MPC_Linear,123,mild,0.5,18.91,70.65,0.7328,0.103,,,,,,,,,,,,
Validated,123,mild,0.8,32.92,79.65,0.7836,0.224,12.0,0.27,91.2,196.0,4.5,77.8,725.0,16.5,84.3,507.0,11.65,73.5
Obs-Only,123,mild,0.8,38.23,80.82,0.7808,0.269,4.0,0.1,93.4,223.0,5.98,79.1,724.0,18.51,85.1,489.0,13.64,75.2
Random,123,mild,0.8,63.34,81.63,0.7334,0.5,10.0,0.44,91.6,202.0,8.86,79.8,712.0,31.44,85.4,516.0,22.6,77.0
Empty,123,mild,0.8,66.0,84.28,0.7468,0.5,25.0,1.15,92.9,173.0,7.93,82.5,725.0,33.23,88.4,517.0,23.7,78.7
PID,123,mild,0.8,66.0,84.33,0.7472,0.5,,,,,,,,,,,,
DDPC_Behavioral,123,mild,0.8,44.9,73.42,0.7134,0.374,,,,,,,,,,,,
DDPC_Subspace,123,mild,0.8,43.75,73.2,0.7142,0.365,,,,,,,,,,,,
MPC_Linear,123,mild,0.8,25.48,71.33,0.7395,0.199,,,,,,,,,,,,
Validated,123,mild,1.0,24.69,77.28,0.7869,0.156,15.0,0.25,91.2,190.0,3.28,75.2,724.0,12.35,82.2,511.0,8.82,70.7
Obs-Only,123,mild,1.0,30.99,79.11,0.7821,0.208,14.0,0.29,92.6,209.0,4.57,76.7,726.0,14.83,83.4,491.0,11.3,73.4
Random,123,mild,1.0,62.68,80.79,0.709,0.5,21.0,0.92,87.8,189.0,8.19,78.8,724.0,31.67,84.6,506.0,21.9,75.8
Empty,123,mild,1.0,66.0,84.27,0.7228,0.5,13.0,0.6,92.6,162.0,7.42,83.1,725.0,33.23,88.4,540.0,24.75,78.8
PID,123,mild,1.0,66.0,84.3,0.7229,0.5,,,,,,,,,,,,
DDPC_Behavioral,123,mild,1.0,19.85,68.42,0.7421,0.165,,,,,,,,,,,,
DDPC_Subspace,123,mild,1.0,19.53,68.46,0.7432,0.163,,,,,,,,,,,,
MPC_Linear,123,mild,1.0,25.4,71.13,0.745,0.198,,,,,,,,,,,,
Validated,123,mild,1.5,6.42,70.38,0.8338,0.004,6.0,0.02,87.9,198.0,0.82,68.0,726.0,3.45,75.6,510.0,2.12,63.7
Obs-Only,123,mild,1.5,12.76,72.6,0.8191,0.057,12.0,0.09,91.3,225.0,1.8,67.8,724.0,5.74,77.2,479.0,5.13,67.5
Random,123,mild,1.5,61.01,77.72,0.6515,0.5,24.0,1.02,84.8,174.0,7.33,74.9,725.0,30.96,81.3,517.0,21.71,73.4
Empty,123,mild,1.5,66.0,84.26,0.6628,0.5,11.0,0.5,93.2,190.0,8.71,83.5,725.0,33.23,88.3,514.0,23.56,78.7
PID,123,mild,1.5,66.0,84.2,0.6624,0.5,,,,,,,,,,,,
DDPC_Behavioral,123,mild,1.5,1.05,61.1,0.811,0.009,,,,,,,,,,,,
DDPC_Subspace,123,mild,1.5,0.89,61.05,0.8115,0.007,,,,,,,,,,,,
MPC_Linear,123,mild,1.5,25.45,71.27,0.7623,0.198,,,,,,,,,,,,
Validated,123,mild,2.0,6.04,69.94,0.8778,0.0,8.0,0.03,88.6,200.0,0.83,65.0,724.0,3.06,75.3,508.0,2.12,64.0
Obs-Only,123,mild,2.0,6.33,69.79,0.8758,0.003,9.0,0.04,87.4,216.0,0.9,63.6,722.0,3.35,75.6,493.0,2.05,63.6
Random,123,mild,2.0,60.0,74.99,0.6068,0.5,16.0,0.67,82.0,182.0,7.58,73.9,725.0,30.21,76.8,517.0,21.54,72.6
Empty,123,mild,2.0,66.0,84.25,0.6028,0.5,5.0,0.23,94.3,202.0,9.26,82.9,719.0,32.95,88.3,514.0,23.56,79.0
PID,123,mild,2.0,66.0,84.28,0.6028,0.5,,,,,,,,,,,,
DDPC_Behavioral,123,mild,2.0,0.05,60.49,0.8812,0.0,,,,,,,,,,,,
DDPC_Subspace,123,mild,2.0,0.05,60.86,0.8823,0.0,,,,,,,,,,,,
MPC_Linear,123,mild,2.0,25.33,71.19,0.7792,0.198,,,,,,,,,,,,
Validated,456,mild,0.5,45.27,81.98,0.7913,0.327,8.0,0.25,91.4,179.0,5.65,81.5,726.0,22.75,86.3,527.0,16.62,76.0
Obs-Only,456,mild,0.5,48.62,82.46,0.7908,0.355,12.0,0.4,92.7,191.0,6.49,81.1,726.0,24.04,86.6,511.0,17.69,76.8
Random,456,mild,0.5,64.34,82.65,0.7715,0.5,7.0,0.31,90.0,231.0,10.3,80.4,725.0,32.47,86.5,477.0,21.25,77.8
Empty,456,mild,0.5,66.0,84.3,0.783,0.5,15.0,0.69,93.9,213.0,9.76,82.3,723.0,33.14,88.4,489.0,22.41,78.8
PID,456,mild,0.5,66.0,84.33,0.7832,0.5,,,,,,,,,,,,
DDPC_Behavioral,456,mild,0.5,115.05,77.52,0.662,0.959,,,,,,,,,,,,
DDPC_Subspace,456,mild,0.5,114.1,77.58,0.6638,0.951,,,,,,,,,,,,
MPC_Linear,456,mild,0.5,18.7,70.49,0.7317,0.101,,,,,,,,,,,,
Validated,456,mild,0.8,32.93,79.74,0.7843,0.224,13.0,0.29,93.8,214.0,4.91,77.2,725.0,16.51,84.2,488.0,11.21,73.8
Obs-Only,456,mild,0.8,38.06,80.65,0.78,0.267,18.0,0.46,91.0,176.0,4.71,79.7,726.0,18.52,84.9,520.0,14.37,74.6
Random,456,mild,0.8,63.34,81.56,0.7329,0.5,6.0,0.26,91.4,211.0,9.25,79.6,720.0,31.79,85.4,503.0,22.03,76.7
Empty,456,mild,0.8,66.0,84.35,0.7473,0.5,10.0,0.46,93.9,201.0,9.21,83.0,725.0,33.23,88.4,504.0,23.1,78.9
PID,456,mild,0.8,66.0,84.24,0.7465,0.5,,,,,,,,,,,,
DDPC_Behavioral,456,mild,0.8,45.06,73.42,0.713,0.375,,,,,,,,,,,,
DDPC_Subspace,456,mild,0.8,43.78,73.24,0.7144,0.365,,,,,,,,,,,,
MPC_Linear,456,mild,0.8,25.36,71.38,0.7401,0.198,,,,,,,,,,,,
Validated,456,mild,1.0,24.7,77.33,0.7871,0.156,22.0,0.37,91.4,201.0,3.47,74.2,726.0,12.39,82.2,491.0,8.47,70.7
Obs-Only,456,mild,1.0,30.98,79.13,0.7822,0.208,12.0,0.25,90.6,175.0,3.8,78.6,726.0,14.85,83.5,527.0,12.08,73.0
Random,456,mild,1.0,62.68,80.83,0.7092,0.5,14.0,0.61,89.4,189.0,8.2,79.0,725.0,31.71,84.6,512.0,22.16,75.9
Empty,456,mild,1.0,66.0,84.29,0.7229,0.5,11.0,0.5,93.8,202.0,9.26,82.6,723.0,33.14,88.4,504.0,23.1,78.9
PID,456,mild,1.0,66.0,84.29,0.7229,0.5,,,,,,,,,,,,
DDPC_Behavioral,456,mild,1.0,19.13,68.47,0.7443,0.159,,,,,,,,,,,,
DDPC_Subspace,456,mild,1.0,19.83,68.34,0.7417,0.165,,,,,,,,,,,,
MPC_Linear,456,mild,1.0,25.3,71.24,0.746,0.197,,,,,,,,,,,,
Validated,456,mild,1.5,6.44,70.56,0.8345,0.004,6.0,0.02,89.5,228.0,0.95,66.2,725.0,3.46,76.0,481.0,2.0,64.1
Obs-Only,456,mild,1.5,12.78,72.72,0.8196,0.057,24.0,0.17,89.9,191.0,1.51,68.1,725.0,5.71,77.3,500.0,5.38,67.0
Random,456,mild,1.5,61.0,77.57,0.6509,0.5,22.0,0.94,85.4,184.0,7.75,75.1,724.0,30.89,81.0,510.0,21.42,73.2
Empty,456,mild,1.5,66.0,84.24,0.6626,0.5,12.0,0.55,93.2,182.0,8.34,83.3,726.0,33.28,88.4,520.0,23.83,78.6
PID,456,mild,1.5,66.0,84.28,0.6628,0.5,,,,,,,,,,,,
DDPC_Behavioral,456,mild,1.5,0.81,60.86,0.8109,0.007,,,,,,,,,,,,
DDPC_Subspace,456,mild,1.5,1.02,61.1,0.8112,0.008,,,,,,,,,,,,
MPC_Linear,456,mild,1.5,25.35,71.19,0.7623,0.197,,,,,,,,,,,,
Validated,456,mild,2.0,6.04,70.15,0.8784,0.0,24.0,0.1,86.2,176.0,0.73,65.1,725.0,3.06,75.3,515.0,2.15,63.9
Obs-Only,456,mild,2.0,6.3,70.17,0.8771,0.003,29.0,0.12,86.9,210.0,0.87,62.9,726.0,3.33,75.7,475.0,1.97,63.8
Random,456,mild,2.0,60.0,74.94,0.6066,0.5,20.0,0.83,80.9,189.0,7.88,73.6,726.0,30.25,76.8,505.0,21.04,72.6
Empty,456,mild,2.0,66.0,84.3,0.6029,0.5,19.0,0.87,91.9,187.0,8.57,83.0,725.0,33.23,88.3,509.0,23.33,78.7
PID,456,mild,2.0,66.0,84.27,0.6028,0.5,,,,,,,,,,,,
DDPC_Behavioral,456,mild,2.0,0.05,60.94,0.8826,0.0,,,,,,,,,,,,
DDPC_Subspace,456,mild,2.0,0.05,61.11,0.8831,0.0,,,,,,,,,,,,
MPC_Linear,456,mild,2.0,25.32,71.21,0.7793,0.197,,,,,,,,,,,,
Validated,789,mild,0.5,45.29,82.07,0.792,0.327,24.0,0.75,92.6,199.0,6.28,79.6,725.0,22.75,86.3,492.0,15.52,76.2
Obs-Only,789,mild,0.5,48.69,82.43,0.7905,0.356,9.0,0.3,92.7,208.0,7.04,80.5,725.0,24.01,86.6,498.0,17.34,77.0
Random,789,mild,0.5,64.34,82.81,0.7729,0.5,20.0,0.9,91.2,189.0,8.43,80.9,725.0,32.47,86.5,506.0,22.54,77.8
Empty,789,mild,0.5,66.0,84.32,0.7832,0.5,12.0,0.55,93.1,204.0,9.35,83.0,725.0,33.23,88.3,499.0,22.87,78.8
PID,789,mild,0.5,66.0,84.26,0.7826,0.5,,,,,,,,,,,,
DDPC_Behavioral,789,mild,0.5,114.68,77.56,0.6629,0.956,,,,,,,,,,,,
DDPC_Subspace,789,mild,0.5,114.38,77.53,0.663,0.953,,,,,,,,,,,,
MPC_Linear,789,mild,0.5,19.69,70.79,0.7329,0.111,,,,,,,,,,,,
Validated,789,mild,0.8,32.92,79.64,0.7836,0.224,19.0,0.43,92.2,195.0,4.48,77.6,724.0,16.48,84.2,502.0,11.53,73.4
Obs-Only,789,mild,0.8,38.26,80.69,0.7798,0.269,16.0,0.41,91.5,175.0,4.69,79.2,724.0,18.49,85.0,525.0,14.67,74.9
Random,789,mild,0.8,63.34,81.67,0.7336,0.5,17.0,0.75,89.6,199.0,8.73,79.8,725.0,32.02,85.4,499.0,21.85,76.7
Empty,789,mild,0.8,66.0,84.29,0.7469,0.5,22.0,1.01,92.5,188.0,8.62,82.4,725.0,33.23,88.4,505.0,23.15,78.8
PID,789,mild,0.8,66.0,84.23,0.7465,0.5,,,,,,,,,,,,
DDPC_Behavioral,789,mild,0.8,45.59,73.4,0.7118,0.38,,,,,,,,,,,,
DDPC_Subspace,789,mild,0.8,42.94,73.29,0.7166,0.358,,,,,,,,,,,,
MPC_Linear,789,mild,0.8,26.04,71.31,0.7382,0.204,,,,,,,,,,,,
Validated,789,mild,1.0,24.69,77.25,0.7866,0.156,11.0,0.19,91.2,199.0,3.43,76.5,724.0,12.34,82.2,506.0,8.73,70.1
Obs-Only,789,mild,1.0,31.17,79.16,0.7819,0.21,17.0,0.35,92.4,198.0,4.32,76.6,724.0,14.83,83.4,501.0,11.67,73.5
Random,789,mild,1.0,62.68,80.79,0.7089,0.5,16.0,0.7,90.5,202.0,8.76,78.4,724.0,31.67,84.6,498.0,21.55,76.0
Empty,789,mild,1.0,66.0,84.31,0.723,0.5,15.0,0.69,94.2,207.0,9.49,82.6,715.0,32.77,88.3,503.0,23.05,79.0
PID,789,mild,1.0,66.0,84.32,0.7231,0.5,,,,,,,,,,,,
DDPC_Behavioral,789,mild,1.0,19.77,68.43,0.7424,0.165,,,,,,,,,,,,
DDPC_Subspace,789,mild,1.0,19.52,68.35,0.7425,0.163,,,,,,,,,,,,
MPC_Linear,789,mild,1.0,26.26,71.4,0.7445,0.205,,,,,,,,,,,,
Validated,789,mild,1.5,6.45,70.16,0.8326,0.004,17.0,0.07,86.1,205.0,0.85,64.4,724.0,3.46,75.7,494.0,2.06,63.9
Obs-Only,789,mild,1.5,12.69,72.51,0.8189,0.056,23.0,0.17,88.5,192.0,1.52,67.2,725.0,5.75,77.3,500.0,5.26,66.9
Random,789,mild,1.5,61.01,77.68,0.6513,0.5,10.0,0.43,86.2,210.0,8.84,75.0,725.0,30.95,81.1,495.0,20.79,73.6
Empty,789,mild,1.5,66.0,84.22,0.6625,0.5,16.0,0.73,93.1,193.0,8.85,82.0,726.0,33.28,88.4,505.0,23.15,78.8
PID,789,mild,1.5,66.0,84.3,0.6629,0.5,,,,,,,,,,,,
DDPC_Behavioral,789,mild,1.5,1.05,61.14,0.8113,0.009,,,,,,,,,,,,
DDPC_Subspace,789,mild,1.5,1.0,61.15,0.8115,0.008,,,,,,,,,,,,
MPC_Linear,789,mild,1.5,26.18,71.55,0.7608,0.204,,,,,,,,,,,,
Validated,789,mild,2.0,6.04,70.04,0.8781,0.0,15.0,0.06,87.4,197.0,0.82,65.1,725.0,3.06,75.5,503.0,2.1,63.6
Obs-Only,789,mild,2.0,6.32,70.19,0.877,0.003,12.0,0.05,90.3,202.0,0.84,65.9,726.0,3.35,75.7,500.0,2.08,63.4
Random,789,mild,2.0,60.0,74.92,0.6066,0.5,11.0,0.46,82.9,209.0,8.71,73.6,723.0,30.13,76.9,497.0,20.71,72.5
Empty,789,mild,2.0,66.0,84.28,0.6028,0.5,18.0,0.82,92.0,198.0,9.07,81.9,727.0,33.32,88.4,497.0,22.78,78.9
PID,789,mild,2.0,66.0,84.27,0.6028,0.5,,,,,,,,,,,,
DDPC_Behavioral,789,mild,2.0,0.05,60.79,0.8821,0.0,,,,,,,,,,,,
DDPC_Subspace,789,mild,2.0,0.05,60.77,0.8821,0.0,,,,,,,,,,,,
MPC_Linear,789,mild,2.0,25.99,71.41,0.7764,0.203,,,,,,,,,,,,
Validated,999,mild,0.5,45.28,82.01,0.7916,0.327,12.0,0.38,94.1,193.0,6.09,80.5,726.0,22.76,86.3,509.0,16.06,76.1
Obs-Only,999,mild,0.5,48.63,82.47,0.7909,0.355,33.0,1.09,92.5,171.0,5.78,79.9,724.0,23.98,86.6,512.0,17.79,76.8
Random,999,mild,0.5,64.34,82.87,0.7734,0.5,20.0,0.9,91.6,178.0,7.94,81.1,726.0,32.52,86.6,516.0,22.99,77.9
Empty,999,mild,0.5,66.0,84.24,0.7824,0.5,17.0,0.78,91.5,195.0,8.94,82.6,724.0,33.18,88.4,504.0,23.1,78.7
PID,999,mild,0.5,66.0,84.32,0.7831,0.5,,,,,,,,,,,,
DDPC_Behavioral,999,mild,0.5,115.68,77.54,0.6613,0.964,,,,,,,,,,,,
DDPC_Subspace,999,mild,0.5,114.23,77.6,0.6638,0.952,,,,,,,,,,,,
MPC_Linear,999,mild,0.5,18.76,70.48,0.7316,0.102,,,,,,,,,,,,
Validated,999,mild,0.8,32.91,79.71,0.7841,0.224,19.0,0.43,91.1,196.0,4.5,77.9,725.0,16.5,84.3,500.0,11.49,73.4
Obs-Only,999,mild,0.8,38.13,80.71,0.7802,0.268,9.0,0.24,90.9,200.0,5.27,78.5,726.0,18.53,85.0,505.0,14.09,75.3
Random,999,mild,0.8,63.34,81.59,0.7331,0.5,12.0,0.53,91.2,182.0,7.98,80.2,719.0,31.75,85.4,527.0,23.08,76.7
Empty,999,mild,0.8,66.0,84.41,0.7478,0.5,12.0,0.55,91.8,204.0,9.35,82.6,727.0,33.32,88.5,497.0,22.78,79.0
PID,999,mild,0.8,66.0,84.32,0.7471,0.5,,,,,,,,,,,,
DDPC_Behavioral,999,mild,0.8,46.56,73.39,0.7096,0.388,,,,,,,,,,,,
DDPC_Subspace,999,mild,0.8,43.58,73.22,0.7147,0.363,,,,,,,,,,,,
MPC_Linear,999,mild,0.8,24.66,70.94,0.7384,0.191,,,,,,,,,,,,
Validated,999,mild,1.0,24.69,77.26,0.7867,0.156,17.0,0.29,92.4,185.0,3.19,75.6,724.0,12.35,82.2,514.0,8.87,70.4
Obs-Only,999,mild,1.0,30.97,79.11,0.7821,0.208,12.0,0.24,93.1,195.0,4.2,77.3,725.0,14.87,83.5,508.0,11.66,73.3
Random,999,mild,1.0,62.68,80.86,0.7094,0.5,7.0,0.31,90.5,210.0,9.11,78.8,722.0,31.58,84.6,501.0,21.68,76.2
Empty,999,mild,1.0,66.0,84.29,0.7229,0.5,18.0,0.82,92.6,172.0,7.88,82.9,724.0,33.18,88.4,526.0,24.11,78.8
PID,999,mild,1.0,66.0,84.28,0.7228,0.5,,,,,,,,,,,,
DDPC_Behavioral,999,mild,1.0,20.05,68.43,0.7416,0.167,,,,,,,,,,,,
DDPC_Subspace,999,mild,1.0,19.73,68.44,0.7425,0.164,,,,,,,,,,,,
MPC_Linear,999,mild,1.0,24.81,70.96,0.7455,0.193,,,,,,,,,,,,
Validated,999,mild,1.5,6.41,70.36,0.8337,0.003,16.0,0.07,86.2,190.0,0.79,65.1,725.0,3.43,75.9,509.0,2.12,63.9
Obs-Only,999,mild,1.5,13.03,72.71,0.8185,0.059,23.0,0.17,89.2,204.0,1.75,67.8,726.0,5.81,77.2,487.0,5.3,67.2
Random,999,mild,1.5,61.01,77.69,0.6514,0.5,23.0,0.98,84.0,196.0,8.25,75.2,726.0,30.99,81.1,495.0,20.79,73.4
Empty,999,mild,1.5,66.0,84.31,0.663,0.5,17.0,0.78,92.2,188.0,8.62,82.4,724.0,33.18,88.4,511.0,23.42,78.9
PID,999,mild,1.5,66.0,84.31,0.663,0.5,,,,,,,,,,,,
DDPC_Behavioral,999,mild,1.5,1.07,60.87,0.8099,0.009,,,,,,,,,,,,
DDPC_Subspace,999,mild,1.5,0.98,61.05,0.8111,0.008,,,,,,,,,,,,
MPC_Linear,999,mild,1.5,24.88,71.08,0.7637,0.194,,,,,,,,,,,,
Validated,999,mild,2.0,6.04,70.21,0.8786,0.0,15.0,0.06,87.2,199.0,0.83,66.4,726.0,3.07,75.5,500.0,2.08,63.6
Obs-Only,999,mild,2.0,6.31,70.21,0.8772,0.003,23.0,0.1,86.2,202.0,0.84,64.7,725.0,3.34,75.5,490.0,2.03,63.8
Random,999,mild,2.0,60.0,74.99,0.6068,0.5,11.0,0.46,82.6,185.0,7.71,73.7,718.0,29.92,76.8,526.0,21.92,72.8
Empty,999,mild,2.0,66.0,84.37,0.6031,0.5,15.0,0.69,93.2,236.0,10.82,82.0,725.0,33.23,88.4,464.0,21.27,79.0
PID,999,mild,2.0,66.0,84.26,0.6028,0.5,,,,,,,,,,,,
DDPC_Behavioral,999,mild,2.0,0.05,60.97,0.8827,0.0,,,,,,,,,,,,
DDPC_Subspace,999,mild,2.0,0.05,60.87,0.8824,0.0,,,,,,,,,,,,
MPC_Linear,999,mild,2.0,24.58,70.94,0.7825,0.191,,,,,,,,,,,,
